age,gender,location,province,education_level,employment_sector,income_quintile,has_national_id,has_proof_of_address,has_tin,has_employment_proof,kyc_doc_score,kyc_barrier_level,distance_to_branch_km,has_mobile_phone,has_internet,financially_excluded,kyc_gap_score,demographic_score,institutional_score,feri_score,feri_band
18,Male,Rural,Matabeleland South,Secondary,Informal,2,1,0,0,1,2,Medium,3.6,1,0,0,50,48.0,40.0,47.3,High Risk
53,Female,Urban,Bulawayo,Secondary,Informal,4,1,1,0,1,3,Low,0.3,1,1,0,20,22.0,0.0,16.7,Low Risk
54,Female,Rural,Masvingo,Secondary,Unemployed,1,1,1,0,0,2,Medium,20.0,1,0,1,30,65.0,55.0,47.25,High Risk
31,Male,Rural,Masvingo,Primary,Informal,4,1,0,1,1,3,Low,4.8,1,1,1,30,38.0,20.0,30.8,Moderate Risk
45,Male,Urban,Harare,None,Informal,4,1,1,1,1,4,Low,2.4,0,1,1,0,24.0,30.0,14.4,Low Risk
34,Male,Rural,Mashonaland Central,None,Informal,1,0,0,0,0,0,High,19.3,0,0,1,100,59.0,85.0,82.65,Critical Risk
41,Female,Rural,Matabeleland South,Secondary,Unemployed,3,1,0,0,0,1,High,10.5,0,1,0,60,50.0,65.0,57.5,High Risk
21,Female,Rural,Mashonaland West,Secondary,Unemployed,1,1,1,0,0,2,Medium,2.7,0,0,0,30,73.0,50.0,49.05,High Risk
46,Female,Urban,Bulawayo,Secondary,Formal,4,1,1,1,1,4,Low,1.1,1,1,0,0,10.0,0.0,3.5,Low Risk
18,Male,Urban,Matabeleland South,None,Informal,3,1,1,1,1,4,Low,3.3,1,1,0,0,32.0,20.0,15.2,Low Risk
18,Male,Urban,Harare,Secondary,Informal,3,0,1,0,0,1,High,3.7,1,1,0,70,20.0,0.0,38.5,Moderate Risk
36,Female,Rural,Mashonaland West,Secondary,Informal,3,1,1,0,0,2,Medium,3.3,1,1,0,30,42.0,0.0,28.2,Moderate Risk
35,Male,Rural,Mashonaland East,None,Informal,2,1,1,0,0,2,Medium,8.9,1,0,0,30,52.0,25.0,36.7,Moderate Risk
41,Female,Rural,Manicaland,Secondary,Informal,2,1,1,0,1,3,Low,5.8,1,1,1,20,50.0,5.0,27.5,Moderate Risk
28,Male,Urban,Matabeleland South,Secondary,Formal,5,1,1,1,1,4,Low,1.2,1,1,0,0,0.0,20.0,4.0,Low Risk
64,Male,Urban,Midlands,Secondary,Informal,4,1,1,0,1,3,Low,1.3,1,1,0,20,12.0,0.0,13.2,Low Risk
40,Female,Rural,Mashonaland East,None,Unemployed,1,0,0,1,0,1,High,25.4,1,0,1,80,77.0,50.0,72.95,Critical Risk
41,Male,Urban,Matabeleland South,Tertiary,Formal,5,1,1,1,1,4,Low,0.7,1,1,1,0,0.0,20.0,4.0,Low Risk
40,Female,Rural,Manicaland,Secondary,Informal,1,1,0,0,1,2,Medium,3.1,1,0,1,50,57.0,20.0,46.45,High Risk
52,Male,Rural,Midlands,Primary,Informal,2,0,0,0,0,0,High,8.8,1,1,1,100,46.0,5.0,62.1,High Risk
46,Female,Rural,Matabeleland South,Secondary,Informal,2,1,1,0,0,2,Medium,7.7,1,0,0,30,50.0,45.0,40.0,Moderate Risk
44,Female,Urban,Harare,Tertiary,Formal,5,1,1,0,1,3,Low,4.0,1,1,0,20,10.0,0.0,12.5,Low Risk
48,Female,Rural,Masvingo,Secondary,Informal,2,1,0,1,1,3,Low,38.5,1,0,0,30,50.0,70.0,45.0,Moderate Risk
18,Female,Rural,Matabeleland South,Secondary,Informal,2,0,1,0,1,2,Medium,3.3,0,1,1,60,58.0,50.0,57.3,High Risk
18,Female,Rural,Mashonaland East,Primary,Informal,2,1,1,1,0,3,Low,32.2,0,1,1,10,64.0,60.0,38.9,Moderate Risk
36,Female,Urban,Harare,Tertiary,Formal,5,1,0,1,1,3,Low,0.3,1,1,0,30,10.0,0.0,17.0,Low Risk
35,Male,Urban,Bulawayo,Secondary,Formal,4,1,1,1,1,4,Low,1.8,1,1,0,0,0.0,0.0,0.0,Low Risk
46,Male,Urban,Harare,Tertiary,Informal,4,1,1,0,0,2,Medium,5.5,1,1,0,30,12.0,5.0,18.7,Low Risk
38,Female,Urban,Harare,Secondary,Unemployed,4,1,1,1,0,3,Low,2.5,1,1,0,10,30.0,0.0,15.0,Low Risk
46,Male,Rural,Mashonaland Central,None,Unemployed,1,1,0,0,0,1,High,6.7,1,0,1,60,67.0,45.0,59.45,High Risk
20,Male,Rural,Matabeleland South,Secondary,Unemployed,2,0,0,0,0,0,High,2.6,0,1,1,100,56.0,50.0,74.6,Critical Risk
37,Female,Rural,Mashonaland East,Secondary,Formal,4,1,1,0,1,3,Low,10.5,1,1,0,20,30.0,15.0,22.5,Low Risk
19,Male,Urban,Bulawayo,Secondary,Unemployed,3,1,1,0,0,2,Medium,1.1,1,1,0,30,28.0,0.0,23.3,Low Risk
43,Female,Urban,Harare,Tertiary,Informal,5,1,1,0,1,3,Low,0.1,1,1,0,20,22.0,0.0,16.7,Low Risk
18,Female,Urban,Harare,Primary,Informal,3,1,1,0,0,2,Medium,1.2,1,1,1,30,36.0,0.0,26.1,Moderate Risk
42,Male,Urban,Bulawayo,Secondary,Informal,2,1,1,0,1,3,Low,5.3,1,1,1,20,20.0,5.0,17.0,Low Risk
18,Female,Urban,Harare,Secondary,Formal,5,1,1,1,1,4,Low,0.4,1,1,0,0,18.0,0.0,6.3,Low Risk
32,Male,Urban,Bulawayo,Secondary,Formal,4,1,1,1,1,4,Low,8.2,1,1,0,0,0.0,5.0,1.0,Low Risk
50,Female,Urban,Harare,Secondary,Formal,3,1,0,1,1,3,Low,0.3,1,1,0,30,10.0,0.0,17.0,Low Risk
41,Female,Rural,Matabeleland North,Tertiary,Informal,2,1,0,0,0,1,High,10.4,1,1,1,60,50.0,35.0,51.5,High Risk
18,Male,Urban,Harare,Secondary,Informal,4,1,1,0,0,2,Medium,1.3,1,1,0,30,20.0,0.0,20.5,Low Risk
28,Male,Rural,Midlands,Secondary,Unemployed,2,1,1,1,0,3,Low,34.6,1,0,1,10,48.0,50.0,31.3,Moderate Risk
18,Male,Rural,Manicaland,Secondary,Formal,3,1,1,1,1,4,Low,23.3,1,0,0,0,28.0,50.0,19.8,Low Risk
18,Male,Urban,Masvingo,Tertiary,Informal,4,1,1,0,0,2,Medium,1.3,0,1,0,30,20.0,50.0,30.5,Moderate Risk
39,Male,Rural,Mashonaland Central,Secondary,Informal,3,1,1,0,0,2,Medium,44.5,1,0,0,30,32.0,70.0,38.7,Moderate Risk
45,Female,Rural,Manicaland,Secondary,Formal,3,0,1,0,0,1,High,2.1,1,1,1,70,30.0,0.0,42.0,Moderate Risk
44,Male,Urban,Bulawayo,Secondary,Formal,5,1,1,0,1,3,Low,4.5,1,1,0,20,0.0,0.0,9.0,Low Risk
46,Female,Urban,Harare,Tertiary,Informal,5,1,1,0,1,3,Low,4.4,1,1,1,20,22.0,0.0,16.7,Low Risk
37,Male,Rural,Mashonaland West,Primary,Informal,1,1,1,0,1,3,Low,26.2,0,0,1,20,53.0,80.0,43.55,Moderate Risk
34,Female,Urban,Mashonaland East,Tertiary,Formal,5,1,1,1,1,4,Low,0.5,1,1,0,0,10.0,0.0,3.5,Low Risk
22,Male,Urban,Mashonaland East,Tertiary,Formal,5,1,1,1,1,4,Low,4.5,1,0,0,0,8.0,20.0,6.8,Low Risk
31,Male,Urban,Bulawayo,Tertiary,Formal,5,1,1,1,1,4,Low,12.7,0,0,0,0,0.0,65.0,13.0,Low Risk
19,Female,Rural,Midlands,None,Unemployed,2,0,1,0,0,1,High,10.3,0,0,1,70,78.0,65.0,71.8,Critical Risk
26,Male,Rural,Mashonaland West,Secondary,Unemployed,2,1,0,0,0,1,High,11.8,0,0,1,60,48.0,65.0,56.8,High Risk
39,Female,Rural,Manicaland,None,Informal,3,0,1,0,1,2,Medium,1.4,0,0,1,60,54.0,50.0,55.9,High Risk
36,Male,Rural,Matabeleland South,Secondary,Informal,3,1,0,0,0,1,High,14.7,1,0,1,60,32.0,55.0,49.2,High Risk
80,Female,Urban,Harare,Secondary,Unemployed,4,1,1,1,0,3,Low,4.1,1,1,0,10,38.0,0.0,17.8,Low Risk
19,Female,Rural,Mashonaland Central,Secondary,Informal,2,1,1,0,0,2,Medium,9.8,1,1,0,30,58.0,25.0,38.8,Moderate Risk
36,Female,Urban,Harare,Secondary,Formal,4,1,1,1,0,3,Low,8.7,1,1,0,10,10.0,5.0,9.0,Low Risk
18,Male,Urban,Harare,Secondary,Formal,5,1,1,1,1,4,Low,0.7,0,1,0,0,8.0,30.0,8.8,Low Risk
32,Male,Rural,Mashonaland East,Secondary,Informal,3,0,1,0,1,2,Medium,2.9,0,0,1,60,32.0,50.0,48.2,High Risk
33,Male,Urban,Harare,Secondary,Informal,4,1,1,0,1,3,Low,2.2,1,1,0,20,12.0,0.0,13.2,Low Risk
49,Male,Rural,Masvingo,Secondary,Unemployed,1,1,0,0,0,1,High,64.7,1,1,0,60,55.0,50.0,56.25,High Risk
31,Male,Rural,Matabeleland South,Secondary,Informal,4,1,1,0,1,3,Low,43.4,0,0,1,20,32.0,100.0,40.2,Moderate Risk
35,Female,Rural,Midlands,Secondary,Informal,2,1,1,0,1,3,Low,10.1,0,0,0,20,50.0,65.0,39.5,Moderate Risk
31,Female,Rural,Manicaland,None,Unemployed,1,0,0,1,0,1,High,16.1,1,0,1,80,77.0,35.0,69.95,Critical Risk
18,Female,Rural,Mashonaland Central,Secondary,Informal,2,1,1,0,0,2,Medium,11.5,1,0,0,30,58.0,55.0,44.8,Moderate Risk
28,Male,Urban,Bulawayo,Tertiary,Formal,4,1,1,1,0,3,Low,0.5,1,1,0,10,0.0,0.0,4.5,Low Risk
32,Male,Urban,Harare,Secondary,Formal,5,1,1,1,1,4,Low,4.2,1,1,0,0,0.0,0.0,0.0,Low Risk
39,Female,Urban,Harare,Primary,Unemployed,5,1,1,0,0,2,Medium,5.8,1,0,0,30,36.0,25.0,31.1,Moderate Risk
45,Male,Urban,Bulawayo,Tertiary,Informal,3,1,1,0,0,2,Medium,3.3,1,0,0,30,12.0,20.0,21.7,Low Risk
34,Male,Urban,Mashonaland East,Tertiary,Informal,4,1,1,0,0,2,Medium,2.0,0,1,1,30,12.0,30.0,23.7,Low Risk
34,Male,Rural,Mashonaland Central,Secondary,Informal,1,1,0,0,1,2,Medium,11.7,0,0,1,50,47.0,85.0,55.95,High Risk
18,Female,Urban,Bulawayo,Tertiary,Formal,5,0,1,1,1,3,Low,3.9,1,1,1,40,18.0,0.0,24.3,Low Risk
45,Female,Urban,Bulawayo,Tertiary,Formal,4,0,1,1,1,3,Low,1.5,1,1,1,40,10.0,0.0,21.5,Low Risk
28,Male,Urban,Mashonaland West,Secondary,Informal,4,1,1,0,0,2,Medium,0.1,1,1,0,30,12.0,0.0,17.7,Low Risk
48,Male,Urban,Harare,Secondary,Unemployed,2,1,1,0,0,2,Medium,0.1,1,1,1,30,28.0,0.0,23.3,Low Risk
56,Male,Rural,Matabeleland South,Secondary,Informal,3,1,0,0,0,1,High,4.0,0,0,0,60,32.0,70.0,52.2,High Risk
35,Male,Rural,Matabeleland South,Tertiary,Formal,4,1,1,1,1,4,Low,4.5,1,1,1,0,20.0,20.0,11.0,Low Risk
23,Female,Rural,Mashonaland Central,Secondary,Unemployed,2,1,1,0,0,2,Medium,21.7,0,1,1,30,66.0,80.0,52.6,High Risk
37,Male,Rural,Masvingo,None,Informal,1,1,1,0,0,2,Medium,38.9,1,1,0,30,59.0,50.0,44.15,Moderate Risk
42,Female,Urban,Bulawayo,Tertiary,Formal,4,1,1,1,1,4,Low,1.4,1,1,0,0,10.0,0.0,3.5,Low Risk
33,Male,Rural,Mashonaland East,Secondary,Informal,2,0,1,1,1,3,Low,1.5,0,0,0,40,40.0,50.0,42.0,Moderate Risk
30,Male,Urban,Bulawayo,Secondary,Formal,5,1,1,1,1,4,Low,9.9,0,1,0,0,0.0,35.0,7.0,Low Risk
45,Female,Urban,Harare,Tertiary,Informal,5,0,1,0,1,2,Medium,0.5,1,1,0,60,22.0,0.0,34.7,Moderate Risk
44,Male,Urban,Mashonaland Central,Tertiary,Informal,3,1,1,0,0,2,Medium,8.8,0,1,0,30,12.0,55.0,28.7,Moderate Risk
33,Female,Rural,Harare,Secondary,Informal,1,1,1,0,0,2,Medium,23.6,1,0,1,30,57.0,50.0,43.45,Moderate Risk
18,Male,Urban,Bulawayo,Tertiary,Formal,5,0,1,1,1,3,Low,0.5,1,1,0,40,8.0,0.0,20.8,Low Risk
44,Female,Urban,Harare,Primary,Informal,4,1,1,0,1,3,Low,2.9,1,1,0,20,28.0,0.0,18.8,Low Risk
27,Male,Urban,Bulawayo,Tertiary,Informal,3,1,1,1,1,4,Low,3.5,0,1,0,0,12.0,30.0,10.2,Low Risk
41,Male,Urban,Bulawayo,Secondary,Formal,4,1,1,1,1,4,Low,1.7,0,1,0,0,0.0,30.0,6.0,Low Risk
40,Female,Rural,Mashonaland West,Secondary,Informal,2,0,1,0,0,1,High,28.0,1,0,1,70,50.0,50.0,59.0,High Risk
18,Male,Urban,Bulawayo,Tertiary,Unemployed,2,1,1,0,0,2,Medium,5.4,0,1,0,30,36.0,35.0,33.1,Moderate Risk
39,Male,Urban,Harare,Tertiary,Unemployed,4,0,1,0,0,1,High,3.0,1,0,1,70,20.0,20.0,42.5,Moderate Risk
45,Female,Urban,Harare,Tertiary,Formal,5,1,1,1,1,4,Low,14.6,0,1,0,0,10.0,45.0,12.5,Low Risk
46,Female,Rural,Matabeleland South,Secondary,Informal,3,1,1,0,1,3,Low,6.1,0,0,1,20,42.0,75.0,38.7,Moderate Risk
39,Female,Urban,Harare,Secondary,Unemployed,3,1,1,0,0,2,Medium,0.9,0,1,0,30,30.0,30.0,30.0,Moderate Risk
18,Female,Urban,Mashonaland Central,Secondary,Formal,5,1,1,1,1,4,Low,1.8,1,1,0,0,18.0,20.0,10.3,Low Risk
55,Female,Urban,Bulawayo,Primary,Unemployed,1,1,1,0,0,2,Medium,3.1,1,1,1,30,51.0,0.0,31.35,Moderate Risk
43,Female,Rural,Midlands,Secondary,Informal,1,1,0,0,1,2,Medium,35.8,1,0,1,50,57.0,50.0,52.45,High Risk
21,Female,Rural,Mashonaland Central,Secondary,Informal,3,1,1,1,0,3,Low,1.7,1,1,0,10,50.0,20.0,26.0,Moderate Risk
26,Male,Rural,Mashonaland West,Secondary,Informal,1,1,0,1,0,2,Medium,19.0,1,1,0,40,47.0,15.0,37.45,Moderate Risk
41,Male,Urban,Harare,Secondary,Formal,4,1,1,1,1,4,Low,2.4,1,1,0,0,0.0,0.0,0.0,Low Risk
47,Female,Rural,Midlands,Secondary,Unemployed,1,1,1,0,0,2,Medium,15.0,1,1,0,30,65.0,15.0,39.25,Moderate Risk
31,Female,Rural,Matabeleland North,Secondary,Informal,2,1,1,0,0,2,Medium,5.3,0,0,1,30,50.0,75.0,46.0,High Risk
49,Male,Rural,Masvingo,Tertiary,Formal,4,0,1,1,0,2,Medium,62.8,1,1,1,50,20.0,50.0,39.5,Moderate Risk
18,Male,Urban,Manicaland,Tertiary,Informal,4,1,1,0,0,2,Medium,1.3,1,1,0,30,20.0,0.0,20.5,Low Risk
23,Male,Urban,Harare,Secondary,Unemployed,3,1,1,0,0,2,Medium,0.2,1,1,0,30,28.0,0.0,23.3,Low Risk
18,Female,Urban,Bulawayo,Tertiary,Unemployed,4,1,1,0,0,2,Medium,0.1,1,1,0,30,38.0,0.0,26.8,Moderate Risk
25,Female,Rural,Matabeleland South,Primary,Informal,3,1,1,0,1,3,Low,6.2,1,1,0,20,48.0,25.0,30.8,Moderate Risk
59,Male,Urban,Harare,Primary,Formal,5,1,0,1,1,3,Low,2.0,1,1,1,30,6.0,0.0,15.6,Low Risk
66,Female,Urban,Matabeleland South,Secondary,Formal,5,1,1,1,1,4,Low,0.4,1,1,0,0,18.0,20.0,10.3,Low Risk
41,Female,Urban,Masvingo,Tertiary,Formal,5,1,1,1,0,3,Low,5.1,1,1,0,10,10.0,25.0,13.0,Low Risk
29,Female,Rural,Midlands,None,Unemployed,1,1,0,0,0,1,High,2.5,1,0,0,60,77.0,20.0,57.95,High Risk
34,Male,Urban,Mashonaland East,Secondary,Informal,3,1,1,0,1,3,Low,2.1,1,1,0,20,12.0,0.0,13.2,Low Risk
44,Female,Rural,Mashonaland East,Secondary,Unemployed,1,1,0,0,0,1,High,29.4,1,0,1,60,65.0,50.0,59.75,High Risk
18,Female,Rural,Masvingo,None,Formal,3,0,1,1,1,3,Low,17.4,1,1,0,40,50.0,35.0,42.5,Moderate Risk
29,Female,Rural,Manicaland,Secondary,Unemployed,1,1,1,0,0,2,Medium,1.8,0,0,0,30,65.0,50.0,46.25,High Risk
58,Male,Urban,Mashonaland Central,Secondary,Unemployed,2,1,1,0,0,2,Medium,1.1,0,1,0,30,28.0,50.0,33.3,Moderate Risk
23,Female,Rural,Mashonaland Central,Tertiary,Informal,1,1,1,1,0,3,Low,18.6,1,1,0,10,65.0,35.0,34.25,Moderate Risk
27,Female,Rural,Midlands,Primary,Unemployed,1,1,1,0,0,2,Medium,3.9,0,0,0,30,71.0,50.0,48.35,High Risk
38,Male,Rural,Mashonaland Central,Primary,Informal,1,1,1,0,0,2,Medium,69.0,1,1,1,30,53.0,50.0,42.05,Moderate Risk
41,Male,Urban,Harare,None,Informal,3,1,1,0,0,2,Medium,2.3,1,1,0,30,24.0,0.0,21.9,Low Risk
29,Female,Urban,Harare,Primary,Formal,4,1,1,1,1,4,Low,1.2,1,1,0,0,16.0,0.0,5.6,Low Risk
39,Female,Urban,Manicaland,Tertiary,Formal,5,1,1,1,1,4,Low,3.9,0,1,0,0,10.0,30.0,9.5,Low Risk
46,Male,Urban,Harare,Secondary,Formal,4,1,1,1,1,4,Low,2.0,1,1,0,0,0.0,0.0,0.0,Low Risk
65,Male,Urban,Harare,Secondary,Informal,4,1,1,1,1,4,Low,2.9,1,1,0,0,20.0,0.0,7.0,Low Risk
36,Male,Urban,Harare,Tertiary,Formal,5,1,1,1,1,4,Low,8.5,1,1,0,0,0.0,5.0,1.0,Low Risk
37,Female,Urban,Harare,Tertiary,Formal,5,1,1,1,1,4,Low,5.9,1,1,0,0,10.0,5.0,4.5,Low Risk
59,Female,Rural,Midlands,None,Informal,1,1,0,0,1,2,Medium,79.9,1,0,1,50,69.0,50.0,56.65,High Risk
30,Male,Urban,Bulawayo,Secondary,Informal,2,1,1,0,0,2,Medium,6.0,1,1,1,30,20.0,5.0,21.5,Low Risk
19,Male,Rural,Mashonaland Central,Secondary,Unemployed,3,1,1,0,0,2,Medium,48.5,0,0,1,30,48.0,100.0,50.3,High Risk
41,Male,Rural,Mashonaland Central,Secondary,Informal,4,1,1,0,1,3,Low,41.2,1,0,0,20,32.0,70.0,34.2,Moderate Risk
53,Male,Urban,Harare,Tertiary,Informal,2,1,1,0,1,3,Low,2.6,1,1,0,20,20.0,0.0,16.0,Low Risk
43,Female,Rural,Mashonaland East,None,Unemployed,1,0,1,1,0,2,Medium,4.7,0,1,1,50,77.0,30.0,55.45,High Risk
36,Female,Urban,Harare,Tertiary,Informal,4,1,1,0,1,3,Low,3.2,1,0,0,20,22.0,20.0,20.7,Low Risk
18,Male,Rural,Bulawayo,None,Informal,1,1,0,0,1,2,Medium,2.7,1,0,1,50,67.0,20.0,49.95,High Risk
37,Male,Urban,Harare,Secondary,Informal,1,1,1,0,1,3,Low,3.2,1,1,1,20,27.0,0.0,18.45,Low Risk
55,Male,Rural,Mashonaland East,Secondary,Unemployed,1,1,1,0,0,2,Medium,80.9,1,1,0,30,55.0,30.0,38.75,Moderate Risk
20,Female,Urban,Mashonaland Central,Tertiary,Formal,5,1,1,1,1,4,Low,0.9,1,1,0,0,18.0,20.0,10.3,Low Risk
34,Female,Urban,Harare,None,Informal,4,1,1,0,0,2,Medium,0.3,1,1,0,30,34.0,0.0,25.4,Moderate Risk
32,Female,Urban,Bulawayo,Secondary,Formal,5,1,1,1,1,4,Low,4.2,1,1,0,0,10.0,0.0,3.5,Low Risk
28,Male,Rural,Masvingo,Secondary,Informal,2,1,1,0,0,2,Medium,17.9,1,0,1,30,40.0,55.0,38.5,Moderate Risk
41,Female,Rural,Midlands,Primary,Informal,1,1,1,1,1,4,Low,53.6,0,0,0,0,63.0,80.0,38.05,Moderate Risk
44,Male,Urban,Harare,Secondary,Informal,4,1,1,1,1,4,Low,1.2,1,1,0,0,12.0,0.0,4.2,Low Risk
44,Female,Urban,Mashonaland East,Secondary,Unemployed,3,1,1,0,0,2,Medium,0.3,1,0,0,30,30.0,20.0,28.0,Moderate Risk
24,Female,Urban,Masvingo,Primary,Unemployed,2,1,1,1,0,3,Low,13.7,1,1,1,10,52.0,35.0,29.7,Moderate Risk
18,Male,Urban,Midlands,Tertiary,Informal,4,1,0,0,0,1,High,1.6,1,1,1,60,20.0,0.0,34.0,Moderate Risk
41,Female,Urban,Mashonaland East,Primary,Informal,2,1,1,0,1,3,Low,0.6,1,0,0,20,36.0,20.0,25.6,Moderate Risk
30,Male,Urban,Harare,Secondary,Unemployed,1,1,0,0,0,1,High,1.8,1,1,0,60,35.0,0.0,39.25,Moderate Risk
63,Female,Rural,Midlands,Secondary,Informal,3,1,1,0,1,3,Low,8.6,0,1,1,20,42.0,35.0,30.7,Moderate Risk
64,Male,Rural,Matabeleland South,None,Formal,4,1,0,1,1,3,Low,1.0,1,1,1,30,32.0,20.0,28.7,Moderate Risk
65,Male,Urban,Harare,Secondary,Informal,4,1,1,0,1,3,Low,0.7,1,1,0,20,20.0,0.0,16.0,Low Risk
24,Male,Rural,Mashonaland Central,Primary,Informal,1,1,1,0,0,2,Medium,16.0,0,0,0,30,61.0,85.0,51.85,High Risk
45,Male,Urban,Matabeleland South,Tertiary,Informal,4,1,1,1,1,4,Low,1.5,1,1,0,0,12.0,20.0,8.2,Low Risk
50,Male,Rural,Mashonaland Central,Secondary,Unemployed,2,1,1,0,0,2,Medium,22.0,0,0,1,30,48.0,100.0,50.3,High Risk
48,Male,Urban,Mashonaland Central,Tertiary,Formal,5,1,1,0,1,3,Low,0.6,1,1,0,20,0.0,20.0,13.0,Low Risk
33,Female,Rural,Mashonaland West,Primary,Unemployed,2,1,0,0,0,1,High,6.5,0,1,1,60,64.0,35.0,56.4,High Risk
55,Male,Rural,Matabeleland North,Secondary,Informal,1,1,0,1,1,3,Low,1.0,1,0,1,30,47.0,40.0,37.95,Moderate Risk
38,Male,Rural,Manicaland,Secondary,Unemployed,2,1,1,0,0,2,Medium,18.4,0,0,0,30,48.0,65.0,43.3,Moderate Risk
39,Female,Urban,Manicaland,Secondary,Formal,5,1,1,1,1,4,Low,3.2,1,1,0,0,10.0,0.0,3.5,Low Risk
18,Female,Rural,Masvingo,None,Informal,2,0,1,0,0,1,High,6.1,0,0,1,70,70.0,75.0,71.0,Critical Risk
47,Male,Urban,Matabeleland North,Primary,Informal,2,1,1,0,1,3,Low,6.2,1,0,0,20,26.0,45.0,27.1,Moderate Risk
34,Male,Urban,Harare,Secondary,Informal,3,1,1,1,0,3,Low,3.7,1,0,1,10,12.0,20.0,12.7,Low Risk
44,Female,Rural,Manicaland,Primary,Informal,1,0,1,0,0,1,High,90.2,1,0,1,70,63.0,50.0,63.55,High Risk
41,Female,Urban,Harare,Tertiary,Formal,5,1,1,1,1,4,Low,0.3,1,1,0,0,10.0,0.0,3.5,Low Risk
40,Male,Rural,Manicaland,Tertiary,Formal,4,1,1,0,1,3,Low,81.1,1,1,1,20,20.0,30.0,22.0,Low Risk
37,Female,Rural,Midlands,Primary,Informal,1,0,1,0,1,2,Medium,2.4,1,0,0,60,63.0,20.0,53.05,High Risk
49,Male,Urban,Harare,Tertiary,Informal,3,1,1,0,0,2,Medium,5.1,1,1,0,30,12.0,5.0,18.7,Low Risk
35,Male,Rural,Mashonaland Central,Secondary,Informal,3,1,0,1,0,2,Medium,27.4,0,0,1,40,32.0,100.0,49.2,High Risk
18,Female,Urban,Mashonaland East,Secondary,Informal,3,1,0,0,0,1,High,4.3,1,1,0,60,30.0,0.0,37.5,Moderate Risk
45,Female,Urban,Harare,Tertiary,Formal,5,0,1,1,1,3,Low,1.7,1,1,1,40,10.0,0.0,21.5,Low Risk
26,Female,Urban,Harare,Tertiary,Formal,4,1,1,1,1,4,Low,2.6,1,1,0,0,10.0,0.0,3.5,Low Risk
19,Male,Rural,Matabeleland North,Secondary,Unemployed,1,1,0,0,0,1,High,18.1,1,1,0,60,63.0,35.0,56.05,High Risk
23,Male,Urban,Harare,Secondary,Informal,3,1,1,0,0,2,Medium,13.4,1,1,0,30,20.0,15.0,23.5,Low Risk
41,Male,Urban,Mashonaland West,Secondary,Informal,3,0,1,1,1,3,Low,8.8,1,1,1,40,12.0,5.0,23.2,Low Risk
36,Male,Urban,Bulawayo,Tertiary,Informal,4,1,1,0,1,3,Low,3.5,1,1,0,20,12.0,0.0,13.2,Low Risk
18,Male,Rural,Mashonaland East,Primary,Unemployed,1,1,0,0,0,1,High,17.1,1,0,1,60,69.0,35.0,58.15,High Risk
32,Female,Rural,Masvingo,None,Unemployed,1,1,1,0,0,2,Medium,4.2,0,1,0,30,77.0,50.0,50.45,High Risk
54,Female,Rural,Midlands,Primary,Informal,1,0,0,1,1,2,Medium,2.7,1,0,1,70,63.0,20.0,57.55,High Risk
31,Female,Rural,Mashonaland East,Secondary,Informal,3,0,1,0,1,2,Medium,72.3,1,0,1,60,42.0,50.0,51.7,High Risk
35,Male,Rural,Matabeleland North,Primary,Formal,2,1,1,1,1,4,Low,1.8,0,0,1,0,34.0,70.0,25.9,Moderate Risk
52,Male,Urban,Harare,Tertiary,Informal,4,1,1,0,0,2,Medium,0.6,1,1,0,30,12.0,0.0,17.7,Low Risk
49,Female,Urban,Bulawayo,Secondary,Informal,5,1,1,0,0,2,Medium,5.1,1,1,0,30,22.0,5.0,22.2,Low Risk
52,Male,Rural,Matabeleland North,Secondary,Informal,3,1,1,0,1,3,Low,7.0,1,1,0,20,32.0,25.0,25.2,Moderate Risk
18,Female,Rural,Manicaland,Secondary,Informal,2,1,1,1,1,4,Low,18.3,1,0,0,0,58.0,35.0,27.3,Moderate Risk
62,Male,Urban,Bulawayo,Secondary,Unemployed,3,1,1,1,0,3,Low,5.8,1,0,1,10,20.0,25.0,16.5,Low Risk
46,Female,Urban,Harare,Secondary,Formal,5,1,1,1,1,4,Low,0.1,0,1,0,0,10.0,30.0,9.5,Low Risk
72,Female,Rural,Matabeleland North,Primary,Unemployed,1,1,0,0,0,1,High,20.5,1,0,1,60,79.0,70.0,68.65,Critical Risk
27,Female,Urban,Bulawayo,Tertiary,Unemployed,3,1,1,0,0,2,Medium,1.0,1,0,0,30,30.0,20.0,28.0,Moderate Risk
18,Female,Rural,Mashonaland East,Secondary,Informal,3,1,1,0,0,2,Medium,89.9,1,0,1,30,50.0,50.0,41.0,Moderate Risk
38,Female,Urban,Harare,Secondary,Formal,5,1,0,1,1,3,Low,1.9,1,1,0,30,10.0,0.0,17.0,Low Risk
34,Male,Urban,Matabeleland North,Tertiary,Unemployed,4,1,1,0,0,2,Medium,1.9,1,1,0,30,20.0,20.0,24.5,Low Risk
47,Female,Rural,Mashonaland East,Secondary,Informal,3,1,0,0,1,2,Medium,34.2,1,1,1,50,42.0,30.0,43.2,Moderate Risk
53,Female,Urban,Harare,Primary,Informal,3,1,1,0,0,2,Medium,3.6,1,0,0,30,28.0,20.0,27.3,Moderate Risk
36,Female,Urban,Harare,Secondary,Informal,4,1,1,0,0,2,Medium,4.5,0,1,0,30,22.0,30.0,27.2,Moderate Risk
34,Male,Rural,Masvingo,Secondary,Informal,1,1,0,0,1,2,Medium,1.3,0,0,1,50,47.0,70.0,52.95,High Risk
45,Male,Rural,Mashonaland Central,Secondary,Informal,4,1,0,1,0,2,Medium,22.5,1,0,0,40,32.0,70.0,43.2,Moderate Risk
34,Female,Urban,Mashonaland West,Primary,Unemployed,2,1,1,0,0,2,Medium,0.3,1,1,0,30,44.0,0.0,28.9,Moderate Risk
33,Female,Urban,Bulawayo,Secondary,Informal,4,1,0,0,1,2,Medium,1.8,1,1,0,50,22.0,0.0,30.2,Moderate Risk
52,Male,Rural,Harare,Secondary,Unemployed,1,1,1,0,0,2,Medium,16.2,1,1,0,30,55.0,15.0,35.75,Moderate Risk
55,Male,Rural,Masvingo,Primary,Informal,1,1,0,0,1,2,Medium,31.6,1,1,1,50,53.0,50.0,51.05,High Risk
53,Male,Urban,Harare,Primary,Unemployed,2,1,1,0,0,2,Medium,2.8,1,0,0,30,34.0,20.0,29.4,Moderate Risk
35,Male,Urban,Harare,Secondary,Informal,2,1,1,0,1,3,Low,1.3,0,1,1,20,20.0,30.0,22.0,Low Risk
18,Male,Urban,Bulawayo,Secondary,Formal,3,1,1,0,1,3,Low,2.2,1,1,0,20,8.0,0.0,11.8,Low Risk
35,Male,Urban,Harare,Secondary,Unemployed,4,1,1,0,0,2,Medium,1.3,0,1,0,30,20.0,30.0,26.5,Moderate Risk
27,Male,Urban,Masvingo,Secondary,Unemployed,3,1,1,0,0,2,Medium,0.4,0,1,0,30,20.0,50.0,30.5,Moderate Risk
36,Female,Rural,Masvingo,None,Informal,1,1,0,0,0,1,High,102.1,1,0,1,60,69.0,70.0,65.15,Critical Risk
28,Male,Urban,Harare,Secondary,Informal,4,1,1,0,1,3,Low,2.4,1,1,0,20,12.0,0.0,13.2,Low Risk
37,Male,Urban,Midlands,Tertiary,Formal,5,1,1,1,1,4,Low,3.2,1,1,0,0,0.0,0.0,0.0,Low Risk
23,Male,Rural,Masvingo,Secondary,Formal,3,1,1,1,1,4,Low,17.2,0,1,1,0,28.0,65.0,22.8,Low Risk
20,Male,Rural,Mashonaland Central,Primary,Informal,2,1,1,0,0,2,Medium,31.2,1,0,0,30,54.0,70.0,46.4,High Risk
55,Female,Urban,Bulawayo,Tertiary,Informal,5,1,1,1,1,4,Low,3.6,1,1,0,0,22.0,0.0,7.7,Low Risk
24,Female,Rural,Midlands,Secondary,Formal,3,0,1,1,0,2,Medium,7.7,0,0,1,50,38.0,55.0,46.8,High Risk
38,Male,Rural,Mashonaland West,Secondary,Informal,2,0,1,0,1,2,Medium,8.0,1,0,0,60,40.0,25.0,46.0,High Risk
51,Male,Rural,Mashonaland West,Tertiary,Unemployed,2,1,0,0,0,1,High,21.5,1,0,1,60,48.0,50.0,53.8,High Risk
50,Male,Urban,Bulawayo,Secondary,Informal,5,1,0,0,0,1,High,2.9,1,1,0,60,12.0,0.0,31.2,Moderate Risk
49,Male,Urban,Harare,Primary,Unemployed,3,1,1,0,0,2,Medium,2.0,0,1,1,30,26.0,30.0,28.6,Moderate Risk
42,Male,Rural,Mashonaland Central,Secondary,Informal,2,0,1,0,1,2,Medium,25.5,1,0,1,60,40.0,70.0,55.0,High Risk
48,Male,Urban,Bulawayo,Secondary,Formal,5,1,1,1,1,4,Low,1.4,1,1,0,0,0.0,0.0,0.0,Low Risk
57,Male,Urban,Masvingo,Secondary,Informal,5,0,1,1,1,3,Low,1.0,1,1,0,40,12.0,20.0,26.2,Moderate Risk
43,Female,Urban,Manicaland,Primary,Informal,3,1,1,0,1,3,Low,0.7,0,0,0,20,28.0,50.0,28.8,Moderate Risk
18,Male,Rural,Manicaland,None,Informal,2,0,0,0,0,0,High,47.0,1,1,1,100,60.0,30.0,72.0,Critical Risk
30,Male,Rural,Mashonaland West,None,Unemployed,1,1,0,1,0,2,Medium,19.7,1,1,0,40,67.0,15.0,44.45,Moderate Risk
47,Male,Urban,Harare,Secondary,Formal,5,1,1,1,1,4,Low,0.7,0,1,0,0,0.0,30.0,6.0,Low Risk
29,Male,Rural,Mashonaland East,Tertiary,Informal,4,1,1,1,1,4,Low,11.5,1,0,0,0,32.0,35.0,18.2,Low Risk
60,Male,Urban,Bulawayo,Secondary,Informal,3,1,1,0,1,3,Low,1.3,0,1,0,20,12.0,30.0,19.2,Low Risk
37,Male,Rural,Mashonaland East,Secondary,Formal,4,1,1,1,1,4,Low,11.4,1,1,1,0,20.0,15.0,10.0,Low Risk
39,Male,Rural,Midlands,None,Informal,1,1,1,0,1,3,Low,3.8,1,0,0,20,59.0,20.0,33.65,Moderate Risk
53,Male,Urban,Bulawayo,Secondary,Informal,2,1,1,0,0,2,Medium,0.5,0,1,0,30,20.0,30.0,26.5,Moderate Risk
35,Female,Urban,Bulawayo,Tertiary,Formal,5,1,1,1,1,4,Low,1.9,1,1,0,0,10.0,0.0,3.5,Low Risk
40,Female,Urban,Masvingo,Secondary,Informal,4,1,1,0,1,3,Low,0.7,1,1,0,20,22.0,20.0,20.7,Low Risk
50,Male,Rural,Matabeleland North,Primary,Informal,1,0,1,0,0,1,High,5.8,1,0,1,70,53.0,45.0,59.05,High Risk
18,Male,Rural,Midlands,Secondary,Informal,1,1,1,0,1,3,Low,27.8,0,1,0,20,55.0,60.0,40.25,Moderate Risk
34,Female,Rural,Matabeleland South,Primary,Unemployed,1,1,0,1,0,2,Medium,35.9,1,1,0,40,71.0,50.0,52.85,High Risk
49,Female,Rural,Masvingo,None,Unemployed,1,1,0,0,0,1,High,44.1,1,0,1,60,77.0,70.0,67.95,Critical Risk
38,Male,Urban,Harare,Tertiary,Formal,5,1,1,1,1,4,Low,1.3,1,0,0,0,0.0,20.0,4.0,Low Risk
58,Male,Rural,Mashonaland East,Secondary,Unemployed,1,0,0,0,0,0,High,13.7,0,1,1,100,55.0,45.0,73.25,Critical Risk
18,Male,Urban,Masvingo,Secondary,Informal,4,1,1,0,0,2,Medium,3.2,1,1,0,30,20.0,20.0,24.5,Low Risk
18,Female,Urban,Harare,Primary,Formal,4,1,1,1,1,4,Low,0.4,1,1,0,0,24.0,0.0,8.4,Low Risk
48,Male,Rural,Midlands,Primary,Informal,2,0,1,0,0,1,High,30.4,0,0,1,70,46.0,80.0,63.6,High Risk
50,Male,Rural,Mashonaland East,Secondary,Informal,1,1,0,1,0,2,Medium,44.7,1,0,1,40,47.0,50.0,44.45,Moderate Risk
35,Male,Urban,Manicaland,Secondary,Formal,5,1,1,0,1,3,Low,7.5,1,1,0,20,0.0,5.0,10.0,Low Risk
43,Male,Urban,Harare,Secondary,Informal,5,1,1,0,1,3,Low,2.1,1,1,0,20,12.0,0.0,13.2,Low Risk
48,Male,Rural,Midlands,Secondary,Informal,2,0,0,1,1,2,Medium,18.4,1,1,1,70,40.0,15.0,48.5,High Risk
26,Female,Rural,Manicaland,Secondary,Unemployed,2,1,1,0,0,2,Medium,7.1,0,0,1,30,58.0,55.0,44.8,Moderate Risk
28,Female,Rural,Mashonaland East,Secondary,Informal,3,0,0,0,1,1,High,32.2,0,0,1,90,42.0,80.0,71.2,Critical Risk
40,Male,Urban,Masvingo,Secondary,Formal,4,1,1,1,1,4,Low,6.1,1,1,0,0,0.0,25.0,5.0,Low Risk
50,Male,Urban,Harare,Secondary,Unemployed,2,1,1,0,0,2,Medium,0.6,1,1,0,30,28.0,0.0,23.3,Low Risk
21,Female,Urban,Harare,Tertiary,Informal,4,1,1,1,1,4,Low,2.6,1,1,0,0,30.0,0.0,10.5,Low Risk
35,Male,Rural,Midlands,Primary,Formal,5,1,1,1,1,4,Low,8.6,0,0,1,0,26.0,55.0,20.1,Low Risk
34,Male,Rural,Matabeleland South,Secondary,Formal,3,1,1,1,0,3,Low,4.3,1,1,1,10,20.0,20.0,15.5,Low Risk
43,Male,Urban,Harare,Secondary,Informal,5,1,1,0,1,3,Low,1.9,1,1,0,20,12.0,0.0,13.2,Low Risk
37,Female,Urban,Bulawayo,Tertiary,Informal,4,1,1,1,0,3,Low,0.3,1,0,0,10,22.0,20.0,16.2,Low Risk
30,Female,Urban,Harare,Tertiary,Informal,4,1,1,0,1,3,Low,2.4,1,0,1,20,22.0,20.0,20.7,Low Risk
55,Female,Rural,Mashonaland Central,None,Unemployed,2,0,1,0,0,1,High,7.1,0,0,0,70,70.0,75.0,71.0,Critical Risk
30,Female,Rural,Masvingo,Primary,Informal,3,1,0,0,1,2,Medium,7.2,1,0,1,50,48.0,45.0,48.3,High Risk
33,Male,Urban,Harare,Secondary,Unemployed,3,1,1,0,0,2,Medium,0.4,1,1,0,30,20.0,0.0,20.5,Low Risk
18,Male,Urban,Bulawayo,Secondary,Informal,4,0,1,0,1,2,Medium,2.2,1,1,0,60,20.0,0.0,34.0,Moderate Risk
28,Male,Rural,Mashonaland Central,Secondary,Informal,1,1,1,0,0,2,Medium,47.2,1,0,0,30,47.0,70.0,43.95,Moderate Risk
45,Female,Urban,Mashonaland West,Primary,Formal,4,1,1,1,1,4,Low,0.5,1,1,0,0,16.0,0.0,5.6,Low Risk
42,Female,Rural,Masvingo,Secondary,Informal,1,0,0,0,0,0,High,63.9,1,1,1,100,57.0,50.0,74.95,Critical Risk
46,Male,Urban,Harare,Tertiary,Informal,3,1,1,0,1,3,Low,0.3,1,1,1,20,12.0,0.0,13.2,Low Risk
45,Female,Urban,Matabeleland North,Tertiary,Informal,4,1,1,0,0,2,Medium,1.4,1,1,0,30,22.0,20.0,25.2,Moderate Risk
67,Male,Rural,Matabeleland South,None,Informal,1,1,1,1,0,3,Low,45.4,1,1,0,10,67.0,50.0,37.95,Moderate Risk
27,Male,Urban,Harare,Tertiary,Informal,5,1,0,1,0,2,Medium,2.7,1,1,1,40,12.0,0.0,22.2,Low Risk
18,Male,Urban,Midlands,Primary,Informal,5,1,1,0,0,2,Medium,3.5,0,1,1,30,26.0,30.0,28.6,Moderate Risk
23,Female,Urban,Harare,Secondary,Informal,3,1,0,0,1,2,Medium,1.1,1,0,0,50,30.0,20.0,37.0,Moderate Risk
28,Female,Urban,Harare,Secondary,Formal,4,1,1,0,1,3,Low,0.1,1,1,0,20,10.0,0.0,12.5,Low Risk
24,Female,Urban,Harare,Secondary,Unemployed,4,1,1,1,0,3,Low,1.8,0,1,0,10,38.0,30.0,23.8,Low Risk
39,Female,Urban,Harare,Primary,Informal,4,1,1,0,1,3,Low,4.2,1,1,1,20,28.0,0.0,18.8,Low Risk
55,Female,Urban,Bulawayo,Secondary,Informal,4,1,1,0,0,2,Medium,2.6,1,1,0,30,22.0,0.0,21.2,Low Risk
59,Female,Urban,Bulawayo,Secondary,Informal,4,1,1,0,0,2,Medium,11.8,1,1,0,30,22.0,15.0,24.2,Low Risk
45,Female,Rural,Midlands,Tertiary,Informal,3,1,1,1,0,3,Low,3.3,1,1,1,10,42.0,0.0,19.2,Low Risk
67,Male,Rural,Mashonaland Central,Secondary,Unemployed,1,1,0,0,0,1,High,13.1,1,1,1,60,63.0,35.0,56.05,High Risk
33,Female,Urban,Harare,Tertiary,Unemployed,2,1,1,0,0,2,Medium,2.1,1,1,0,30,38.0,0.0,26.8,Moderate Risk
18,Female,Urban,Harare,Secondary,Informal,3,1,1,0,1,3,Low,2.4,1,0,0,20,30.0,20.0,23.5,Low Risk
52,Female,Urban,Harare,Secondary,Unemployed,3,0,1,1,0,2,Medium,0.1,1,0,0,50,30.0,20.0,37.0,Moderate Risk
18,Male,Rural,Midlands,None,Informal,1,1,1,0,0,2,Medium,63.0,1,0,1,30,67.0,50.0,46.95,High Risk
27,Female,Rural,Matabeleland North,None,Unemployed,1,1,1,1,0,3,Low,59.4,0,0,1,10,77.0,100.0,51.45,High Risk
45,Female,Urban,Mashonaland East,Secondary,Unemployed,1,0,1,0,0,1,High,0.1,1,1,1,70,45.0,0.0,47.25,High Risk
36,Male,Urban,Mashonaland Central,Tertiary,Informal,2,0,1,0,0,1,High,2.0,1,0,1,70,20.0,40.0,46.5,High Risk
35,Female,Urban,Harare,Secondary,Informal,4,1,1,1,0,3,Low,5.2,1,1,0,10,22.0,5.0,13.2,Low Risk
21,Male,Urban,Harare,Secondary,Informal,3,1,1,0,1,3,Low,9.0,0,1,0,20,20.0,35.0,23.0,Low Risk
37,Male,Rural,Mashonaland West,Secondary,Informal,2,1,1,0,1,3,Low,27.1,1,0,1,20,40.0,50.0,33.0,Moderate Risk
52,Male,Urban,Mashonaland West,Tertiary,Informal,3,1,1,0,0,2,Medium,7.3,0,0,0,30,12.0,55.0,28.7,Moderate Risk
38,Female,Urban,Harare,Secondary,Formal,4,1,1,1,1,4,Low,3.6,1,1,0,0,10.0,0.0,3.5,Low Risk
26,Female,Urban,Harare,Tertiary,Informal,3,0,0,0,1,1,High,0.9,0,1,1,90,22.0,30.0,54.2,High Risk
20,Male,Urban,Bulawayo,Secondary,Formal,5,1,1,1,1,4,Low,1.0,1,1,0,0,8.0,0.0,2.8,Low Risk
26,Female,Urban,Harare,Secondary,Informal,3,1,1,0,1,3,Low,2.2,1,1,0,20,22.0,0.0,16.7,Low Risk
43,Male,Rural,Masvingo,Secondary,Informal,3,0,1,0,0,1,High,4.0,1,0,0,70,32.0,40.0,50.7,High Risk
42,Male,Urban,Harare,Secondary,Formal,5,0,1,1,1,3,Low,0.1,1,1,0,40,0.0,0.0,18.0,Low Risk
26,Female,Rural,Mashonaland West,Secondary,Informal,2,1,1,0,0,2,Medium,33.8,0,0,0,30,50.0,80.0,47.0,High Risk
18,Female,Urban,Harare,Secondary,Formal,5,1,1,1,1,4,Low,0.4,1,1,0,0,18.0,0.0,6.3,Low Risk
43,Female,Rural,Midlands,Secondary,Informal,2,1,0,0,0,1,High,2.3,0,0,1,60,50.0,50.0,54.5,High Risk
25,Female,Rural,Matabeleland North,Secondary,Informal,3,1,1,0,0,2,Medium,15.2,0,0,1,30,42.0,85.0,45.2,High Risk
47,Female,Rural,Manicaland,Secondary,Formal,4,1,1,1,1,4,Low,17.2,1,1,0,0,30.0,15.0,13.5,Low Risk
27,Male,Rural,Matabeleland South,None,Informal,2,1,1,0,0,2,Medium,6.5,1,1,1,30,52.0,25.0,36.7,Moderate Risk
24,Male,Rural,Matabeleland South,Primary,Informal,1,1,0,1,1,3,Low,16.6,0,1,1,30,61.0,65.0,47.85,High Risk
40,Male,Rural,Matabeleland North,Secondary,Informal,2,1,0,0,1,2,Medium,2.5,1,0,1,50,40.0,40.0,44.5,Moderate Risk
71,Female,Rural,Midlands,Secondary,Informal,1,1,1,0,0,2,Medium,1.3,0,0,0,30,65.0,50.0,46.25,High Risk
48,Female,Urban,Mashonaland East,Tertiary,Informal,5,1,1,0,1,3,Low,0.5,1,1,0,20,22.0,0.0,16.7,Low Risk
39,Female,Urban,Harare,Secondary,Informal,3,1,1,1,0,3,Low,0.3,1,0,0,10,22.0,20.0,16.2,Low Risk
43,Male,Urban,Harare,Secondary,Unemployed,2,1,1,0,0,2,Medium,1.2,0,1,0,30,28.0,30.0,29.3,Moderate Risk
18,Male,Rural,Mashonaland East,Secondary,Informal,1,0,1,0,0,1,High,6.8,1,0,1,70,55.0,25.0,55.75,High Risk
22,Female,Urban,Bulawayo,Tertiary,Formal,5,1,1,0,1,3,Low,4.9,1,1,0,20,18.0,0.0,15.3,Low Risk
18,Female,Urban,Matabeleland South,Secondary,Formal,5,1,1,1,1,4,Low,6.6,1,1,0,0,18.0,25.0,11.3,Low Risk
62,Male,Rural,Masvingo,None,Informal,3,0,1,1,0,2,Medium,9.5,1,1,0,50,44.0,25.0,42.9,Moderate Risk
59,Male,Urban,Harare,Tertiary,Formal,5,1,1,1,1,4,Low,3.1,1,1,0,0,0.0,0.0,0.0,Low Risk
43,Male,Urban,Matabeleland South,Tertiary,Formal,5,1,1,1,1,4,Low,2.6,1,1,0,0,0.0,20.0,4.0,Low Risk
39,Male,Urban,Manicaland,Secondary,Informal,2,1,1,0,1,3,Low,5.1,1,1,1,20,20.0,5.0,17.0,Low Risk
18,Male,Urban,Harare,Secondary,Formal,3,0,1,1,1,3,Low,1.6,1,0,0,40,8.0,20.0,24.8,Low Risk
34,Male,Urban,Matabeleland North,Secondary,Informal,2,1,0,1,1,3,Low,1.5,1,1,0,30,20.0,20.0,24.5,Low Risk
63,Female,Urban,Harare,Secondary,Informal,2,1,1,0,1,3,Low,1.4,1,0,0,20,30.0,20.0,23.5,Low Risk
39,Male,Urban,Bulawayo,Secondary,Informal,4,1,1,0,1,3,Low,4.5,1,1,0,20,12.0,0.0,13.2,Low Risk
30,Male,Urban,Bulawayo,Secondary,Formal,5,1,1,1,1,4,Low,3.5,1,0,0,0,0.0,20.0,4.0,Low Risk
18,Male,Urban,Matabeleland North,Tertiary,Formal,5,1,1,0,1,3,Low,7.8,1,1,0,20,8.0,25.0,16.8,Low Risk
57,Female,Rural,Mashonaland Central,Primary,Informal,1,1,1,0,0,2,Medium,83.8,0,0,1,30,63.0,100.0,55.55,High Risk
37,Male,Urban,Harare,Tertiary,Formal,5,1,1,0,1,3,Low,5.1,1,1,0,20,0.0,5.0,10.0,Low Risk
18,Male,Rural,Matabeleland North,Secondary,Formal,3,1,1,1,1,4,Low,27.2,1,1,0,0,28.0,50.0,19.8,Low Risk
25,Male,Rural,Midlands,None,Informal,1,1,0,0,0,1,High,4.2,1,0,1,60,59.0,20.0,51.65,High Risk
20,Female,Urban,Harare,Secondary,Formal,5,1,1,1,1,4,Low,3.2,1,1,0,0,18.0,0.0,6.3,Low Risk
36,Female,Urban,Harare,Secondary,Formal,5,1,1,0,1,3,Low,1.3,1,1,0,20,10.0,0.0,12.5,Low Risk
40,Male,Urban,Matabeleland South,Secondary,Informal,4,1,1,1,1,4,Low,0.9,1,0,0,0,12.0,40.0,12.2,Low Risk
30,Male,Rural,Matabeleland South,Tertiary,Unemployed,1,0,1,0,0,1,High,12.1,1,0,1,70,55.0,55.0,61.75,High Risk
48,Male,Rural,Mashonaland East,Secondary,Informal,1,1,1,1,0,3,Low,8.5,0,0,1,10,47.0,55.0,31.95,Moderate Risk
39,Female,Rural,Mashonaland East,Secondary,Informal,2,1,0,0,0,1,High,8.6,0,0,1,60,50.0,55.0,55.5,High Risk
52,Female,Urban,Bulawayo,Tertiary,Unemployed,4,1,1,0,0,2,Medium,0.8,1,1,0,30,30.0,0.0,24.0,Low Risk
32,Male,Rural,Matabeleland North,Secondary,Informal,2,1,1,0,0,2,Medium,18.7,1,1,0,30,40.0,35.0,34.5,Moderate Risk
80,Male,Urban,Bulawayo,Secondary,Informal,5,0,1,0,0,1,High,0.2,1,1,0,70,20.0,0.0,38.5,Moderate Risk
30,Female,Rural,Matabeleland South,Secondary,Informal,1,1,1,0,0,2,Medium,7.8,1,0,0,30,57.0,45.0,42.45,Moderate Risk
25,Female,Urban,Harare,Secondary,Unemployed,2,1,1,1,0,3,Low,1.3,1,1,0,10,38.0,0.0,17.8,Low Risk
23,Male,Rural,Matabeleland South,None,Formal,3,1,1,1,0,3,Low,45.0,1,1,0,10,40.0,50.0,28.5,Moderate Risk
35,Male,Rural,Manicaland,Secondary,Informal,2,1,0,0,0,1,High,69.8,1,1,1,60,40.0,30.0,47.0,High Risk
18,Male,Urban,Masvingo,Tertiary,Unemployed,3,1,0,0,0,1,High,0.6,1,1,1,60,28.0,20.0,40.8,Moderate Risk
42,Female,Rural,Manicaland,Primary,Informal,1,1,1,1,1,4,Low,16.3,1,1,1,0,63.0,15.0,25.05,Moderate Risk
18,Female,Urban,Harare,Tertiary,Formal,5,1,1,1,1,4,Low,4.4,1,1,0,0,18.0,0.0,6.3,Low Risk
40,Female,Rural,Mashonaland Central,None,Unemployed,1,1,1,0,0,2,Medium,6.2,1,0,1,30,77.0,45.0,49.45,High Risk
19,Female,Urban,Harare,Tertiary,Unemployed,3,0,1,0,0,1,High,1.8,1,1,1,70,38.0,0.0,44.8,Moderate Risk
32,Male,Rural,Mashonaland West,Tertiary,Informal,3,1,1,0,0,2,Medium,36.6,0,0,0,30,32.0,80.0,40.7,Moderate Risk
46,Male,Urban,Bulawayo,Secondary,Formal,5,1,0,1,1,3,Low,0.9,1,1,0,30,0.0,0.0,13.5,Low Risk
70,Male,Rural,Midlands,Tertiary,Formal,4,1,1,1,1,4,Low,26.6,0,1,1,0,28.0,60.0,21.8,Low Risk
22,Female,Rural,Masvingo,Secondary,Unemployed,1,1,0,0,0,1,High,28.0,1,0,1,60,73.0,70.0,66.55,Critical Risk
35,Female,Rural,Masvingo,Secondary,Informal,1,1,1,0,1,3,Low,16.5,0,0,1,20,57.0,85.0,45.95,High Risk
27,Male,Rural,Mashonaland East,Tertiary,Informal,1,1,1,0,1,3,Low,1.8,0,0,1,20,47.0,50.0,35.45,Moderate Risk
25,Male,Rural,Matabeleland South,Secondary,Informal,1,0,0,0,1,1,High,12.2,0,1,1,90,47.0,65.0,69.95,Critical Risk
27,Female,Rural,Manicaland,Secondary,Informal,2,1,1,0,1,3,Low,8.5,1,0,1,20,50.0,25.0,31.5,Moderate Risk
49,Female,Urban,Harare,Secondary,Informal,2,1,1,1,1,4,Low,2.1,1,1,0,0,30.0,0.0,10.5,Low Risk
31,Female,Rural,Manicaland,Secondary,Informal,3,1,1,0,1,3,Low,24.1,1,1,0,20,42.0,30.0,29.7,Moderate Risk
69,Male,Urban,Harare,Secondary,Formal,5,1,1,1,1,4,Low,1.7,1,1,0,0,8.0,0.0,2.8,Low Risk
43,Female,Rural,Masvingo,None,Informal,1,1,1,0,1,3,Low,28.4,0,0,1,20,69.0,100.0,53.15,High Risk
23,Female,Urban,Harare,Secondary,Formal,5,1,1,1,1,4,Low,1.9,1,1,0,0,18.0,0.0,6.3,Low Risk
32,Female,Rural,Manicaland,Secondary,Formal,4,0,1,0,1,2,Medium,12.4,1,1,0,60,30.0,15.0,40.5,Moderate Risk
26,Female,Rural,Matabeleland South,Tertiary,Formal,3,1,1,1,1,4,Low,7.4,1,1,0,0,30.0,25.0,15.5,Low Risk
49,Female,Urban,Harare,Tertiary,Informal,5,1,1,1,0,3,Low,1.9,1,1,0,10,22.0,0.0,12.2,Low Risk
18,Female,Urban,Bulawayo,Secondary,Formal,5,1,1,1,1,4,Low,5.6,0,1,0,0,18.0,35.0,13.3,Low Risk
19,Female,Rural,Mashonaland East,Secondary,Informal,1,1,1,0,1,3,Low,25.2,0,0,1,20,65.0,80.0,47.75,High Risk
29,Male,Rural,Midlands,Secondary,Informal,2,1,1,0,1,3,Low,14.7,0,0,0,20,40.0,65.0,36.0,Moderate Risk
47,Male,Urban,Manicaland,Secondary,Informal,3,1,1,0,0,2,Medium,0.4,1,1,1,30,12.0,0.0,17.7,Low Risk
55,Female,Rural,Manicaland,Secondary,Informal,1,1,1,0,1,3,Low,1.0,1,1,0,20,57.0,0.0,28.95,Moderate Risk
57,Female,Rural,Midlands,Primary,Unemployed,1,1,1,0,0,2,Medium,7.8,0,0,1,30,71.0,55.0,49.35,High Risk
45,Male,Urban,Harare,Tertiary,Formal,5,1,1,1,1,4,Low,1.2,0,1,0,0,0.0,30.0,6.0,Low Risk
36,Male,Urban,Harare,Secondary,Formal,5,1,1,1,1,4,Low,1.0,1,1,0,0,0.0,0.0,0.0,Low Risk
49,Female,Urban,Bulawayo,Tertiary,Formal,5,1,1,1,1,4,Low,4.3,1,1,0,0,10.0,0.0,3.5,Low Risk
21,Female,Rural,Matabeleland North,Secondary,Formal,5,1,1,1,1,4,Low,1.2,1,1,0,0,38.0,20.0,17.3,Low Risk
18,Female,Urban,Harare,Tertiary,Unemployed,2,1,1,1,0,3,Low,1.0,1,1,0,10,46.0,0.0,20.6,Low Risk
44,Male,Rural,Mashonaland East,Primary,Informal,3,0,0,1,0,1,High,1.0,0,1,1,80,38.0,30.0,55.3,High Risk
23,Female,Rural,Mashonaland Central,Primary,Unemployed,1,1,0,0,0,1,High,8.2,0,0,1,60,79.0,75.0,69.65,Critical Risk
37,Female,Urban,Bulawayo,Tertiary,Unemployed,3,1,1,0,0,2,Medium,7.7,0,1,0,30,30.0,35.0,31.0,Moderate Risk
39,Male,Rural,Midlands,None,Unemployed,1,1,1,0,0,2,Medium,29.7,1,1,0,30,67.0,30.0,42.95,Moderate Risk
41,Male,Rural,Mashonaland West,None,Informal,1,1,1,0,1,3,Low,27.6,0,0,1,20,59.0,80.0,45.65,High Risk
51,Female,Urban,Midlands,Tertiary,Unemployed,3,1,1,0,0,2,Medium,2.3,1,0,0,30,30.0,20.0,28.0,Moderate Risk
49,Male,Urban,Harare,Tertiary,Informal,4,1,1,0,1,3,Low,0.9,1,1,0,20,12.0,0.0,13.2,Low Risk
40,Female,Urban,Mashonaland East,Tertiary,Formal,5,1,1,1,1,4,Low,2.5,1,1,0,0,10.0,0.0,3.5,Low Risk
31,Female,Urban,Matabeleland North,Secondary,Informal,3,1,1,0,1,3,Low,5.5,1,1,0,20,22.0,25.0,21.7,Low Risk
39,Female,Urban,Bulawayo,Secondary,Unemployed,3,1,1,0,0,2,Medium,1.4,1,1,0,30,30.0,0.0,24.0,Low Risk
29,Male,Rural,Manicaland,Secondary,Unemployed,1,1,1,0,0,2,Medium,48.6,1,1,1,30,55.0,30.0,38.75,Moderate Risk
35,Female,Urban,Harare,Secondary,Formal,5,1,1,1,1,4,Low,1.3,1,1,0,0,10.0,0.0,3.5,Low Risk
74,Male,Urban,Harare,Secondary,Unemployed,4,1,1,0,0,2,Medium,3.5,1,1,1,30,28.0,0.0,23.3,Low Risk
40,Female,Rural,Masvingo,None,Informal,1,1,1,0,1,3,Low,12.5,1,1,1,20,69.0,35.0,40.15,Moderate Risk
44,Male,Rural,Midlands,Secondary,Informal,1,0,1,0,1,2,Medium,3.2,1,1,0,60,47.0,0.0,43.45,Moderate Risk
28,Female,Rural,Mashonaland East,Primary,Informal,2,1,1,0,1,3,Low,1.9,0,0,1,20,56.0,50.0,38.6,Moderate Risk
52,Female,Rural,Mashonaland Central,Secondary,Informal,1,0,1,0,0,1,High,19.2,1,0,1,70,57.0,55.0,62.45,High Risk
48,Male,Urban,Harare,Secondary,Formal,5,1,1,1,1,4,Low,2.1,1,0,0,0,0.0,20.0,4.0,Low Risk
48,Male,Urban,Bulawayo,Secondary,Unemployed,3,0,1,0,0,1,High,2.5,0,1,1,70,20.0,30.0,44.5,Moderate Risk
41,Female,Rural,Masvingo,Tertiary,Unemployed,4,1,0,0,0,1,High,39.1,1,1,0,60,50.0,50.0,54.5,High Risk
52,Male,Rural,Mashonaland Central,Tertiary,Formal,3,1,1,1,1,4,Low,15.5,1,1,0,0,20.0,35.0,14.0,Low Risk
55,Male,Rural,Matabeleland South,Secondary,Informal,1,1,1,0,1,3,Low,30.0,1,1,1,20,47.0,50.0,35.45,Moderate Risk
41,Male,Urban,Harare,Tertiary,Formal,5,1,1,1,1,4,Low,2.0,1,1,0,0,0.0,0.0,0.0,Low Risk
36,Female,Rural,Masvingo,Primary,Unemployed,1,1,1,0,0,2,Medium,35.9,0,1,1,30,71.0,80.0,54.35,High Risk
50,Female,Rural,Mashonaland West,Secondary,Informal,1,1,0,0,0,1,High,13.8,1,1,1,60,57.0,15.0,49.95,High Risk
25,Male,Urban,Harare,Secondary,Informal,2,1,1,0,1,3,Low,2.3,1,1,0,20,20.0,0.0,16.0,Low Risk
27,Female,Rural,Masvingo,Secondary,Formal,3,1,1,1,1,4,Low,3.8,1,1,0,0,30.0,20.0,14.5,Low Risk
37,Male,Rural,Matabeleland North,Secondary,Formal,3,1,1,1,1,4,Low,3.1,1,1,1,0,20.0,20.0,11.0,Low Risk
18,Male,Urban,Harare,Tertiary,Unemployed,4,1,1,0,0,2,Medium,0.7,1,0,0,30,28.0,20.0,27.3,Moderate Risk
49,Male,Urban,Mashonaland East,None,Informal,2,1,1,1,1,4,Low,0.6,0,0,0,0,32.0,50.0,21.2,Low Risk
24,Male,Rural,Mashonaland West,Primary,Informal,3,0,0,0,0,0,High,36.8,1,0,1,100,46.0,50.0,71.1,Critical Risk
31,Male,Urban,Harare,Tertiary,Formal,5,1,1,1,1,4,Low,2.0,1,1,0,0,0.0,0.0,0.0,Low Risk
35,Female,Urban,Matabeleland South,Secondary,Formal,5,1,1,1,1,4,Low,3.2,1,1,0,0,10.0,20.0,7.5,Low Risk
38,Male,Urban,Matabeleland South,Secondary,Formal,5,1,1,1,1,4,Low,9.1,1,1,0,0,0.0,25.0,5.0,Low Risk
33,Female,Urban,Harare,Secondary,Formal,5,1,1,1,1,4,Low,6.9,1,1,0,0,10.0,5.0,4.5,Low Risk
37,Male,Rural,Midlands,Primary,Informal,2,1,0,1,0,2,Medium,24.8,1,0,1,40,46.0,50.0,44.1,Moderate Risk
37,Male,Rural,Matabeleland South,Secondary,Informal,1,1,0,0,0,1,High,49.9,1,0,1,60,47.0,70.0,57.45,High Risk
31,Male,Urban,Harare,Secondary,Formal,5,1,1,1,1,4,Low,3.3,1,1,0,0,0.0,0.0,0.0,Low Risk
27,Female,Rural,Masvingo,Secondary,Informal,2,1,0,1,1,3,Low,4.9,0,1,1,30,50.0,50.0,41.0,Moderate Risk
53,Female,Rural,Manicaland,Secondary,Informal,2,1,1,1,1,4,Low,17.6,1,0,1,0,50.0,35.0,24.5,Low Risk
18,Male,Urban,Bulawayo,Secondary,Informal,4,1,1,0,1,3,Low,2.5,1,1,0,20,20.0,0.0,16.0,Low Risk
35,Male,Rural,Midlands,None,Unemployed,1,0,1,0,0,1,High,25.1,1,0,1,70,67.0,50.0,64.95,High Risk
31,Male,Urban,Harare,Primary,Informal,1,1,1,0,0,2,Medium,4.1,1,0,0,30,33.0,20.0,29.05,Moderate Risk
43,Female,Rural,Mashonaland West,Primary,Unemployed,1,1,0,0,0,1,High,7.3,0,0,1,60,71.0,55.0,62.85,High Risk
18,Male,Rural,Mashonaland Central,Secondary,Informal,3,1,1,0,1,3,Low,4.7,1,0,1,20,40.0,40.0,31.0,Moderate Risk
31,Female,Rural,Masvingo,Secondary,Informal,2,1,1,0,1,3,Low,11.4,1,0,1,20,50.0,55.0,37.5,Moderate Risk
36,Male,Urban,Mashonaland East,Primary,Formal,4,1,1,0,1,3,Low,1.0,1,1,0,20,6.0,0.0,11.1,Low Risk
52,Male,Rural,Mashonaland Central,Secondary,Informal,1,1,0,1,1,3,Low,8.6,0,0,1,30,47.0,75.0,44.95,Moderate Risk
42,Female,Urban,Bulawayo,Secondary,Formal,5,1,1,1,1,4,Low,1.5,1,1,0,0,10.0,0.0,3.5,Low Risk
21,Male,Urban,Harare,Secondary,Informal,3,0,1,0,0,1,High,7.6,1,1,1,70,20.0,5.0,39.5,Moderate Risk
31,Male,Urban,Mashonaland Central,Secondary,Formal,5,1,1,0,1,3,Low,1.9,1,1,0,20,0.0,20.0,13.0,Low Risk
50,Female,Rural,Matabeleland North,Tertiary,Informal,3,1,1,0,0,2,Medium,39.2,1,0,1,30,42.0,70.0,42.2,Moderate Risk
21,Male,Urban,Bulawayo,Primary,Formal,4,1,1,1,1,4,Low,1.9,1,1,0,0,14.0,0.0,4.9,Low Risk
36,Male,Rural,Mashonaland East,Secondary,Informal,1,1,1,1,1,4,Low,6.1,1,0,1,0,47.0,25.0,21.45,Low Risk
37,Male,Rural,Masvingo,Secondary,Informal,1,1,1,0,0,2,Medium,16.9,0,0,1,30,47.0,85.0,46.95,High Risk
32,Male,Urban,Bulawayo,Secondary,Formal,5,1,0,1,1,3,Low,1.9,1,1,0,30,0.0,0.0,13.5,Low Risk
75,Female,Urban,Bulawayo,Secondary,Formal,5,1,0,0,1,2,Medium,1.2,1,1,0,50,18.0,0.0,28.8,Moderate Risk
32,Male,Urban,Bulawayo,Secondary,Informal,2,1,1,0,0,2,Medium,0.5,1,0,0,30,20.0,20.0,24.5,Low Risk
44,Female,Rural,Midlands,None,Informal,1,0,1,0,0,1,High,16.5,0,0,1,70,69.0,65.0,68.65,Critical Risk
27,Female,Rural,Mashonaland Central,Secondary,Informal,2,1,1,0,0,2,Medium,2.1,0,1,1,30,50.0,50.0,41.0,Moderate Risk
45,Female,Urban,Harare,Secondary,Formal,5,1,1,0,1,3,Low,3.5,1,1,0,20,10.0,0.0,12.5,Low Risk
50,Female,Rural,Midlands,Primary,Formal,3,1,1,1,1,4,Low,42.6,1,1,1,0,36.0,30.0,18.6,Low Risk
29,Female,Urban,Harare,Tertiary,Formal,5,1,1,1,1,4,Low,0.1,1,1,0,0,10.0,0.0,3.5,Low Risk
37,Female,Rural,Midlands,Secondary,Informal,2,1,0,0,1,2,Medium,5.9,0,1,1,50,50.0,35.0,47.0,High Risk
25,Male,Rural,Masvingo,Secondary,Informal,3,0,1,1,0,2,Medium,103.6,0,0,1,50,32.0,100.0,53.7,High Risk
21,Male,Rural,Midlands,Tertiary,Informal,2,1,1,0,1,3,Low,1.0,1,1,1,20,48.0,0.0,25.8,Moderate Risk
52,Female,Rural,Masvingo,Secondary,Informal,1,1,1,0,0,2,Medium,18.9,1,0,1,30,57.0,55.0,44.45,Moderate Risk
30,Male,Rural,Matabeleland South,Primary,Informal,1,0,1,1,1,3,Low,61.5,1,0,1,40,53.0,70.0,50.55,High Risk
18,Female,Urban,Manicaland,Secondary,Formal,5,1,1,1,1,4,Low,4.0,1,0,0,0,18.0,20.0,10.3,Low Risk
62,Male,Urban,Bulawayo,Secondary,Formal,4,1,1,1,1,4,Low,0.7,1,1,0,0,0.0,0.0,0.0,Low Risk
26,Female,Urban,Harare,Secondary,Formal,4,1,1,1,1,4,Low,9.0,1,1,0,0,10.0,5.0,4.5,Low Risk
34,Male,Urban,Harare,Tertiary,Formal,5,1,1,1,1,4,Low,2.9,1,1,0,0,0.0,0.0,0.0,Low Risk
60,Female,Rural,Mashonaland Central,Secondary,Unemployed,1,1,0,0,0,1,High,20.1,0,1,1,60,65.0,80.0,65.75,Critical Risk
36,Male,Rural,Midlands,None,Informal,1,0,1,0,1,2,Medium,15.1,1,0,0,60,59.0,35.0,54.65,High Risk
35,Male,Rural,Mashonaland East,Secondary,Informal,1,0,1,0,1,2,Medium,13.9,1,1,1,60,47.0,15.0,46.45,High Risk
20,Female,Urban,Mashonaland Central,Tertiary,Unemployed,2,0,1,0,0,1,High,0.3,1,1,1,70,46.0,20.0,51.6,High Risk
18,Female,Rural,Mashonaland West,Primary,Informal,3,1,1,0,1,3,Low,10.2,0,1,0,20,56.0,45.0,37.6,Moderate Risk
35,Female,Urban,Harare,None,Formal,4,0,1,0,1,2,Medium,5.7,0,1,1,60,22.0,35.0,41.7,Moderate Risk
43,Female,Urban,Midlands,Secondary,Informal,3,1,0,0,0,1,High,2.7,1,1,0,60,22.0,0.0,34.7,Moderate Risk
42,Male,Rural,Manicaland,Secondary,Informal,1,1,0,0,1,2,Medium,35.5,1,1,1,50,47.0,30.0,44.95,Moderate Risk
31,Female,Rural,Masvingo,None,Unemployed,1,1,1,0,0,2,Medium,6.6,0,0,1,30,77.0,75.0,55.45,High Risk
38,Male,Rural,Mashonaland West,Primary,Unemployed,1,1,0,0,0,1,High,7.7,0,0,0,60,61.0,55.0,59.35,High Risk
18,Female,Urban,Harare,Primary,Informal,2,1,1,0,0,2,Medium,1.2,1,1,0,30,44.0,0.0,28.9,Moderate Risk
44,Male,Rural,Mashonaland Central,Secondary,Informal,1,0,0,1,1,2,Medium,32.1,0,1,1,70,47.0,80.0,63.95,High Risk
40,Male,Urban,Bulawayo,Primary,Informal,2,1,1,0,1,3,Low,2.2,1,1,1,20,26.0,0.0,18.1,Low Risk
65,Female,Rural,Manicaland,None,Informal,3,1,0,0,0,1,High,1.5,0,0,1,60,62.0,50.0,58.7,High Risk
38,Female,Rural,Matabeleland South,Secondary,Informal,2,1,1,0,0,2,Medium,1.0,0,0,0,30,50.0,70.0,45.0,Moderate Risk
24,Male,Urban,Bulawayo,Secondary,Unemployed,4,1,1,0,0,2,Medium,0.1,1,1,0,30,28.0,0.0,23.3,Low Risk
37,Female,Urban,Harare,Secondary,Formal,5,1,1,1,1,4,Low,2.0,1,1,0,0,10.0,0.0,3.5,Low Risk
33,Female,Urban,Harare,Secondary,Unemployed,3,1,1,0,0,2,Medium,0.8,1,0,0,30,30.0,20.0,28.0,Moderate Risk
44,Male,Rural,Manicaland,None,Informal,1,1,1,1,1,4,Low,8.3,1,0,1,0,59.0,25.0,25.65,Moderate Risk
38,Female,Urban,Mashonaland East,Primary,Formal,5,1,1,0,1,3,Low,2.3,1,1,0,20,16.0,0.0,14.6,Low Risk
20,Male,Rural,Masvingo,Secondary,Unemployed,2,1,1,0,0,2,Medium,2.6,0,0,0,30,56.0,70.0,47.1,High Risk
18,Male,Rural,Harare,Primary,Informal,1,1,1,0,1,3,Low,3.2,1,0,1,20,61.0,20.0,34.35,Moderate Risk
41,Female,Rural,Masvingo,Secondary,Informal,2,1,1,0,0,2,Medium,11.9,0,0,0,30,50.0,85.0,48.0,High Risk
57,Male,Urban,Bulawayo,Tertiary,Informal,5,1,0,0,0,1,High,0.2,0,1,0,60,12.0,30.0,37.2,Moderate Risk
39,Male,Rural,Matabeleland North,Secondary,Informal,1,1,0,0,0,1,High,21.1,1,1,1,60,47.0,50.0,53.45,High Risk
49,Female,Urban,Harare,Secondary,Formal,5,1,1,0,1,3,Low,5.8,1,1,1,20,10.0,5.0,13.5,Low Risk
52,Male,Rural,Manicaland,Tertiary,Informal,3,1,0,1,1,3,Low,82.8,0,0,1,30,32.0,80.0,40.7,Moderate Risk
41,Female,Rural,Mashonaland East,Secondary,Unemployed,1,1,0,1,0,2,Medium,28.1,0,0,0,40,65.0,80.0,56.75,High Risk
26,Female,Rural,Matabeleland North,Secondary,Informal,2,1,1,0,0,2,Medium,2.8,1,0,1,30,50.0,40.0,39.0,Moderate Risk
40,Male,Rural,Matabeleland North,Secondary,Unemployed,2,1,0,0,0,1,High,23.8,0,0,0,60,48.0,100.0,63.8,High Risk
54,Female,Urban,Harare,Secondary,Unemployed,2,1,1,0,0,2,Medium,6.9,0,1,0,30,38.0,35.0,33.8,Moderate Risk
45,Male,Urban,Harare,Tertiary,Formal,5,1,1,1,1,4,Low,9.5,1,1,0,0,0.0,5.0,1.0,Low Risk
48,Female,Urban,Bulawayo,None,Informal,3,1,1,0,1,3,Low,7.6,1,1,0,20,34.0,5.0,21.9,Low Risk
31,Male,Urban,Harare,Tertiary,Informal,4,1,1,0,0,2,Medium,6.9,0,1,0,30,12.0,35.0,24.7,Low Risk
35,Female,Urban,Bulawayo,Secondary,Formal,5,1,1,1,1,4,Low,1.4,1,1,0,0,10.0,0.0,3.5,Low Risk
36,Male,Urban,Harare,Secondary,Formal,5,1,1,1,1,4,Low,0.3,1,1,0,0,0.0,0.0,0.0,Low Risk
37,Female,Urban,Harare,Secondary,Informal,5,0,1,0,1,2,Medium,5.3,1,0,0,60,22.0,25.0,39.7,Moderate Risk
54,Male,Urban,Bulawayo,Secondary,Unemployed,4,1,1,0,0,2,Medium,0.1,1,1,1,30,20.0,0.0,20.5,Low Risk
18,Male,Urban,Harare,Primary,Unemployed,3,1,1,0,0,2,Medium,0.8,0,0,0,30,34.0,50.0,35.4,Moderate Risk
38,Male,Rural,Masvingo,Tertiary,Informal,3,0,1,0,1,2,Medium,28.0,0,0,0,60,32.0,100.0,58.2,High Risk
36,Female,Rural,Manicaland,Secondary,Unemployed,3,1,1,0,0,2,Medium,6.9,0,0,1,30,50.0,55.0,42.0,Moderate Risk
18,Female,Urban,Harare,Tertiary,Informal,2,1,1,0,0,2,Medium,6.9,1,0,0,30,38.0,25.0,31.8,Moderate Risk
47,Male,Urban,Bulawayo,Secondary,Unemployed,1,1,1,1,0,3,Low,12.4,1,1,1,10,35.0,15.0,19.75,Low Risk
27,Male,Urban,Harare,Secondary,Informal,4,1,1,0,0,2,Medium,0.4,1,1,1,30,12.0,0.0,17.7,Low Risk
33,Male,Rural,Masvingo,Primary,Unemployed,2,1,0,0,0,1,High,4.4,0,1,1,60,54.0,50.0,55.9,High Risk
63,Male,Urban,Mashonaland Central,Secondary,Unemployed,1,1,1,0,0,2,Medium,1.7,1,1,0,30,35.0,20.0,29.75,Moderate Risk
52,Female,Urban,Matabeleland South,Secondary,Formal,5,1,1,1,1,4,Low,9.8,1,1,0,0,10.0,25.0,8.5,Low Risk
46,Female,Urban,Harare,Tertiary,Unemployed,3,1,1,1,0,3,Low,0.5,1,0,0,10,30.0,20.0,19.0,Low Risk
43,Female,Urban,Harare,Tertiary,Informal,4,1,1,1,0,3,Low,0.7,1,1,0,10,22.0,0.0,12.2,Low Risk
35,Male,Urban,Harare,Secondary,Formal,5,1,0,1,1,3,Low,3.1,1,1,0,30,0.0,0.0,13.5,Low Risk
65,Male,Rural,Midlands,Primary,Formal,2,1,1,1,1,4,Low,150.0,1,0,0,0,42.0,50.0,24.7,Low Risk
49,Female,Rural,Mashonaland West,Secondary,Informal,1,1,0,1,1,3,Low,8.9,0,0,1,30,57.0,55.0,44.45,Moderate Risk
27,Male,Rural,Mashonaland East,Secondary,Informal,1,0,0,0,1,1,High,3.5,1,1,1,90,47.0,0.0,56.95,High Risk
18,Female,Rural,Matabeleland South,Secondary,Informal,3,1,1,0,0,2,Medium,3.6,1,1,0,30,50.0,20.0,35.0,Moderate Risk
45,Male,Rural,Manicaland,Secondary,Informal,2,1,1,0,1,3,Low,5.4,1,0,1,20,40.0,25.0,28.0,Moderate Risk
37,Male,Urban,Bulawayo,None,Formal,4,1,0,1,1,3,Low,2.1,1,1,0,30,12.0,0.0,17.7,Low Risk
18,Female,Rural,Mashonaland West,None,Informal,1,1,1,0,0,2,Medium,33.4,1,0,0,30,77.0,50.0,50.45,High Risk
44,Male,Urban,Bulawayo,Tertiary,Informal,3,1,1,0,1,3,Low,1.2,1,1,0,20,12.0,0.0,13.2,Low Risk
34,Female,Urban,Manicaland,Tertiary,Formal,5,1,1,1,1,4,Low,0.7,1,1,0,0,10.0,0.0,3.5,Low Risk
45,Male,Rural,Mashonaland East,Tertiary,Informal,3,1,1,1,0,3,Low,14.3,1,0,1,10,32.0,35.0,22.7,Low Risk
44,Male,Urban,Bulawayo,Secondary,Formal,5,1,1,1,1,4,Low,3.3,1,1,0,0,0.0,0.0,0.0,Low Risk
29,Male,Urban,Bulawayo,Secondary,Unemployed,4,1,1,0,0,2,Medium,1.0,1,0,0,30,20.0,20.0,24.5,Low Risk
46,Male,Rural,Manicaland,Primary,Informal,2,0,0,0,1,1,High,22.2,1,0,1,90,46.0,50.0,66.6,Critical Risk
31,Female,Rural,Midlands,Tertiary,Unemployed,2,0,1,0,0,1,High,10.9,1,1,1,70,58.0,15.0,54.8,High Risk
31,Male,Rural,Matabeleland South,Primary,Informal,1,1,0,0,1,2,Medium,2.2,1,1,1,50,53.0,20.0,45.05,High Risk
30,Female,Urban,Matabeleland North,Secondary,Unemployed,4,1,0,0,0,1,High,0.5,1,1,1,60,30.0,20.0,41.5,Moderate Risk
53,Female,Urban,Manicaland,Secondary,Informal,3,1,1,0,1,3,Low,3.7,0,1,1,20,22.0,30.0,22.7,Low Risk
34,Male,Rural,Mashonaland Central,None,Informal,1,1,0,0,0,1,High,55.3,1,0,0,60,59.0,70.0,61.65,High Risk
57,Male,Urban,Harare,Secondary,Formal,5,1,1,1,1,4,Low,1.5,1,1,0,0,0.0,0.0,0.0,Low Risk
62,Male,Rural,Mashonaland East,Secondary,Informal,1,0,1,0,1,2,Medium,5.6,1,0,1,60,47.0,25.0,48.45,High Risk
27,Female,Urban,Harare,Tertiary,Informal,2,1,1,0,1,3,Low,2.2,0,1,0,20,30.0,30.0,25.5,Moderate Risk
18,Female,Urban,Harare,Tertiary,Informal,5,0,1,0,1,2,Medium,4.0,0,1,0,60,30.0,30.0,43.5,Moderate Risk
52,Male,Urban,Harare,Secondary,Formal,4,1,1,1,1,4,Low,6.2,1,0,0,0,0.0,25.0,5.0,Low Risk
33,Female,Rural,Harare,Secondary,Informal,2,0,1,0,1,2,Medium,12.3,0,1,1,60,50.0,45.0,53.5,High Risk
25,Male,Urban,Mashonaland West,Tertiary,Informal,5,1,1,1,0,3,Low,2.8,1,0,0,10,12.0,20.0,12.7,Low Risk
29,Male,Urban,Harare,Primary,Informal,2,1,1,0,1,3,Low,1.5,1,1,0,20,26.0,0.0,18.1,Low Risk
32,Male,Urban,Bulawayo,Tertiary,Informal,4,0,0,1,0,1,High,2.9,1,1,1,80,12.0,0.0,40.2,Moderate Risk
56,Female,Urban,Mashonaland East,Tertiary,Formal,5,1,1,1,1,4,Low,5.0,1,1,0,0,10.0,0.0,3.5,Low Risk
40,Male,Urban,Bulawayo,Secondary,Informal,4,1,1,0,1,3,Low,2.7,1,0,1,20,12.0,20.0,17.2,Low Risk
55,Male,Rural,Mashonaland Central,None,Informal,1,1,1,0,0,2,Medium,26.7,1,1,0,30,59.0,50.0,44.15,Moderate Risk
44,Male,Urban,Bulawayo,Secondary,Informal,5,1,1,0,1,3,Low,5.8,1,1,0,20,12.0,5.0,14.2,Low Risk
33,Female,Rural,Matabeleland South,Primary,Unemployed,1,1,1,0,0,2,Medium,118.7,1,1,1,30,71.0,50.0,48.35,High Risk
32,Male,Rural,Midlands,Tertiary,Informal,3,0,0,0,1,1,High,40.7,1,0,1,90,32.0,50.0,61.7,High Risk
45,Male,Urban,Harare,Secondary,Formal,5,1,1,1,1,4,Low,3.1,1,1,0,0,0.0,0.0,0.0,Low Risk
49,Male,Urban,Harare,Secondary,Informal,4,1,0,1,0,2,Medium,1.2,1,0,0,40,12.0,20.0,26.2,Moderate Risk
51,Female,Rural,Masvingo,Secondary,Unemployed,3,1,1,0,0,2,Medium,1.1,0,0,1,30,50.0,70.0,45.0,Moderate Risk
34,Male,Urban,Harare,Tertiary,Formal,5,1,1,1,1,4,Low,0.6,1,1,0,0,0.0,0.0,0.0,Low Risk
40,Female,Urban,Mashonaland East,Secondary,Informal,4,1,1,0,0,2,Medium,2.7,1,1,1,30,22.0,0.0,21.2,Low Risk
46,Male,Rural,Matabeleland North,None,Informal,1,1,1,0,1,3,Low,1.0,0,0,0,20,59.0,70.0,43.65,Moderate Risk
32,Male,Rural,Matabeleland South,Secondary,Unemployed,1,0,0,1,0,1,High,15.5,1,0,1,80,55.0,55.0,66.25,Critical Risk
22,Female,Rural,Midlands,Primary,Informal,2,1,1,0,1,3,Low,83.1,1,0,0,20,64.0,50.0,41.4,Moderate Risk
26,Female,Urban,Bulawayo,Secondary,Informal,4,1,1,1,1,4,Low,2.8,1,1,0,0,22.0,0.0,7.7,Low Risk
34,Male,Rural,Midlands,Secondary,Informal,4,1,0,0,1,2,Medium,51.5,1,0,0,50,32.0,50.0,43.7,Moderate Risk
47,Female,Rural,Matabeleland North,Primary,Unemployed,1,1,1,0,0,2,Medium,1.6,0,1,1,30,71.0,50.0,48.35,High Risk
55,Female,Urban,Harare,Tertiary,Unemployed,3,1,1,0,0,2,Medium,1.1,1,1,0,30,30.0,0.0,24.0,Low Risk
19,Male,Rural,Matabeleland South,Secondary,Informal,1,0,0,0,0,0,High,13.7,0,0,1,100,55.0,85.0,81.25,Critical Risk
29,Female,Urban,Bulawayo,Tertiary,Informal,4,1,1,0,1,3,Low,0.3,0,1,1,20,22.0,30.0,22.7,Low Risk
32,Female,Urban,Midlands,Tertiary,Informal,3,0,1,0,1,2,Medium,0.1,1,0,1,60,22.0,20.0,38.7,Moderate Risk
49,Male,Urban,Harare,Secondary,Unemployed,2,1,1,1,0,3,Low,1.5,1,1,0,10,28.0,0.0,14.3,Low Risk
30,Female,Urban,Harare,Secondary,Informal,3,1,0,0,1,2,Medium,2.8,1,0,0,50,22.0,20.0,34.2,Moderate Risk
31,Male,Urban,Mashonaland West,Secondary,Formal,5,1,1,1,1,4,Low,2.0,1,1,0,0,0.0,0.0,0.0,Low Risk
18,Male,Rural,Manicaland,None,Unemployed,1,1,1,0,0,2,Medium,28.2,1,1,0,30,75.0,30.0,45.75,High Risk
44,Female,Rural,Masvingo,Tertiary,Formal,4,0,1,1,1,3,Low,9.5,1,1,1,40,30.0,25.0,33.5,Moderate Risk
35,Female,Rural,Masvingo,None,Unemployed,1,1,1,0,0,2,Medium,6.3,1,0,1,30,77.0,45.0,49.45,High Risk
28,Female,Rural,Mashonaland Central,Secondary,Informal,1,1,1,0,1,3,Low,50.1,1,0,1,20,57.0,70.0,42.95,Moderate Risk
34,Female,Rural,Mashonaland Central,Secondary,Informal,2,1,1,1,1,4,Low,6.5,1,0,0,0,50.0,45.0,26.5,Moderate Risk
53,Female,Urban,Mashonaland East,Tertiary,Unemployed,3,1,1,0,0,2,Medium,6.4,1,0,0,30,30.0,25.0,29.0,Moderate Risk
23,Male,Urban,Harare,Secondary,Informal,2,1,0,1,0,2,Medium,1.9,1,1,1,40,28.0,0.0,27.8,Moderate Risk
26,Female,Urban,Mashonaland Central,Secondary,Informal,5,1,1,1,1,4,Low,2.4,1,1,0,0,22.0,20.0,11.7,Low Risk
55,Female,Urban,Manicaland,Secondary,Formal,5,1,1,0,1,3,Low,4.0,1,1,1,20,10.0,0.0,12.5,Low Risk
39,Female,Rural,Matabeleland North,Secondary,Informal,2,1,0,0,1,2,Medium,12.6,1,0,1,50,50.0,55.0,51.0,High Risk
47,Male,Urban,Harare,Tertiary,Formal,5,1,1,1,1,4,Low,4.0,1,1,0,0,0.0,0.0,0.0,Low Risk
43,Male,Urban,Harare,Secondary,Informal,3,1,1,0,1,3,Low,1.7,1,1,0,20,12.0,0.0,13.2,Low Risk
37,Male,Urban,Mashonaland East,Tertiary,Informal,3,0,1,1,0,2,Medium,1.6,1,1,0,50,12.0,0.0,26.7,Moderate Risk
33,Male,Urban,Harare,Primary,Informal,4,1,1,0,1,3,Low,7.8,1,1,0,20,18.0,5.0,16.3,Low Risk
49,Male,Rural,Mashonaland East,Primary,Informal,2,0,1,0,0,1,High,22.2,1,1,1,70,46.0,30.0,53.6,High Risk
54,Female,Urban,Matabeleland South,Tertiary,Unemployed,1,1,1,0,0,2,Medium,2.2,1,0,0,30,45.0,40.0,37.25,Moderate Risk
53,Female,Urban,Harare,Secondary,Unemployed,3,1,1,0,0,2,Medium,2.8,1,1,0,30,30.0,0.0,24.0,Low Risk
21,Male,Urban,Harare,Secondary,Informal,4,1,1,1,1,4,Low,1.1,1,0,0,0,20.0,20.0,11.0,Low Risk
56,Male,Urban,Midlands,Secondary,Unemployed,3,1,1,0,0,2,Medium,2.5,0,1,0,30,20.0,30.0,26.5,Moderate Risk
32,Female,Rural,Manicaland,Tertiary,Informal,4,1,0,0,1,2,Medium,6.4,0,1,1,50,42.0,35.0,44.2,Moderate Risk
27,Male,Urban,Harare,Secondary,Formal,5,1,1,1,1,4,Low,0.9,1,1,0,0,0.0,0.0,0.0,Low Risk
35,Female,Urban,Harare,Secondary,Formal,5,1,0,1,1,3,Low,0.6,1,1,1,30,10.0,0.0,17.0,Low Risk
49,Male,Urban,Mashonaland East,Tertiary,Unemployed,3,1,1,0,0,2,Medium,1.1,1,1,0,30,20.0,0.0,20.5,Low Risk
45,Male,Rural,Midlands,Secondary,Informal,2,1,1,0,0,2,Medium,7.6,1,1,0,30,40.0,5.0,28.5,Moderate Risk
34,Male,Rural,Matabeleland South,Secondary,Informal,1,1,1,0,0,2,Medium,13.4,1,1,1,30,47.0,35.0,36.95,Moderate Risk
49,Female,Rural,Midlands,Primary,Unemployed,1,0,1,0,0,1,High,12.3,1,0,1,70,71.0,35.0,63.35,High Risk
39,Male,Rural,Harare,Secondary,Informal,2,1,1,0,0,2,Medium,5.7,0,0,1,30,40.0,55.0,38.5,Moderate Risk
29,Female,Rural,Masvingo,Tertiary,Unemployed,4,1,1,0,0,2,Medium,36.8,1,1,0,30,50.0,50.0,41.0,Moderate Risk
28,Male,Urban,Harare,Secondary,Informal,5,1,1,0,0,2,Medium,1.8,1,0,0,30,12.0,20.0,21.7,Low Risk
43,Male,Urban,Matabeleland North,Tertiary,Informal,4,1,1,0,1,3,Low,4.2,1,1,0,20,12.0,20.0,17.2,Low Risk
36,Female,Urban,Matabeleland South,Tertiary,Formal,4,1,0,1,1,3,Low,1.9,1,1,1,30,10.0,20.0,21.0,Low Risk
18,Male,Urban,Harare,Secondary,Informal,2,1,1,1,1,4,Low,4.0,1,0,0,0,28.0,20.0,13.8,Low Risk
49,Male,Rural,Matabeleland South,Secondary,Informal,3,1,0,0,0,1,High,49.0,1,0,0,60,32.0,70.0,52.2,High Risk
31,Female,Urban,Bulawayo,Secondary,Formal,5,1,1,0,1,3,Low,5.5,1,1,0,20,10.0,5.0,13.5,Low Risk
60,Female,Rural,Manicaland,Secondary,Unemployed,2,1,0,0,0,1,High,26.5,1,0,1,60,58.0,50.0,57.3,High Risk
18,Male,Rural,Masvingo,Secondary,Formal,4,1,0,1,1,3,Low,10.6,0,0,1,30,28.0,85.0,40.3,Moderate Risk
35,Male,Urban,Midlands,Primary,Formal,5,0,1,1,1,3,Low,2.7,1,1,1,40,6.0,0.0,20.1,Low Risk
28,Female,Rural,Mashonaland East,Tertiary,Informal,3,0,1,0,1,2,Medium,58.0,1,0,1,60,42.0,50.0,51.7,High Risk
24,Female,Rural,Harare,Secondary,Unemployed,3,1,0,0,0,1,High,87.4,1,0,1,60,58.0,50.0,57.3,High Risk
31,Female,Rural,Midlands,Secondary,Unemployed,1,0,0,0,0,0,High,3.0,1,0,1,100,65.0,20.0,71.75,Critical Risk
62,Female,Urban,Harare,Secondary,Formal,5,1,1,1,1,4,Low,8.0,1,1,0,0,10.0,5.0,4.5,Low Risk
40,Female,Urban,Harare,Secondary,Formal,5,1,1,1,1,4,Low,0.3,1,1,0,0,10.0,0.0,3.5,Low Risk
26,Male,Urban,Manicaland,Secondary,Informal,4,1,1,0,1,3,Low,10.9,1,1,0,20,12.0,15.0,16.2,Low Risk
18,Male,Urban,Bulawayo,Tertiary,Informal,5,0,1,0,0,1,High,1.4,1,1,1,70,20.0,0.0,38.5,Moderate Risk
18,Female,Urban,Harare,Primary,Informal,3,1,1,1,0,3,Low,1.5,1,1,0,10,36.0,0.0,17.1,Low Risk
30,Female,Rural,Manicaland,Secondary,Informal,2,1,0,0,0,1,High,3.8,1,0,0,60,50.0,20.0,48.5,High Risk
29,Female,Rural,Matabeleland South,Secondary,Informal,3,0,1,0,0,1,High,35.0,1,1,0,70,42.0,50.0,56.2,High Risk
34,Female,Urban,Bulawayo,Tertiary,Formal,5,1,1,1,1,4,Low,3.2,0,1,0,0,10.0,30.0,9.5,Low Risk
18,Male,Urban,Bulawayo,None,Informal,2,1,1,0,1,3,Low,0.1,1,1,0,20,40.0,0.0,23.0,Low Risk
36,Male,Urban,Masvingo,Secondary,Formal,5,1,1,1,1,4,Low,0.4,1,1,0,0,0.0,20.0,4.0,Low Risk
52,Female,Urban,Harare,Secondary,Informal,3,1,1,0,1,3,Low,1.2,1,0,0,20,22.0,20.0,20.7,Low Risk
60,Male,Rural,Midlands,Primary,Informal,1,0,1,0,1,2,Medium,3.8,1,1,1,60,53.0,0.0,45.55,High Risk
18,Female,Urban,Mashonaland Central,None,Informal,3,1,1,0,0,2,Medium,1.4,1,0,0,30,42.0,40.0,36.2,Moderate Risk
26,Female,Urban,Matabeleland South,Secondary,Informal,3,1,1,0,1,3,Low,10.3,0,1,1,20,22.0,65.0,29.7,Moderate Risk
26,Male,Rural,Mashonaland Central,Secondary,Formal,4,1,1,1,0,3,Low,32.5,1,1,0,10,20.0,50.0,21.5,Low Risk
40,Female,Urban,Harare,Secondary,Formal,3,0,0,1,1,2,Medium,3.5,1,0,1,70,10.0,20.0,39.0,Moderate Risk
20,Female,Urban,Bulawayo,Secondary,Informal,4,1,1,0,0,2,Medium,0.3,0,1,1,30,30.0,30.0,30.0,Moderate Risk
61,Female,Rural,Midlands,Tertiary,Unemployed,3,0,1,0,0,1,High,10.9,1,0,0,70,50.0,35.0,56.0,High Risk
38,Male,Rural,Midlands,Secondary,Unemployed,2,1,1,0,0,2,Medium,41.5,1,0,1,30,48.0,50.0,40.3,Moderate Risk
36,Female,Rural,Mashonaland West,Secondary,Informal,2,0,1,0,0,1,High,26.9,0,0,1,70,50.0,80.0,65.0,High Risk
60,Male,Rural,Masvingo,Primary,Unemployed,2,1,0,0,0,1,High,30.5,1,0,1,60,54.0,70.0,59.9,High Risk
37,Female,Urban,Harare,Tertiary,Formal,5,1,1,1,1,4,Low,0.8,1,1,0,0,10.0,0.0,3.5,Low Risk
43,Male,Rural,Matabeleland North,Secondary,Formal,4,1,1,0,1,3,Low,4.2,1,1,0,20,20.0,20.0,20.0,Low Risk
27,Female,Rural,Matabeleland South,Primary,Informal,2,1,0,0,0,1,High,14.8,0,0,1,60,56.0,85.0,63.6,High Risk
18,Female,Rural,Matabeleland South,Secondary,Unemployed,3,1,1,0,0,2,Medium,21.6,0,0,0,30,58.0,100.0,53.8,High Risk
29,Female,Rural,Mashonaland East,Secondary,Informal,3,0,0,0,0,0,High,68.4,1,1,1,100,42.0,30.0,65.7,Critical Risk
68,Female,Rural,Midlands,Secondary,Informal,1,1,0,0,0,1,High,17.6,0,0,1,60,65.0,65.0,62.75,High Risk
46,Male,Rural,Manicaland,Secondary,Informal,3,1,0,0,1,2,Medium,22.6,1,0,1,50,32.0,50.0,43.7,Moderate Risk
41,Female,Urban,Bulawayo,Secondary,Formal,5,1,1,0,1,3,Low,1.0,1,1,1,20,10.0,0.0,12.5,Low Risk
24,Male,Rural,Masvingo,Secondary,Informal,2,0,1,0,1,2,Medium,11.5,1,1,1,60,48.0,35.0,50.8,High Risk
50,Female,Urban,Bulawayo,Tertiary,Formal,5,1,1,1,1,4,Low,4.2,0,1,0,0,10.0,30.0,9.5,Low Risk
18,Male,Rural,Matabeleland South,Primary,Informal,2,1,1,1,1,4,Low,35.2,1,0,0,0,54.0,70.0,32.9,Moderate Risk
18,Female,Rural,Masvingo,Primary,Informal,3,1,0,1,0,2,Medium,6.8,0,0,1,40,56.0,75.0,52.6,High Risk
30,Male,Rural,Manicaland,Primary,Informal,1,1,0,0,0,1,High,28.3,1,1,0,60,53.0,30.0,51.55,High Risk
65,Female,Rural,Mashonaland Central,Tertiary,Unemployed,4,1,1,0,0,2,Medium,2.4,0,0,0,30,58.0,70.0,47.8,High Risk
64,Female,Urban,Bulawayo,Secondary,Informal,4,1,1,0,0,2,Medium,2.5,1,1,0,30,22.0,0.0,21.2,Low Risk
31,Male,Rural,Matabeleland North,Primary,Unemployed,2,0,0,0,0,0,High,73.8,1,0,1,100,54.0,70.0,77.9,Critical Risk
28,Male,Rural,Masvingo,Secondary,Informal,2,1,0,0,1,2,Medium,85.5,1,0,0,50,40.0,70.0,50.5,High Risk
18,Female,Urban,Harare,Tertiary,Informal,3,1,1,0,0,2,Medium,0.5,1,1,0,30,30.0,0.0,24.0,Low Risk
39,Female,Urban,Harare,Secondary,Formal,5,1,1,1,1,4,Low,0.6,1,1,0,0,10.0,0.0,3.5,Low Risk
40,Male,Urban,Mashonaland East,Tertiary,Formal,5,1,1,1,1,4,Low,2.2,1,1,0,0,0.0,0.0,0.0,Low Risk
49,Male,Rural,Mashonaland West,None,Informal,1,1,1,0,1,3,Low,6.6,0,1,1,20,59.0,35.0,36.65,Moderate Risk
50,Male,Urban,Bulawayo,Secondary,Informal,2,1,1,0,0,2,Medium,3.1,1,1,0,30,20.0,0.0,20.5,Low Risk
35,Female,Rural,Mashonaland West,Secondary,Informal,3,0,1,0,0,1,High,3.1,1,0,1,70,42.0,20.0,50.2,High Risk
45,Female,Urban,Harare,Secondary,Informal,5,1,0,0,0,1,High,0.7,1,1,0,60,22.0,0.0,34.7,Moderate Risk
28,Male,Rural,Mashonaland East,Secondary,Formal,4,1,1,1,1,4,Low,24.4,1,0,0,0,20.0,50.0,17.0,Low Risk
45,Female,Urban,Harare,Secondary,Unemployed,2,0,1,0,0,1,High,0.5,0,1,1,70,38.0,30.0,50.8,High Risk
30,Female,Rural,Matabeleland North,Primary,Formal,3,0,1,1,1,3,Low,12.7,1,1,0,40,36.0,35.0,37.6,Moderate Risk
44,Female,Urban,Harare,Primary,Unemployed,2,1,1,0,0,2,Medium,6.7,1,1,0,30,44.0,5.0,29.9,Moderate Risk
43,Male,Rural,Mashonaland East,None,Informal,1,1,1,0,0,2,Medium,11.8,0,0,1,30,59.0,65.0,47.15,High Risk
38,Male,Rural,Midlands,Secondary,Formal,3,0,1,1,0,2,Medium,14.8,1,1,1,50,20.0,15.0,32.5,Moderate Risk
49,Male,Rural,Mashonaland East,Primary,Informal,2,1,0,0,1,2,Medium,27.4,1,1,0,50,46.0,30.0,44.6,Moderate Risk
18,Male,Rural,Masvingo,Tertiary,Formal,4,1,1,1,1,4,Low,20.3,1,1,0,0,28.0,50.0,19.8,Low Risk
23,Male,Urban,Harare,Primary,Informal,3,1,1,0,1,3,Low,3.3,1,0,0,20,26.0,20.0,22.1,Low Risk
34,Male,Urban,Harare,Tertiary,Formal,4,1,1,1,1,4,Low,7.0,1,1,0,0,0.0,5.0,1.0,Low Risk
18,Male,Urban,Harare,Tertiary,Informal,5,1,1,0,1,3,Low,7.0,1,1,0,20,20.0,5.0,17.0,Low Risk
32,Female,Urban,Mashonaland West,Primary,Informal,3,1,1,0,0,2,Medium,3.1,1,0,0,30,28.0,20.0,27.3,Moderate Risk
32,Male,Rural,Mashonaland West,None,Unemployed,1,1,1,1,0,3,Low,27.2,1,0,0,10,67.0,50.0,37.95,Moderate Risk
56,Female,Rural,Matabeleland North,Secondary,Informal,2,1,1,0,0,2,Medium,1.8,1,0,0,30,50.0,40.0,39.0,Moderate Risk
39,Male,Rural,Midlands,None,Informal,1,1,1,0,0,2,Medium,1.0,1,1,1,30,59.0,0.0,34.15,Moderate Risk
52,Female,Rural,Harare,Primary,Unemployed,1,0,1,0,0,1,High,23.3,1,0,1,70,71.0,50.0,66.35,Critical Risk
42,Male,Rural,Matabeleland North,Secondary,Informal,1,1,0,0,0,1,High,24.7,1,0,0,60,47.0,70.0,57.45,High Risk
30,Female,Rural,Manicaland,Tertiary,Formal,4,1,0,1,1,3,Low,17.9,1,1,0,30,30.0,15.0,27.0,Moderate Risk
39,Female,Urban,Bulawayo,Tertiary,Informal,4,1,1,1,0,3,Low,1.0,1,1,0,10,22.0,0.0,12.2,Low Risk
48,Male,Urban,Mashonaland West,Tertiary,Informal,5,1,1,0,0,2,Medium,0.4,1,1,0,30,12.0,0.0,17.7,Low Risk
54,Female,Rural,Manicaland,Secondary,Unemployed,2,1,1,0,0,2,Medium,16.6,0,1,1,30,58.0,45.0,42.8,Moderate Risk
36,Male,Rural,Midlands,Secondary,Informal,1,0,1,0,0,1,High,4.5,1,0,1,70,47.0,20.0,51.95,High Risk
18,Female,Urban,Bulawayo,Secondary,Unemployed,3,1,1,1,0,3,Low,12.4,1,0,0,10,38.0,35.0,24.8,Low Risk
18,Male,Urban,Harare,Tertiary,Unemployed,3,0,1,0,0,1,High,0.3,1,1,0,70,28.0,0.0,41.3,Moderate Risk
33,Male,Rural,Harare,Secondary,Unemployed,1,1,1,1,0,3,Low,2.3,1,1,0,10,55.0,0.0,23.75,Low Risk
18,Male,Urban,Bulawayo,Secondary,Formal,5,1,1,1,1,4,Low,0.4,1,1,0,0,8.0,0.0,2.8,Low Risk
63,Female,Urban,Bulawayo,Tertiary,Formal,5,1,0,0,1,2,Medium,1.5,1,1,0,50,10.0,0.0,26.0,Moderate Risk
46,Male,Rural,Mashonaland Central,Secondary,Unemployed,1,1,0,1,0,2,Medium,11.0,1,0,1,40,55.0,55.0,48.25,High Risk
29,Female,Rural,Mashonaland West,Secondary,Informal,2,1,1,0,1,3,Low,39.4,1,0,0,20,50.0,50.0,36.5,Moderate Risk
22,Male,Urban,Harare,Secondary,Informal,4,1,1,0,0,2,Medium,0.3,1,1,0,30,20.0,0.0,20.5,Low Risk
52,Male,Rural,Midlands,Primary,Unemployed,1,1,0,0,0,1,High,2.9,1,0,0,60,61.0,20.0,52.35,High Risk
22,Male,Urban,Harare,Secondary,Formal,5,1,1,1,1,4,Low,3.9,1,1,0,0,8.0,0.0,2.8,Low Risk
23,Female,Rural,Mashonaland West,Tertiary,Unemployed,3,0,1,0,0,1,High,1.0,0,1,0,70,58.0,30.0,57.8,High Risk
27,Female,Urban,Mashonaland East,Secondary,Informal,2,0,1,0,1,2,Medium,4.4,1,1,1,60,30.0,0.0,37.5,Moderate Risk
39,Male,Rural,Matabeleland North,Secondary,Unemployed,2,1,0,0,0,1,High,30.5,1,0,1,60,48.0,70.0,57.8,High Risk
46,Female,Urban,Masvingo,Secondary,Informal,3,1,0,1,1,3,Low,2.7,1,1,0,30,22.0,20.0,25.2,Moderate Risk
54,Male,Urban,Matabeleland South,Tertiary,Informal,3,1,1,0,0,2,Medium,3.2,1,1,1,30,12.0,20.0,21.7,Low Risk
52,Male,Rural,Mashonaland Central,Secondary,Formal,3,1,1,1,0,3,Low,7.3,1,1,0,10,20.0,25.0,16.5,Low Risk
38,Female,Urban,Harare,Primary,Unemployed,2,1,0,0,0,1,High,3.5,1,1,0,60,44.0,0.0,42.4,Moderate Risk
52,Male,Urban,Bulawayo,Secondary,Informal,3,1,1,0,1,3,Low,3.1,1,1,0,20,12.0,0.0,13.2,Low Risk
28,Male,Urban,Harare,Tertiary,Formal,5,1,1,1,1,4,Low,6.9,1,1,0,0,0.0,5.0,1.0,Low Risk
18,Female,Rural,Matabeleland North,Primary,Unemployed,1,1,1,0,0,2,Medium,24.1,0,0,0,30,79.0,100.0,61.15,High Risk
28,Male,Rural,Harare,Secondary,Informal,4,1,0,0,0,1,High,52.8,1,1,1,60,32.0,30.0,44.2,Moderate Risk
26,Female,Rural,Midlands,Primary,Informal,1,1,1,1,1,4,Low,11.6,0,0,1,0,63.0,65.0,35.05,Moderate Risk
29,Female,Urban,Manicaland,Primary,Unemployed,4,1,0,0,0,1,High,2.2,1,1,1,60,36.0,0.0,39.6,Moderate Risk
24,Female,Urban,Bulawayo,Tertiary,Informal,4,1,1,0,0,2,Medium,4.4,0,1,0,30,30.0,30.0,30.0,Moderate Risk
31,Female,Urban,Harare,Tertiary,Unemployed,3,1,1,0,0,2,Medium,10.3,1,1,0,30,30.0,15.0,27.0,Moderate Risk
46,Female,Rural,Midlands,Secondary,Unemployed,1,1,0,0,0,1,High,22.0,0,1,1,60,65.0,60.0,61.75,High Risk
62,Male,Rural,Matabeleland North,Primary,Informal,2,1,1,0,0,2,Medium,18.4,1,0,1,30,46.0,55.0,40.6,Moderate Risk
18,Female,Rural,Matabeleland South,Tertiary,Formal,3,0,1,1,1,3,Low,17.0,1,0,0,40,38.0,55.0,42.3,Moderate Risk
19,Female,Rural,Matabeleland South,Secondary,Unemployed,2,1,0,1,0,2,Medium,38.0,0,0,1,40,66.0,100.0,61.1,High Risk
26,Female,Urban,Harare,Tertiary,Informal,5,1,0,1,0,2,Medium,2.3,1,1,0,40,22.0,0.0,25.7,Moderate Risk
48,Male,Rural,Manicaland,None,Informal,1,1,0,0,0,1,High,9.7,0,0,1,60,59.0,55.0,58.65,High Risk
35,Female,Urban,Harare,Secondary,Informal,4,1,1,0,0,2,Medium,1.1,1,1,0,30,22.0,0.0,21.2,Low Risk
27,Female,Urban,Bulawayo,Secondary,Formal,5,1,1,0,1,3,Low,1.5,0,1,0,20,10.0,30.0,18.5,Low Risk
48,Male,Urban,Bulawayo,Tertiary,Formal,4,0,1,1,1,3,Low,2.8,1,1,1,40,0.0,0.0,18.0,Low Risk
51,Female,Urban,Harare,Secondary,Informal,2,1,1,0,1,3,Low,7.2,1,1,0,20,30.0,5.0,20.5,Low Risk
37,Male,Urban,Midlands,Secondary,Informal,4,1,1,0,1,3,Low,0.4,0,1,0,20,12.0,30.0,19.2,Low Risk
26,Male,Urban,Harare,Secondary,Informal,4,1,1,0,0,2,Medium,1.1,1,1,0,30,12.0,0.0,17.7,Low Risk
41,Female,Urban,Mashonaland Central,Tertiary,Formal,4,1,1,1,1,4,Low,0.1,1,1,0,0,10.0,20.0,7.5,Low Risk
34,Male,Rural,Mashonaland West,Secondary,Informal,2,0,1,1,1,3,Low,7.6,1,0,0,40,40.0,25.0,37.0,Moderate Risk
34,Male,Urban,Harare,Tertiary,Informal,4,1,1,0,0,2,Medium,0.5,1,0,0,30,12.0,20.0,21.7,Low Risk
30,Male,Urban,Harare,Secondary,Formal,5,1,1,0,1,3,Low,0.2,1,1,0,20,0.0,0.0,9.0,Low Risk
50,Male,Rural,Matabeleland North,Secondary,Informal,2,1,0,0,0,1,High,28.5,1,0,1,60,40.0,70.0,55.0,High Risk
41,Female,Rural,Matabeleland South,Secondary,Informal,2,1,1,0,0,2,Medium,9.9,0,0,1,30,50.0,75.0,46.0,High Risk
52,Female,Urban,Harare,Primary,Informal,4,0,0,0,0,0,High,10.3,1,1,1,100,28.0,15.0,57.8,High Risk
56,Female,Urban,Bulawayo,Tertiary,Informal,4,1,1,0,1,3,Low,0.9,1,1,0,20,22.0,0.0,16.7,Low Risk
44,Male,Rural,Masvingo,Secondary,Unemployed,2,1,0,0,0,1,High,27.5,1,0,1,60,48.0,70.0,57.8,High Risk
30,Female,Urban,Harare,Secondary,Formal,5,1,1,1,1,4,Low,0.3,1,1,0,0,10.0,0.0,3.5,Low Risk
52,Female,Urban,Bulawayo,Secondary,Formal,5,1,1,1,1,4,Low,9.8,0,1,0,0,10.0,35.0,10.5,Low Risk
44,Female,Rural,Mashonaland West,Secondary,Formal,4,1,1,1,1,4,Low,18.2,0,1,0,0,30.0,45.0,19.5,Low Risk
74,Male,Urban,Masvingo,Tertiary,Informal,3,1,1,0,1,3,Low,2.3,1,1,0,20,20.0,20.0,20.0,Low Risk
42,Male,Rural,Matabeleland North,Primary,Unemployed,2,1,0,0,0,1,High,54.0,0,0,1,60,54.0,100.0,65.9,Critical Risk
47,Female,Rural,Manicaland,Tertiary,Informal,1,1,1,0,0,2,Medium,20.4,1,1,1,30,57.0,30.0,39.45,Moderate Risk
42,Female,Rural,Matabeleland South,Primary,Unemployed,1,1,0,1,0,2,Medium,9.8,1,0,0,40,71.0,45.0,51.85,High Risk
36,Male,Urban,Harare,Primary,Informal,3,0,1,0,1,2,Medium,2.3,1,1,1,60,18.0,0.0,33.3,Moderate Risk
34,Female,Urban,Matabeleland South,Secondary,Formal,5,1,1,1,1,4,Low,0.4,1,1,0,0,10.0,20.0,7.5,Low Risk
42,Male,Urban,Bulawayo,Secondary,Formal,5,1,1,1,1,4,Low,2.2,0,1,0,0,0.0,30.0,6.0,Low Risk
45,Male,Urban,Harare,Primary,Informal,4,1,1,0,1,3,Low,4.9,1,1,0,20,18.0,0.0,15.3,Low Risk
54,Female,Rural,Matabeleland North,Secondary,Informal,2,0,1,0,0,1,High,10.0,1,1,1,70,50.0,25.0,54.0,High Risk
42,Female,Urban,Harare,Tertiary,Informal,3,1,1,0,1,3,Low,0.9,1,1,0,20,22.0,0.0,16.7,Low Risk
31,Male,Rural,Midlands,Secondary,Informal,2,1,0,0,0,1,High,15.6,0,0,1,60,40.0,65.0,54.0,High Risk
33,Female,Rural,Midlands,Secondary,Informal,2,1,0,0,0,1,High,41.5,0,1,1,60,50.0,60.0,56.5,High Risk
19,Female,Rural,Matabeleland North,Tertiary,Informal,3,1,1,0,1,3,Low,16.4,1,0,0,20,50.0,55.0,37.5,Moderate Risk
61,Male,Urban,Bulawayo,Secondary,Informal,2,1,0,0,1,2,Medium,0.2,0,1,0,50,20.0,30.0,35.5,Moderate Risk
30,Female,Urban,Bulawayo,Primary,Informal,3,1,1,0,1,3,Low,1.0,1,1,0,20,28.0,0.0,18.8,Low Risk
51,Female,Rural,Mashonaland West,Primary,Unemployed,3,1,0,0,0,1,High,15.2,1,0,1,60,56.0,35.0,53.6,High Risk
41,Female,Rural,Manicaland,Secondary,Informal,2,1,0,0,1,2,Medium,39.0,0,1,0,50,50.0,60.0,52.0,High Risk
42,Female,Rural,Midlands,Secondary,Unemployed,1,0,0,0,0,0,High,27.4,1,0,1,100,65.0,50.0,77.75,Critical Risk
36,Female,Rural,Mashonaland East,Secondary,Informal,2,1,1,0,0,2,Medium,13.3,1,1,1,30,50.0,15.0,34.0,Moderate Risk
26,Male,Rural,Mashonaland East,Secondary,Informal,1,1,0,0,0,1,High,24.4,1,1,1,60,47.0,30.0,49.45,High Risk
24,Male,Urban,Harare,Secondary,Informal,3,0,1,0,0,1,High,2.6,0,1,0,70,20.0,30.0,44.5,Moderate Risk
62,Female,Rural,Midlands,Primary,Unemployed,3,1,1,1,0,3,Low,47.3,1,0,1,10,56.0,50.0,34.1,Moderate Risk
39,Female,Urban,Matabeleland South,Secondary,Unemployed,2,1,1,0,0,2,Medium,0.1,1,1,1,30,38.0,20.0,30.8,Moderate Risk
53,Male,Rural,Mashonaland East,Primary,Informal,1,1,0,0,0,1,High,30.9,1,0,1,60,53.0,50.0,55.55,High Risk
57,Male,Rural,Mashonaland Central,Secondary,Informal,1,1,0,1,0,2,Medium,30.0,0,0,1,40,47.0,100.0,54.45,High Risk
32,Female,Urban,Mashonaland East,Secondary,Informal,4,1,1,0,0,2,Medium,2.1,1,0,0,30,22.0,20.0,25.2,Moderate Risk
43,Male,Urban,Harare,Secondary,Informal,5,1,1,0,1,3,Low,0.3,0,1,0,20,12.0,30.0,19.2,Low Risk
38,Male,Urban,Midlands,Secondary,Informal,4,1,1,1,1,4,Low,3.3,1,1,0,0,12.0,0.0,4.2,Low Risk
21,Female,Rural,Midlands,Secondary,Formal,3,1,1,0,1,3,Low,37.0,1,0,0,20,38.0,50.0,32.3,Moderate Risk
35,Female,Urban,Mashonaland Central,Primary,Informal,3,1,1,0,1,3,Low,1.8,1,0,1,20,28.0,40.0,26.8,Moderate Risk
46,Female,Urban,Harare,Secondary,Formal,5,1,1,1,0,3,Low,9.6,1,1,0,10,10.0,5.0,9.0,Low Risk
31,Female,Urban,Manicaland,Primary,Informal,3,1,1,0,0,2,Medium,7.3,1,1,1,30,28.0,5.0,24.3,Low Risk
33,Male,Urban,Midlands,Primary,Informal,3,1,1,0,1,3,Low,8.1,1,0,0,20,18.0,25.0,20.3,Low Risk
35,Female,Urban,Harare,Secondary,Formal,5,1,1,0,1,3,Low,3.5,1,1,0,20,10.0,0.0,12.5,Low Risk
67,Male,Urban,Masvingo,Tertiary,Informal,2,1,0,0,1,2,Medium,0.1,1,1,0,50,28.0,20.0,36.3,Moderate Risk
18,Male,Urban,Harare,Primary,Informal,4,1,1,0,0,2,Medium,1.7,1,1,0,30,26.0,0.0,22.6,Low Risk
45,Female,Urban,Midlands,Primary,Informal,4,1,1,0,0,2,Medium,0.7,1,0,0,30,28.0,20.0,27.3,Moderate Risk
34,Female,Urban,Bulawayo,Primary,Informal,1,1,1,0,0,2,Medium,1.2,1,1,0,30,43.0,0.0,28.55,Moderate Risk
29,Female,Urban,Harare,Secondary,Unemployed,2,1,1,1,0,3,Low,1.2,1,1,0,10,38.0,0.0,17.8,Low Risk
34,Male,Urban,Bulawayo,Secondary,Informal,2,1,1,0,1,3,Low,5.9,1,1,0,20,20.0,5.0,17.0,Low Risk
47,Female,Rural,Manicaland,None,Unemployed,1,1,0,0,0,1,High,7.6,0,0,1,60,77.0,55.0,64.95,High Risk
48,Female,Urban,Harare,Secondary,Formal,4,1,1,0,1,3,Low,0.7,1,1,0,20,10.0,0.0,12.5,Low Risk
40,Female,Urban,Matabeleland North,Tertiary,Informal,4,1,1,0,0,2,Medium,2.2,0,1,0,30,22.0,50.0,31.2,Moderate Risk
53,Female,Urban,Harare,Secondary,Unemployed,3,1,1,0,0,2,Medium,2.2,1,1,0,30,30.0,0.0,24.0,Low Risk
55,Male,Urban,Matabeleland South,Secondary,Formal,5,1,1,0,1,3,Low,3.1,1,1,1,20,0.0,20.0,13.0,Low Risk
49,Female,Urban,Harare,Secondary,Formal,5,1,1,1,1,4,Low,1.9,1,0,0,0,10.0,20.0,7.5,Low Risk
30,Female,Urban,Bulawayo,Secondary,Unemployed,3,1,1,0,0,2,Medium,2.5,1,1,0,30,30.0,0.0,24.0,Low Risk
44,Female,Rural,Midlands,Secondary,Informal,2,1,1,0,0,2,Medium,13.5,1,1,0,30,50.0,15.0,34.0,Moderate Risk
44,Female,Urban,Bulawayo,Secondary,Formal,5,1,1,0,1,3,Low,2.7,1,1,0,20,10.0,0.0,12.5,Low Risk
26,Female,Urban,Masvingo,Tertiary,Unemployed,4,1,1,0,0,2,Medium,0.4,0,1,1,30,30.0,50.0,34.0,Moderate Risk
18,Male,Urban,Midlands,Tertiary,Formal,5,1,1,1,1,4,Low,1.8,1,1,0,0,8.0,0.0,2.8,Low Risk
18,Male,Urban,Bulawayo,Tertiary,Informal,3,1,1,0,0,2,Medium,3.7,0,1,0,30,20.0,30.0,26.5,Moderate Risk
38,Female,Urban,Mashonaland East,Secondary,Informal,5,1,1,0,1,3,Low,0.8,1,1,0,20,22.0,0.0,16.7,Low Risk
42,Female,Rural,Manicaland,Secondary,Unemployed,1,0,0,0,0,0,High,1.8,0,1,1,100,65.0,30.0,73.75,Critical Risk
21,Female,Rural,Mashonaland West,Primary,Informal,3,1,0,0,0,1,High,27.0,1,1,0,60,56.0,30.0,52.6,High Risk
52,Male,Urban,Harare,Tertiary,Formal,5,1,1,1,1,4,Low,1.3,1,1,0,0,0.0,0.0,0.0,Low Risk
40,Male,Urban,Mashonaland West,None,Unemployed,3,1,1,0,0,2,Medium,6.9,1,0,0,30,32.0,25.0,29.7,Moderate Risk
56,Female,Urban,Bulawayo,Secondary,Informal,5,1,1,0,1,3,Low,3.4,1,0,0,20,22.0,20.0,20.7,Low Risk
43,Female,Urban,Bulawayo,Secondary,Formal,5,1,1,0,1,3,Low,2.3,1,1,0,20,10.0,0.0,12.5,Low Risk
23,Male,Rural,Midlands,Secondary,Informal,1,1,0,1,0,2,Medium,55.2,1,0,0,40,55.0,50.0,47.25,High Risk
44,Female,Urban,Harare,Secondary,Informal,3,1,1,0,1,3,Low,0.1,0,0,0,20,22.0,50.0,26.7,Moderate Risk
47,Male,Urban,Matabeleland South,Secondary,Formal,5,1,1,1,1,4,Low,0.6,1,1,0,0,0.0,20.0,4.0,Low Risk
30,Female,Rural,Manicaland,Secondary,Unemployed,2,1,1,0,0,2,Medium,27.0,1,0,1,30,58.0,50.0,43.8,Moderate Risk
18,Male,Urban,Harare,Secondary,Unemployed,3,1,1,0,0,2,Medium,6.1,1,0,1,30,28.0,25.0,28.3,Moderate Risk
39,Male,Urban,Bulawayo,Secondary,Formal,5,1,1,1,1,4,Low,3.6,1,1,0,0,0.0,0.0,0.0,Low Risk
23,Male,Rural,Mashonaland East,None,Unemployed,2,1,1,0,0,2,Medium,50.9,1,1,0,30,68.0,30.0,43.3,Moderate Risk
53,Female,Urban,Bulawayo,Tertiary,Informal,4,1,0,0,0,1,High,1.0,1,1,0,60,22.0,0.0,34.7,Moderate Risk
32,Female,Urban,Mashonaland Central,Secondary,Informal,3,1,1,0,1,3,Low,2.8,1,1,0,20,22.0,20.0,20.7,Low Risk
62,Female,Urban,Mashonaland West,Secondary,Unemployed,4,1,1,0,0,2,Medium,1.9,1,1,0,30,30.0,0.0,24.0,Low Risk
18,Male,Rural,Mashonaland Central,Secondary,Informal,3,1,1,0,1,3,Low,19.0,0,0,0,20,40.0,85.0,40.0,Moderate Risk
39,Male,Urban,Harare,Secondary,Unemployed,4,1,1,1,0,3,Low,3.0,0,1,1,10,20.0,30.0,17.5,Low Risk
58,Male,Urban,Harare,Secondary,Formal,5,1,1,1,1,4,Low,1.6,1,1,0,0,0.0,0.0,0.0,Low Risk
25,Female,Urban,Bulawayo,None,Informal,3,1,1,0,1,3,Low,1.6,1,1,0,20,34.0,0.0,20.9,Low Risk
35,Male,Urban,Harare,Secondary,Informal,3,1,1,0,1,3,Low,2.5,1,0,0,20,12.0,20.0,17.2,Low Risk
32,Female,Rural,Mashonaland East,Secondary,Informal,1,1,0,0,1,2,Medium,2.9,0,0,1,50,57.0,50.0,52.45,High Risk
28,Female,Urban,Mashonaland West,Primary,Informal,2,0,1,0,0,1,High,1.4,1,0,1,70,36.0,20.0,48.1,High Risk
41,Female,Rural,Midlands,Secondary,Informal,2,1,1,0,1,3,Low,2.7,0,1,0,20,50.0,30.0,32.5,Moderate Risk
19,Male,Rural,Matabeleland South,Primary,Informal,1,1,0,0,1,2,Medium,2.4,1,0,1,50,61.0,40.0,51.85,High Risk
36,Female,Rural,Harare,None,Informal,1,1,0,0,1,2,Medium,2.5,1,0,1,50,69.0,20.0,50.65,High Risk
45,Male,Urban,Bulawayo,Tertiary,Formal,5,1,1,1,1,4,Low,0.5,1,1,0,0,0.0,0.0,0.0,Low Risk
34,Male,Rural,Mashonaland Central,Secondary,Informal,3,1,0,0,0,1,High,56.1,1,1,1,60,32.0,50.0,48.2,High Risk
23,Female,Rural,Mashonaland East,Primary,Informal,1,0,0,0,0,0,High,66.7,0,1,1,100,71.0,60.0,81.85,Critical Risk
52,Female,Urban,Harare,Secondary,Unemployed,4,1,1,0,0,2,Medium,3.7,1,1,0,30,30.0,0.0,24.0,Low Risk
48,Female,Rural,Midlands,None,Unemployed,1,0,0,0,0,0,High,3.2,1,0,1,100,77.0,20.0,75.95,Critical Risk
23,Male,Rural,Masvingo,Secondary,Informal,3,0,0,1,0,1,High,111.2,1,0,1,80,40.0,70.0,64.0,High Risk
19,Female,Urban,Harare,Secondary,Informal,5,1,1,0,0,2,Medium,15.6,1,1,0,30,30.0,15.0,27.0,Moderate Risk
24,Female,Rural,Matabeleland North,Secondary,Informal,4,0,1,0,0,1,High,23.2,1,0,0,70,50.0,70.0,63.0,High Risk
45,Male,Urban,Matabeleland South,Secondary,Formal,5,1,1,1,1,4,Low,1.6,1,1,0,0,0.0,20.0,4.0,Low Risk
41,Female,Rural,Manicaland,Primary,Formal,3,1,0,1,1,3,Low,55.8,1,0,1,30,36.0,50.0,36.1,Moderate Risk
49,Male,Rural,Matabeleland South,Secondary,Informal,2,1,0,0,0,1,High,4.9,0,0,1,60,40.0,70.0,55.0,High Risk
33,Female,Urban,Harare,Primary,Informal,4,1,0,0,0,1,High,1.5,1,1,0,60,28.0,0.0,36.8,Moderate Risk
25,Female,Rural,Mashonaland Central,Primary,Unemployed,1,0,1,1,0,2,Medium,38.6,1,0,1,50,71.0,70.0,61.35,High Risk
50,Female,Urban,Masvingo,Secondary,Formal,5,1,1,0,1,3,Low,1.9,1,1,0,20,10.0,20.0,16.5,Low Risk
30,Female,Rural,Harare,Secondary,Informal,2,1,1,1,1,4,Low,3.5,1,1,0,0,50.0,0.0,17.5,Low Risk
40,Male,Rural,Matabeleland South,None,Informal,1,1,0,0,1,2,Medium,21.0,0,0,1,50,59.0,100.0,63.15,High Risk
18,Female,Urban,Harare,Secondary,Informal,3,0,0,0,1,1,High,0.8,1,0,1,90,30.0,20.0,55.0,High Risk
30,Female,Urban,Bulawayo,Secondary,Unemployed,2,1,1,0,0,2,Medium,2.7,1,1,0,30,38.0,0.0,26.8,Moderate Risk
52,Male,Urban,Bulawayo,Secondary,Formal,5,1,1,1,1,4,Low,1.8,1,1,0,0,0.0,0.0,0.0,Low Risk
27,Male,Urban,Masvingo,Tertiary,Formal,5,1,0,1,1,3,Low,10.0,1,1,0,30,0.0,25.0,18.5,Low Risk
49,Female,Urban,Mashonaland West,Secondary,Informal,3,1,0,0,0,1,High,2.3,1,1,0,60,22.0,0.0,34.7,Moderate Risk
18,Female,Urban,Bulawayo,Secondary,Formal,5,1,0,1,1,3,Low,2.5,1,1,0,30,18.0,0.0,19.8,Low Risk
30,Female,Urban,Harare,Secondary,Formal,5,1,1,1,1,4,Low,5.3,1,1,0,0,10.0,5.0,4.5,Low Risk
35,Female,Urban,Harare,Primary,Informal,2,1,1,0,1,3,Low,10.0,0,1,0,20,36.0,35.0,28.6,Moderate Risk
62,Female,Rural,Masvingo,Secondary,Informal,2,0,1,0,1,2,Medium,47.7,1,0,0,60,50.0,70.0,58.5,High Risk
21,Male,Rural,Mashonaland West,Secondary,Informal,3,1,1,0,0,2,Medium,25.5,1,0,0,30,40.0,50.0,37.5,Moderate Risk
47,Male,Rural,Manicaland,Secondary,Informal,2,1,0,0,1,2,Medium,25.0,1,0,0,50,40.0,50.0,46.5,High Risk
52,Female,Urban,Matabeleland South,Tertiary,Informal,4,1,1,0,1,3,Low,10.3,0,1,1,20,22.0,65.0,29.7,Moderate Risk
27,Female,Rural,Mashonaland East,Secondary,Unemployed,3,1,0,0,0,1,High,18.2,1,0,1,60,50.0,35.0,51.5,High Risk
32,Female,Rural,Harare,Secondary,Informal,2,1,0,0,1,2,Medium,2.5,1,1,1,50,50.0,0.0,40.0,Moderate Risk
39,Female,Urban,Matabeleland North,Secondary,Formal,5,1,1,1,1,4,Low,0.4,1,1,0,0,10.0,20.0,7.5,Low Risk
18,Female,Urban,Bulawayo,Tertiary,Informal,3,1,1,1,0,3,Low,3.8,1,1,0,10,30.0,0.0,15.0,Low Risk
31,Female,Rural,Matabeleland North,Secondary,Unemployed,3,1,0,1,0,2,Medium,32.9,0,1,1,40,50.0,80.0,51.5,High Risk
55,Female,Urban,Harare,Secondary,Formal,5,1,1,0,1,3,Low,6.5,1,1,1,20,10.0,5.0,13.5,Low Risk
45,Male,Urban,Harare,Tertiary,Informal,4,1,1,0,0,2,Medium,0.3,1,1,0,30,12.0,0.0,17.7,Low Risk
35,Female,Rural,Matabeleland North,Secondary,Informal,3,1,0,1,0,2,Medium,22.3,1,1,0,40,42.0,50.0,42.7,Moderate Risk
39,Female,Urban,Harare,Tertiary,Formal,5,1,1,1,1,4,Low,1.1,1,1,0,0,10.0,0.0,3.5,Low Risk
46,Male,Urban,Manicaland,Tertiary,Formal,5,1,1,1,1,4,Low,0.8,1,1,0,0,0.0,0.0,0.0,Low Risk
48,Female,Rural,Mashonaland Central,Secondary,Informal,2,1,0,0,0,1,High,42.0,0,0,1,60,50.0,100.0,64.5,High Risk
30,Female,Rural,Mashonaland Central,Secondary,Informal,2,1,1,0,1,3,Low,17.3,1,0,1,20,50.0,55.0,37.5,Moderate Risk
59,Female,Urban,Harare,Secondary,Formal,5,1,1,1,1,4,Low,0.1,1,0,0,0,10.0,20.0,7.5,Low Risk
56,Female,Rural,Mashonaland East,Secondary,Informal,2,1,1,0,1,3,Low,24.9,1,1,1,20,50.0,30.0,32.5,Moderate Risk
47,Male,Rural,Mashonaland Central,None,Informal,1,1,0,0,0,1,High,10.5,0,0,1,60,59.0,85.0,64.65,High Risk
26,Male,Urban,Mashonaland Central,Primary,Informal,4,1,1,0,0,2,Medium,1.8,1,1,0,30,18.0,20.0,23.8,Low Risk
23,Male,Rural,Masvingo,Tertiary,Informal,2,1,1,0,1,3,Low,31.0,0,1,1,20,48.0,80.0,41.8,Moderate Risk
33,Male,Urban,Harare,Tertiary,Unemployed,4,1,1,0,0,2,Medium,2.6,1,1,0,30,20.0,0.0,20.5,Low Risk
38,Female,Urban,Bulawayo,Tertiary,Informal,4,1,1,0,1,3,Low,3.5,1,1,0,20,22.0,0.0,16.7,Low Risk
18,Female,Rural,Mashonaland Central,None,Informal,1,1,0,0,1,2,Medium,23.3,1,0,0,50,77.0,70.0,63.45,High Risk
44,Female,Urban,Harare,Secondary,Formal,5,1,1,1,1,4,Low,2.0,1,1,1,0,10.0,0.0,3.5,Low Risk
56,Male,Rural,Midlands,Tertiary,Unemployed,2,1,1,0,0,2,Medium,13.9,1,1,0,30,48.0,15.0,33.3,Moderate Risk
46,Male,Rural,Matabeleland North,None,Informal,1,1,0,0,0,1,High,4.7,1,0,1,60,59.0,40.0,55.65,High Risk
28,Male,Urban,Bulawayo,Secondary,Informal,3,1,1,0,1,3,Low,0.1,1,1,0,20,12.0,0.0,13.2,Low Risk
26,Female,Rural,Mashonaland East,Primary,Formal,5,1,1,1,1,4,Low,44.4,1,0,0,0,36.0,50.0,22.6,Low Risk
42,Male,Urban,Harare,Tertiary,Formal,5,1,1,1,1,4,Low,1.9,1,1,0,0,0.0,0.0,0.0,Low Risk
35,Female,Rural,Matabeleland South,Secondary,Informal,3,1,0,1,1,3,Low,27.6,1,0,1,30,42.0,70.0,42.2,Moderate Risk
44,Female,Urban,Bulawayo,Secondary,Unemployed,3,1,1,0,0,2,Medium,0.3,1,1,0,30,30.0,0.0,24.0,Low Risk
46,Female,Rural,Masvingo,Secondary,Unemployed,3,0,0,0,0,0,High,71.5,0,0,1,100,50.0,100.0,82.5,Critical Risk
53,Male,Rural,Midlands,None,Informal,1,1,1,0,0,2,Medium,17.1,0,1,0,30,59.0,45.0,43.15,Moderate Risk
22,Male,Urban,Harare,Tertiary,Informal,5,1,1,1,0,3,Low,2.4,1,1,0,10,20.0,0.0,11.5,Low Risk
41,Female,Rural,Matabeleland South,Secondary,Unemployed,2,1,1,1,0,3,Low,12.0,1,0,0,10,58.0,55.0,35.8,Moderate Risk
32,Female,Rural,Masvingo,Secondary,Unemployed,1,0,0,0,0,0,High,10.1,1,1,1,100,65.0,35.0,74.75,Critical Risk
36,Male,Rural,Mashonaland Central,Secondary,Informal,2,0,1,0,1,2,Medium,64.6,0,1,1,60,40.0,80.0,57.0,High Risk
50,Female,Rural,Manicaland,Primary,Informal,2,1,1,0,1,3,Low,85.3,1,1,1,20,56.0,30.0,34.6,Moderate Risk
51,Female,Rural,Masvingo,None,Unemployed,2,1,1,0,0,2,Medium,1.8,1,1,1,30,70.0,20.0,42.0,Moderate Risk
57,Male,Urban,Harare,Tertiary,Formal,5,1,1,0,1,3,Low,2.5,1,1,0,20,0.0,0.0,9.0,Low Risk
43,Male,Urban,Bulawayo,Secondary,Formal,5,1,1,1,1,4,Low,0.1,1,1,0,0,0.0,0.0,0.0,Low Risk
36,Male,Urban,Manicaland,Secondary,Formal,5,1,1,1,1,4,Low,1.7,0,1,0,0,0.0,30.0,6.0,Low Risk
34,Male,Rural,Mashonaland West,Primary,Informal,1,1,0,0,1,2,Medium,32.4,0,0,0,50,53.0,80.0,57.05,High Risk
18,Male,Urban,Bulawayo,Tertiary,Formal,4,1,1,1,1,4,Low,0.4,1,0,0,0,8.0,20.0,6.8,Low Risk
56,Female,Urban,Bulawayo,Tertiary,Informal,4,1,0,0,0,1,High,2.2,1,1,1,60,22.0,0.0,34.7,Moderate Risk
33,Male,Urban,Bulawayo,Primary,Unemployed,4,1,1,0,0,2,Medium,0.1,1,1,0,30,26.0,0.0,22.6,Low Risk
45,Female,Rural,Midlands,Secondary,Informal,1,0,1,0,1,2,Medium,5.5,1,1,1,60,57.0,5.0,47.95,High Risk
47,Female,Urban,Harare,Secondary,Unemployed,1,1,1,1,0,3,Low,0.1,1,1,1,10,45.0,0.0,20.25,Low Risk
20,Male,Rural,Midlands,Secondary,Unemployed,1,0,0,1,0,1,High,12.6,1,0,1,80,63.0,35.0,65.05,Critical Risk
25,Male,Urban,Harare,Tertiary,Informal,4,1,0,0,0,1,High,0.3,1,0,0,60,12.0,20.0,35.2,Moderate Risk
59,Female,Rural,Mashonaland Central,Secondary,Informal,1,1,1,1,1,4,Low,51.7,0,1,1,0,57.0,80.0,35.95,Moderate Risk
42,Female,Urban,Manicaland,Tertiary,Unemployed,4,1,1,0,0,2,Medium,0.1,1,0,0,30,30.0,20.0,28.0,Moderate Risk
29,Female,Urban,Harare,Secondary,Informal,3,1,1,1,0,3,Low,1.7,0,1,0,10,22.0,30.0,18.2,Low Risk
36,Male,Rural,Mashonaland Central,Primary,Informal,1,1,0,0,0,1,High,29.5,1,0,0,60,53.0,70.0,59.55,High Risk
53,Male,Rural,Mashonaland Central,Secondary,Unemployed,1,1,0,0,0,1,High,1.1,1,1,0,60,55.0,20.0,50.25,High Risk
51,Male,Urban,Manicaland,Tertiary,Informal,4,1,1,1,1,4,Low,2.0,1,1,0,0,12.0,0.0,4.2,Low Risk
18,Female,Urban,Bulawayo,Secondary,Unemployed,2,1,1,0,0,2,Medium,0.1,1,1,0,30,46.0,0.0,29.6,Moderate Risk
60,Female,Rural,Manicaland,Secondary,Informal,2,1,1,1,1,4,Low,27.2,1,0,0,0,50.0,50.0,27.5,Moderate Risk
51,Female,Rural,Mashonaland West,None,Informal,1,1,1,0,0,2,Medium,9.5,0,0,1,30,69.0,55.0,48.65,High Risk
35,Female,Urban,Harare,Secondary,Informal,4,1,1,0,1,3,Low,6.7,1,0,0,20,22.0,25.0,21.7,Low Risk
21,Male,Urban,Midlands,Tertiary,Informal,5,1,1,0,1,3,Low,0.4,1,1,0,20,20.0,0.0,16.0,Low Risk
52,Female,Rural,Manicaland,Primary,Informal,2,1,0,0,0,1,High,9.6,0,0,1,60,56.0,55.0,57.6,High Risk
44,Male,Rural,Masvingo,Secondary,Unemployed,1,1,1,0,0,2,Medium,2.9,1,0,0,30,55.0,40.0,40.75,Moderate Risk
18,Female,Rural,Mashonaland West,Primary,Informal,2,1,1,0,0,2,Medium,6.9,1,0,1,30,64.0,25.0,40.9,Moderate Risk
34,Female,Rural,Masvingo,Secondary,Formal,4,1,1,1,1,4,Low,6.6,1,1,0,0,30.0,25.0,15.5,Low Risk
80,Female,Urban,Matabeleland South,Tertiary,Informal,4,1,1,1,0,3,Low,1.7,1,1,0,10,30.0,20.0,19.0,Low Risk
38,Male,Rural,Mashonaland East,Secondary,Formal,4,1,1,1,1,4,Low,47.1,1,1,0,0,20.0,30.0,13.0,Low Risk
27,Female,Rural,Matabeleland South,Secondary,Informal,4,1,0,0,0,1,High,22.4,1,0,1,60,42.0,70.0,55.7,High Risk
23,Female,Rural,Mashonaland West,Primary,Informal,1,0,1,1,0,2,Medium,16.0,1,1,1,50,71.0,15.0,50.35,High Risk
62,Male,Urban,Bulawayo,Secondary,Formal,5,1,0,1,1,3,Low,4.5,1,1,0,30,0.0,0.0,13.5,Low Risk
49,Male,Urban,Harare,Tertiary,Unemployed,4,1,1,1,0,3,Low,1.5,1,1,0,10,20.0,0.0,11.5,Low Risk
57,Female,Rural,Mashonaland Central,Secondary,Informal,2,1,1,0,0,2,Medium,27.7,1,1,0,30,50.0,50.0,41.0,Moderate Risk
41,Male,Urban,Harare,Tertiary,Informal,4,1,1,1,1,4,Low,2.2,1,1,0,0,12.0,0.0,4.2,Low Risk
55,Male,Rural,Manicaland,Secondary,Informal,2,1,1,0,0,2,Medium,6.0,1,1,0,30,40.0,5.0,28.5,Moderate Risk
26,Male,Urban,Matabeleland South,Secondary,Formal,5,1,1,1,1,4,Low,0.7,1,1,0,0,0.0,20.0,4.0,Low Risk
40,Male,Rural,Matabeleland South,Primary,Unemployed,2,0,1,0,0,1,High,1.0,1,0,0,70,54.0,40.0,58.4,High Risk
42,Male,Rural,Mashonaland Central,Tertiary,Formal,4,1,1,1,1,4,Low,4.4,1,1,0,0,20.0,20.0,11.0,Low Risk
57,Female,Urban,Bulawayo,Secondary,Informal,5,1,0,0,1,2,Medium,0.2,1,1,0,50,22.0,0.0,30.2,Moderate Risk
42,Male,Urban,Manicaland,Tertiary,Informal,3,1,1,1,1,4,Low,4.6,1,1,0,0,12.0,0.0,4.2,Low Risk
29,Female,Rural,Mashonaland East,Secondary,Unemployed,3,1,1,0,0,2,Medium,9.4,0,0,0,30,50.0,55.0,42.0,Moderate Risk
38,Male,Rural,Mashonaland West,Tertiary,Informal,3,0,0,0,0,0,High,32.9,1,1,1,100,32.0,30.0,62.2,High Risk
18,Male,Urban,Manicaland,Tertiary,Informal,4,1,1,0,0,2,Medium,7.2,1,1,0,30,20.0,5.0,21.5,Low Risk
18,Male,Rural,Mashonaland Central,Primary,Unemployed,2,1,0,1,0,2,Medium,6.3,0,0,1,40,62.0,75.0,54.7,High Risk
49,Female,Rural,Masvingo,Secondary,Informal,1,1,1,0,1,3,Low,2.1,0,0,1,20,57.0,70.0,42.95,Moderate Risk
32,Female,Urban,Harare,Secondary,Informal,4,1,0,0,1,2,Medium,7.0,1,0,0,50,22.0,25.0,35.2,Moderate Risk
34,Female,Urban,Harare,Secondary,Formal,4,1,1,1,1,4,Low,0.8,1,1,0,0,10.0,0.0,3.5,Low Risk
49,Male,Urban,Bulawayo,Tertiary,Formal,5,1,1,1,1,4,Low,3.8,1,1,0,0,0.0,0.0,0.0,Low Risk
57,Male,Urban,Manicaland,Secondary,Informal,3,1,0,0,1,2,Medium,5.4,1,1,1,50,12.0,5.0,27.7,Moderate Risk
45,Male,Urban,Midlands,Secondary,Formal,4,1,1,1,1,4,Low,1.7,1,1,0,0,0.0,0.0,0.0,Low Risk
64,Female,Urban,Harare,Secondary,Informal,2,0,1,0,0,1,High,5.9,1,1,0,70,30.0,5.0,43.0,Moderate Risk
45,Male,Rural,Matabeleland North,Tertiary,Formal,5,1,1,0,1,3,Low,5.8,0,1,1,20,20.0,55.0,27.0,Moderate Risk
42,Female,Urban,Matabeleland South,Primary,Formal,5,1,1,1,1,4,Low,1.7,1,1,0,0,16.0,20.0,9.6,Low Risk
41,Female,Rural,Matabeleland North,Secondary,Informal,2,1,1,0,0,2,Medium,9.9,1,0,0,30,50.0,45.0,40.0,Moderate Risk
20,Female,Urban,Midlands,Secondary,Formal,5,1,1,1,1,4,Low,0.3,1,1,0,0,18.0,0.0,6.3,Low Risk
51,Female,Urban,Midlands,Secondary,Informal,4,1,1,1,0,3,Low,5.9,0,1,0,10,22.0,35.0,19.2,Low Risk
18,Male,Rural,Matabeleland South,Secondary,Informal,2,1,1,1,0,3,Low,29.2,1,0,1,10,48.0,70.0,35.3,Moderate Risk
29,Female,Rural,Midlands,Secondary,Informal,5,0,1,0,1,2,Medium,7.4,0,0,1,60,42.0,55.0,52.7,High Risk
38,Male,Urban,Bulawayo,Tertiary,Formal,5,1,1,1,1,4,Low,3.7,1,1,0,0,0.0,0.0,0.0,Low Risk
26,Female,Urban,Bulawayo,Tertiary,Formal,5,1,1,1,1,4,Low,9.6,1,1,0,0,10.0,5.0,4.5,Low Risk
31,Female,Urban,Matabeleland North,Tertiary,Informal,4,0,1,0,0,1,High,12.0,1,0,0,70,22.0,55.0,50.2,High Risk
63,Male,Urban,Mashonaland West,Tertiary,Formal,5,1,1,1,1,4,Low,0.4,1,1,0,0,0.0,0.0,0.0,Low Risk
53,Female,Urban,Harare,Primary,Informal,2,1,1,0,0,2,Medium,0.4,1,1,1,30,36.0,0.0,26.1,Moderate Risk
28,Male,Urban,Harare,Tertiary,Informal,4,0,1,0,1,2,Medium,2.2,1,1,0,60,12.0,0.0,31.2,Moderate Risk
31,Male,Urban,Harare,Secondary,Formal,5,1,1,1,1,4,Low,4.4,0,1,0,0,0.0,30.0,6.0,Low Risk
20,Female,Urban,Mashonaland West,Primary,Formal,5,1,1,1,1,4,Low,0.5,1,1,0,0,24.0,0.0,8.4,Low Risk
47,Male,Rural,Mashonaland Central,Secondary,Informal,1,0,0,0,0,0,High,3.7,1,1,1,100,47.0,20.0,65.45,Critical Risk
34,Female,Rural,Mashonaland East,Secondary,Informal,2,0,1,0,0,1,High,39.5,1,0,1,70,50.0,50.0,59.0,High Risk
18,Female,Urban,Bulawayo,Secondary,Formal,4,1,1,1,0,3,Low,1.4,1,0,0,10,18.0,20.0,14.8,Low Risk
39,Female,Urban,Harare,Secondary,Unemployed,3,1,1,0,0,2,Medium,1.0,1,1,0,30,30.0,0.0,24.0,Low Risk
44,Male,Urban,Midlands,Secondary,Formal,4,1,1,1,1,4,Low,2.9,1,1,0,0,0.0,0.0,0.0,Low Risk
51,Male,Urban,Bulawayo,Secondary,Formal,5,1,1,1,1,4,Low,0.7,1,1,0,0,0.0,0.0,0.0,Low Risk
36,Female,Rural,Mashonaland Central,Secondary,Unemployed,1,1,1,0,0,2,Medium,28.2,1,1,1,30,65.0,50.0,46.25,High Risk
32,Male,Rural,Mashonaland East,Primary,Unemployed,1,0,1,0,0,1,High,1.8,0,1,1,70,61.0,30.0,58.85,High Risk
65,Female,Rural,Matabeleland South,Secondary,Informal,1,1,0,0,0,1,High,70.0,0,1,1,60,65.0,80.0,65.75,Critical Risk
38,Male,Rural,Masvingo,Secondary,Informal,1,1,1,0,1,3,Low,15.8,0,1,1,20,47.0,65.0,38.45,Moderate Risk
48,Male,Rural,Mashonaland West,Secondary,Formal,4,1,1,1,0,3,Low,19.2,1,1,0,10,20.0,15.0,14.5,Low Risk
30,Female,Rural,Mashonaland East,Secondary,Unemployed,1,1,0,0,0,1,High,18.2,1,1,1,60,65.0,15.0,52.75,High Risk
47,Female,Urban,Matabeleland North,Secondary,Informal,3,1,1,0,1,3,Low,0.2,1,1,0,20,22.0,20.0,20.7,Low Risk
18,Female,Urban,Mashonaland Central,Secondary,Informal,4,1,1,1,1,4,Low,3.3,0,1,0,0,30.0,50.0,20.5,Low Risk
31,Female,Urban,Manicaland,Secondary,Formal,5,1,0,1,1,3,Low,0.5,0,1,0,30,10.0,30.0,23.0,Low Risk
21,Male,Rural,Mashonaland West,Primary,Informal,2,1,1,0,1,3,Low,2.3,1,0,0,20,54.0,20.0,31.9,Moderate Risk
29,Male,Urban,Midlands,Tertiary,Informal,3,1,1,0,1,3,Low,4.4,1,1,0,20,12.0,0.0,13.2,Low Risk
55,Male,Rural,Matabeleland North,Secondary,Formal,4,1,0,1,1,3,Low,13.9,1,0,0,30,20.0,55.0,31.5,Moderate Risk
29,Female,Rural,Mashonaland West,None,Informal,1,1,1,1,0,3,Low,11.2,0,0,0,10,69.0,65.0,41.65,Moderate Risk
48,Male,Urban,Midlands,Secondary,Formal,5,1,1,1,1,4,Low,0.1,1,1,0,0,0.0,0.0,0.0,Low Risk
59,Female,Urban,Masvingo,Tertiary,Informal,4,0,1,0,1,2,Medium,2.1,1,1,0,60,22.0,20.0,38.7,Moderate Risk
37,Male,Urban,Manicaland,Secondary,Formal,4,1,1,1,1,4,Low,2.6,1,1,0,0,0.0,0.0,0.0,Low Risk
51,Female,Urban,Mashonaland Central,Tertiary,Unemployed,4,1,1,1,0,3,Low,0.8,1,1,0,10,30.0,20.0,19.0,Low Risk
45,Female,Rural,Mashonaland West,None,Informal,2,0,0,0,0,0,High,31.5,0,1,1,100,62.0,60.0,78.7,Critical Risk
39,Female,Rural,Mashonaland West,Tertiary,Informal,4,0,1,0,0,1,High,56.0,1,0,0,70,42.0,50.0,56.2,High Risk
48,Male,Rural,Mashonaland Central,Secondary,Informal,1,1,0,0,1,2,Medium,20.6,0,1,1,50,47.0,80.0,54.95,High Risk
63,Female,Urban,Bulawayo,Secondary,Informal,4,1,1,1,1,4,Low,19.2,1,1,0,0,22.0,15.0,10.7,Low Risk
29,Male,Urban,Harare,Secondary,Formal,4,1,1,1,1,4,Low,7.8,1,1,0,0,0.0,5.0,1.0,Low Risk
24,Male,Urban,Harare,Secondary,Formal,5,1,1,1,0,3,Low,0.1,1,1,0,10,8.0,0.0,7.3,Low Risk
23,Male,Rural,Midlands,Secondary,Informal,2,1,1,0,0,2,Medium,5.0,0,1,1,30,48.0,30.0,36.3,Moderate Risk
51,Male,Rural,Mashonaland Central,None,Informal,1,1,0,1,1,3,Low,52.3,1,0,0,30,59.0,70.0,48.15,High Risk
53,Female,Urban,Mashonaland West,Secondary,Informal,4,1,1,0,0,2,Medium,3.5,1,1,0,30,22.0,0.0,21.2,Low Risk
30,Male,Rural,Mashonaland East,Primary,Informal,2,1,0,0,1,2,Medium,57.6,1,0,1,50,46.0,50.0,48.6,High Risk
18,Male,Urban,Harare,Secondary,Informal,3,1,1,0,1,3,Low,5.6,0,0,1,20,20.0,55.0,27.0,Moderate Risk
28,Female,Rural,Manicaland,Secondary,Unemployed,3,0,1,0,0,1,High,65.5,0,0,1,70,50.0,80.0,65.0,High Risk
45,Female,Urban,Harare,Primary,Informal,3,1,1,0,1,3,Low,2.8,0,1,1,20,28.0,30.0,24.8,Low Risk
37,Female,Urban,Bulawayo,Tertiary,Formal,5,1,1,1,1,4,Low,2.1,1,1,0,0,10.0,0.0,3.5,Low Risk
40,Female,Rural,Mashonaland East,Secondary,Informal,1,1,1,0,1,3,Low,1.7,1,1,0,20,57.0,0.0,28.95,Moderate Risk
30,Male,Urban,Bulawayo,Primary,Unemployed,3,1,1,0,0,2,Medium,2.9,1,0,0,30,26.0,20.0,26.6,Moderate Risk
52,Female,Urban,Bulawayo,Primary,Informal,2,0,1,0,1,2,Medium,2.8,1,0,1,60,36.0,20.0,43.6,Moderate Risk
42,Male,Urban,Harare,Secondary,Formal,5,0,1,1,1,3,Low,1.1,1,0,0,40,0.0,20.0,22.0,Low Risk
46,Male,Urban,Harare,Primary,Informal,2,1,1,0,1,3,Low,4.0,1,0,0,20,26.0,20.0,22.1,Low Risk
40,Male,Rural,Manicaland,Secondary,Informal,2,0,1,0,1,2,Medium,14.9,1,0,1,60,40.0,35.0,48.0,High Risk
45,Female,Rural,Manicaland,Secondary,Formal,2,1,1,1,0,3,Low,1.0,0,0,0,10,38.0,50.0,27.8,Moderate Risk
44,Male,Rural,Mashonaland Central,Secondary,Informal,3,1,1,0,1,3,Low,37.3,0,0,0,20,32.0,100.0,40.2,Moderate Risk
25,Female,Urban,Manicaland,Tertiary,Informal,4,0,0,0,1,1,High,0.9,1,1,1,90,22.0,0.0,48.2,High Risk
43,Male,Urban,Bulawayo,Secondary,Informal,4,0,1,0,1,2,Medium,0.1,1,1,0,60,12.0,0.0,31.2,Moderate Risk
49,Male,Urban,Masvingo,Tertiary,Formal,5,1,1,0,1,3,Low,1.3,1,0,1,20,0.0,40.0,17.0,Low Risk
54,Male,Urban,Mashonaland Central,Secondary,Unemployed,2,1,1,0,0,2,Medium,0.8,0,1,1,30,28.0,50.0,33.3,Moderate Risk
43,Male,Urban,Bulawayo,Secondary,Formal,5,1,1,1,1,4,Low,1.9,1,0,0,0,0.0,20.0,4.0,Low Risk
24,Male,Rural,Mashonaland East,Secondary,Informal,2,1,0,1,1,3,Low,15.3,0,0,1,30,48.0,65.0,43.3,Moderate Risk
26,Female,Rural,Harare,Primary,Informal,2,1,1,0,1,3,Low,11.4,1,0,0,20,56.0,35.0,35.6,Moderate Risk
31,Female,Rural,Matabeleland North,Tertiary,Informal,3,1,1,0,0,2,Medium,28.2,1,0,0,30,42.0,70.0,42.2,Moderate Risk
40,Male,Urban,Harare,Secondary,Informal,3,1,1,0,0,2,Medium,0.1,0,0,0,30,12.0,50.0,27.7,Moderate Risk
36,Female,Urban,Harare,Tertiary,Formal,5,1,1,1,0,3,Low,2.3,1,1,0,10,10.0,0.0,8.0,Low Risk
22,Male,Urban,Midlands,Tertiary,Unemployed,4,1,1,1,0,3,Low,0.4,1,0,1,10,28.0,20.0,18.3,Low Risk
22,Male,Urban,Harare,Secondary,Unemployed,2,0,1,0,0,1,High,2.7,0,1,0,70,36.0,30.0,50.1,High Risk
18,Male,Urban,Harare,Tertiary,Formal,5,1,0,1,1,3,Low,9.2,1,1,0,30,8.0,5.0,17.3,Low Risk
18,Female,Urban,Matabeleland South,Secondary,Informal,4,0,1,0,1,2,Medium,0.5,1,1,1,60,30.0,20.0,41.5,Moderate Risk
36,Male,Urban,Harare,Primary,Informal,3,1,0,0,1,2,Medium,1.5,1,0,0,50,18.0,20.0,32.8,Moderate Risk
70,Female,Rural,Mashonaland West,Tertiary,Unemployed,2,1,0,0,0,1,High,4.4,1,1,1,60,66.0,0.0,50.1,High Risk
63,Male,Urban,Harare,Secondary,Formal,5,1,1,1,1,4,Low,6.9,1,1,0,0,0.0,5.0,1.0,Low Risk
24,Female,Rural,Mashonaland West,Secondary,Informal,4,1,0,0,1,2,Medium,34.6,1,1,1,50,50.0,30.0,46.0,High Risk
40,Male,Urban,Midlands,Secondary,Formal,3,1,1,1,1,4,Low,3.6,1,1,0,0,0.0,0.0,0.0,Low Risk
18,Female,Rural,Matabeleland North,None,Formal,4,1,0,1,1,3,Low,7.6,1,1,0,30,50.0,25.0,36.0,Moderate Risk
19,Female,Urban,Bulawayo,Secondary,Unemployed,3,1,1,0,0,2,Medium,2.7,1,1,1,30,38.0,0.0,26.8,Moderate Risk
21,Male,Urban,Harare,Secondary,Formal,5,1,1,0,1,3,Low,1.7,1,1,0,20,8.0,0.0,11.8,Low Risk
34,Male,Urban,Harare,Secondary,Informal,4,1,1,0,0,2,Medium,0.6,1,0,1,30,12.0,20.0,21.7,Low Risk
35,Female,Urban,Bulawayo,Tertiary,Formal,3,1,1,1,1,4,Low,5.8,1,1,1,0,10.0,5.0,4.5,Low Risk
41,Female,Rural,Mashonaland Central,None,Unemployed,1,1,1,0,0,2,Medium,62.0,0,0,1,30,77.0,100.0,60.45,High Risk
47,Female,Urban,Harare,Tertiary,Formal,5,1,1,0,1,3,Low,0.1,1,1,0,20,10.0,0.0,12.5,Low Risk
33,Male,Rural,Matabeleland North,Secondary,Informal,1,1,1,0,1,3,Low,16.1,1,0,0,20,47.0,55.0,36.45,Moderate Risk
38,Female,Urban,Masvingo,Secondary,Informal,2,1,1,0,1,3,Low,9.5,0,1,1,20,30.0,55.0,30.5,Moderate Risk
22,Male,Urban,Matabeleland North,Secondary,Formal,5,1,0,1,0,2,Medium,2.9,0,1,1,40,8.0,50.0,30.8,Moderate Risk
19,Male,Urban,Mashonaland West,Primary,Informal,1,1,0,0,1,2,Medium,4.8,1,1,0,50,41.0,0.0,36.85,Moderate Risk
18,Female,Urban,Bulawayo,Secondary,Informal,4,1,1,0,0,2,Medium,2.0,1,1,0,30,30.0,0.0,24.0,Low Risk
47,Female,Rural,Matabeleland South,Primary,Unemployed,2,1,1,0,0,2,Medium,7.3,1,1,1,30,64.0,25.0,40.9,Moderate Risk
33,Female,Rural,Midlands,Secondary,Unemployed,2,1,1,0,0,2,Medium,12.0,1,0,1,30,58.0,35.0,40.8,Moderate Risk
18,Female,Rural,Bulawayo,Secondary,Informal,3,1,0,0,0,1,High,43.2,1,1,0,60,50.0,30.0,50.5,High Risk
37,Male,Urban,Harare,Secondary,Formal,5,1,1,1,1,4,Low,0.8,1,1,0,0,0.0,0.0,0.0,Low Risk
20,Female,Urban,Harare,Secondary,Informal,4,1,1,0,1,3,Low,4.2,1,1,1,20,30.0,0.0,19.5,Low Risk
61,Male,Rural,Midlands,Primary,Informal,1,1,1,0,1,3,Low,10.9,0,0,0,20,53.0,65.0,40.55,Moderate Risk
29,Male,Urban,Matabeleland North,Secondary,Informal,3,0,1,1,1,3,Low,7.7,0,1,0,40,12.0,55.0,33.2,Moderate Risk
47,Male,Urban,Mashonaland East,Tertiary,Informal,4,1,1,1,0,3,Low,0.2,1,0,1,10,12.0,20.0,12.7,Low Risk
53,Female,Urban,Harare,None,Unemployed,1,1,0,1,0,2,Medium,0.5,1,0,1,40,57.0,20.0,41.95,Moderate Risk
24,Male,Rural,Midlands,Primary,Informal,2,1,0,0,0,1,High,2.0,1,0,1,60,54.0,20.0,49.9,High Risk
39,Male,Rural,Bulawayo,Secondary,Unemployed,1,1,0,0,0,1,High,4.9,1,0,1,60,55.0,20.0,50.25,High Risk
45,Female,Rural,Mashonaland Central,Secondary,Informal,2,1,1,0,0,2,Medium,5.5,0,0,1,30,50.0,75.0,46.0,High Risk
39,Female,Rural,Masvingo,Tertiary,Informal,3,1,1,0,1,3,Low,31.4,1,1,1,20,42.0,50.0,33.7,Moderate Risk
43,Female,Urban,Mashonaland East,Tertiary,Formal,5,1,1,1,1,4,Low,2.4,1,1,1,0,10.0,0.0,3.5,Low Risk
19,Female,Rural,Midlands,Secondary,Informal,1,1,0,0,1,2,Medium,53.7,1,0,1,50,65.0,50.0,55.25,High Risk
45,Male,Urban,Harare,Secondary,Formal,5,1,1,1,0,3,Low,7.5,1,1,0,10,0.0,5.0,5.5,Low Risk
31,Female,Rural,Mashonaland West,Secondary,Formal,4,1,1,1,1,4,Low,13.3,1,1,0,0,30.0,15.0,13.5,Low Risk
42,Female,Urban,Bulawayo,Primary,Informal,3,1,1,0,1,3,Low,3.6,1,1,0,20,28.0,0.0,18.8,Low Risk
50,Female,Rural,Bulawayo,Secondary,Informal,1,0,0,0,1,1,High,10.0,0,0,1,90,57.0,55.0,71.45,Critical Risk
47,Female,Urban,Masvingo,Secondary,Unemployed,3,0,1,0,0,1,High,1.7,1,0,0,70,30.0,40.0,50.0,High Risk
42,Male,Urban,Harare,Secondary,Informal,4,1,1,0,1,3,Low,4.5,1,0,0,20,12.0,20.0,17.2,Low Risk
46,Male,Urban,Harare,Secondary,Informal,4,1,1,1,0,3,Low,0.6,1,0,0,10,12.0,20.0,12.7,Low Risk
47,Female,Urban,Harare,Tertiary,Informal,3,1,1,1,0,3,Low,4.6,1,1,0,10,22.0,0.0,12.2,Low Risk
58,Male,Urban,Manicaland,Secondary,Formal,5,1,1,1,1,4,Low,1.5,1,1,0,0,0.0,0.0,0.0,Low Risk
37,Male,Rural,Midlands,Primary,Informal,2,1,1,0,1,3,Low,44.7,0,0,0,20,46.0,80.0,41.1,Moderate Risk
40,Female,Urban,Harare,Tertiary,Formal,5,1,1,1,1,4,Low,0.2,1,1,0,0,10.0,0.0,3.5,Low Risk
51,Female,Rural,Mashonaland Central,None,Informal,1,1,1,0,0,2,Medium,27.6,1,1,1,30,69.0,50.0,47.65,High Risk
31,Female,Urban,Matabeleland South,Tertiary,Informal,5,1,1,1,1,4,Low,8.4,1,1,0,0,22.0,25.0,12.7,Low Risk
19,Female,Rural,Masvingo,Secondary,Informal,2,1,1,0,1,3,Low,41.1,0,1,1,20,58.0,80.0,45.3,High Risk
44,Female,Urban,Harare,Tertiary,Formal,5,1,1,1,1,4,Low,0.4,1,1,0,0,10.0,0.0,3.5,Low Risk
35,Female,Rural,Mashonaland Central,Tertiary,Formal,4,1,1,1,1,4,Low,55.4,0,0,0,0,30.0,100.0,30.5,Moderate Risk
21,Female,Rural,Midlands,Secondary,Informal,2,1,1,0,1,3,Low,19.9,0,0,1,20,58.0,65.0,42.3,Moderate Risk
45,Male,Urban,Manicaland,Tertiary,Formal,4,1,1,1,1,4,Low,1.6,1,1,0,0,0.0,0.0,0.0,Low Risk
58,Female,Rural,Mashonaland Central,None,Informal,1,1,1,0,0,2,Medium,14.8,0,0,1,30,69.0,85.0,54.65,High Risk
18,Male,Urban,Harare,Primary,Formal,5,1,1,1,1,4,Low,2.5,1,1,0,0,14.0,0.0,4.9,Low Risk
52,Male,Urban,Harare,Secondary,Formal,5,1,1,0,1,3,Low,11.6,1,1,0,20,0.0,15.0,12.0,Low Risk
18,Male,Rural,Mashonaland Central,Secondary,Informal,1,0,1,0,0,1,High,13.7,1,1,1,70,55.0,35.0,57.75,High Risk
32,Female,Rural,Manicaland,None,Unemployed,1,0,0,0,0,0,High,33.1,1,0,1,100,77.0,50.0,81.95,Critical Risk
63,Female,Urban,Harare,Secondary,Formal,5,0,1,1,1,3,Low,11.0,1,1,0,40,10.0,15.0,24.5,Low Risk
33,Female,Urban,Harare,Tertiary,Formal,5,1,1,1,1,4,Low,4.0,1,1,0,0,10.0,0.0,3.5,Low Risk
39,Female,Rural,Mashonaland East,Secondary,Informal,2,0,1,0,1,2,Medium,30.0,1,0,0,60,50.0,50.0,54.5,High Risk
48,Female,Rural,Mashonaland West,Primary,Unemployed,1,1,1,0,0,2,Medium,41.7,1,1,0,30,71.0,30.0,44.35,Moderate Risk
18,Male,Rural,Mashonaland West,Secondary,Informal,3,1,0,0,1,2,Medium,13.9,0,1,0,50,40.0,45.0,45.5,High Risk
39,Female,Urban,Mashonaland West,Secondary,Informal,4,1,1,1,1,4,Low,0.9,1,1,0,0,22.0,0.0,7.7,Low Risk
38,Female,Rural,Mashonaland Central,Primary,Informal,4,1,1,0,1,3,Low,12.9,1,0,1,20,48.0,55.0,36.8,Moderate Risk
64,Female,Urban,Masvingo,Tertiary,Unemployed,3,1,1,1,0,3,Low,0.5,1,1,0,10,30.0,20.0,19.0,Low Risk
20,Male,Rural,Midlands,Tertiary,Formal,4,1,1,1,1,4,Low,30.8,0,1,0,0,28.0,60.0,21.8,Low Risk
32,Male,Urban,Matabeleland South,Secondary,Formal,4,0,1,0,1,2,Medium,1.7,1,1,0,60,0.0,20.0,31.0,Moderate Risk
25,Female,Rural,Mashonaland Central,Primary,Informal,1,1,1,0,1,3,Low,4.2,0,1,1,20,63.0,50.0,41.05,Moderate Risk
23,Male,Urban,Harare,Secondary,Informal,4,0,1,0,0,1,High,2.1,0,1,1,70,20.0,30.0,44.5,Moderate Risk
53,Male,Rural,Masvingo,Secondary,Informal,3,0,0,0,1,1,High,18.0,1,0,0,90,32.0,55.0,62.7,High Risk
38,Male,Rural,Manicaland,None,Unemployed,1,0,0,1,0,1,High,1.5,0,0,1,80,67.0,50.0,69.45,Critical Risk
30,Male,Urban,Harare,Primary,Informal,2,1,1,0,0,2,Medium,7.6,1,0,0,30,26.0,25.0,27.6,Moderate Risk
30,Male,Rural,Manicaland,Secondary,Unemployed,1,0,0,0,0,0,High,2.5,1,0,1,100,55.0,20.0,68.25,Critical Risk
30,Female,Urban,Bulawayo,Secondary,Unemployed,5,1,1,0,0,2,Medium,0.1,1,1,1,30,30.0,0.0,24.0,Low Risk
31,Female,Rural,Matabeleland South,Secondary,Informal,1,1,1,0,0,2,Medium,5.9,1,1,0,30,57.0,25.0,38.45,Moderate Risk
20,Female,Urban,Harare,Tertiary,Unemployed,5,1,1,1,0,3,Low,3.8,1,0,0,10,38.0,20.0,21.8,Low Risk
34,Male,Urban,Matabeleland South,Secondary,Informal,4,1,1,0,0,2,Medium,2.1,0,1,0,30,12.0,50.0,27.7,Moderate Risk
32,Male,Urban,Mashonaland East,Secondary,Formal,4,1,1,1,1,4,Low,0.6,1,1,0,0,0.0,0.0,0.0,Low Risk
27,Male,Urban,Harare,Tertiary,Informal,3,1,0,0,1,2,Medium,2.9,1,1,0,50,12.0,0.0,26.7,Moderate Risk
40,Male,Urban,Harare,Secondary,Unemployed,2,0,1,0,0,1,High,6.5,0,1,1,70,28.0,35.0,48.3,High Risk
41,Male,Rural,Manicaland,Secondary,Unemployed,2,1,1,0,0,2,Medium,85.1,0,0,0,30,48.0,80.0,46.3,High Risk
30,Female,Rural,Midlands,None,Informal,1,0,0,0,1,1,High,16.0,1,0,1,90,69.0,35.0,71.65,Critical Risk
35,Female,Rural,Matabeleland South,Tertiary,Formal,5,1,1,1,1,4,Low,18.4,1,1,0,0,30.0,35.0,17.5,Low Risk
68,Female,Urban,Bulawayo,Primary,Unemployed,2,1,1,0,0,2,Medium,3.4,0,1,0,30,52.0,30.0,37.7,Moderate Risk
67,Male,Urban,Bulawayo,Tertiary,Formal,5,1,1,1,1,4,Low,0.4,1,1,0,0,8.0,0.0,2.8,Low Risk
23,Male,Urban,Harare,None,Informal,3,0,1,1,1,3,Low,9.8,1,1,0,40,32.0,5.0,30.2,Moderate Risk
25,Male,Rural,Midlands,Secondary,Informal,4,1,0,1,0,2,Medium,31.2,1,0,1,40,32.0,50.0,39.2,Moderate Risk
23,Male,Rural,Midlands,Secondary,Informal,1,1,0,0,0,1,High,26.2,0,1,1,60,55.0,60.0,58.25,High Risk
52,Female,Urban,Manicaland,None,Formal,4,0,1,1,1,3,Low,0.8,1,1,0,40,22.0,0.0,25.7,Moderate Risk
32,Male,Rural,Mashonaland West,Secondary,Informal,1,1,1,0,1,3,Low,85.9,0,0,1,20,47.0,80.0,41.45,Moderate Risk
41,Female,Urban,Harare,Primary,Informal,3,0,1,1,1,3,Low,0.7,0,1,1,40,28.0,30.0,33.8,Moderate Risk
65,Female,Urban,Harare,Secondary,Formal,5,1,1,1,1,4,Low,0.5,1,1,0,0,18.0,0.0,6.3,Low Risk
37,Male,Urban,Harare,Secondary,Formal,5,1,1,1,1,4,Low,0.3,1,1,0,0,0.0,0.0,0.0,Low Risk
47,Male,Urban,Bulawayo,Tertiary,Informal,5,1,1,0,0,2,Medium,1.5,1,1,0,30,12.0,0.0,17.7,Low Risk
45,Male,Rural,Matabeleland South,Secondary,Informal,2,1,1,0,1,3,Low,45.2,0,0,0,20,40.0,100.0,43.0,Moderate Risk
29,Male,Rural,Midlands,Secondary,Informal,1,0,0,0,0,0,High,63.7,1,0,1,100,47.0,50.0,71.45,Critical Risk
52,Female,Urban,Harare,Tertiary,Unemployed,4,1,1,0,0,2,Medium,0.4,1,1,0,30,30.0,0.0,24.0,Low Risk
26,Female,Urban,Harare,Tertiary,Informal,2,1,1,0,1,3,Low,0.2,1,1,0,20,30.0,0.0,19.5,Low Risk
56,Female,Rural,Manicaland,Secondary,Unemployed,1,1,1,0,0,2,Medium,1.0,0,1,0,30,65.0,30.0,42.25,Moderate Risk
29,Female,Rural,Midlands,Primary,Informal,1,1,1,1,1,4,Low,1.9,1,0,1,0,63.0,20.0,26.05,Moderate Risk
31,Male,Rural,Matabeleland South,Secondary,Informal,2,1,0,0,1,2,Medium,6.0,1,0,1,50,40.0,45.0,45.5,High Risk
22,Male,Urban,Bulawayo,Secondary,Informal,3,1,0,0,1,2,Medium,1.2,1,0,0,50,20.0,20.0,33.5,Moderate Risk
25,Male,Rural,Masvingo,Secondary,Informal,3,1,1,0,1,3,Low,3.2,1,1,0,20,32.0,20.0,24.2,Low Risk
32,Male,Urban,Bulawayo,Secondary,Unemployed,3,1,1,1,0,3,Low,0.1,0,1,0,10,20.0,30.0,17.5,Low Risk
18,Female,Rural,Mashonaland Central,Secondary,Informal,1,1,1,0,0,2,Medium,97.7,0,0,1,30,65.0,100.0,56.25,High Risk
34,Male,Urban,Harare,Secondary,Informal,5,1,0,1,1,3,Low,3.9,1,1,0,30,12.0,0.0,17.7,Low Risk
30,Male,Rural,Mashonaland East,Secondary,Informal,1,0,1,0,1,2,Medium,1.7,1,1,0,60,47.0,0.0,43.45,Moderate Risk
49,Male,Urban,Harare,Primary,Unemployed,2,1,1,0,0,2,Medium,0.9,1,1,0,30,34.0,0.0,25.4,Moderate Risk
43,Male,Urban,Bulawayo,None,Formal,4,1,1,1,1,4,Low,0.6,0,1,0,0,12.0,30.0,10.2,Low Risk
28,Female,Rural,Mashonaland East,Secondary,Informal,2,1,0,0,1,2,Medium,12.6,1,1,1,50,50.0,15.0,43.0,Moderate Risk
31,Male,Rural,Matabeleland North,Secondary,Informal,2,1,1,0,0,2,Medium,45.2,0,0,0,30,40.0,100.0,47.5,High Risk
34,Male,Urban,Bulawayo,Tertiary,Informal,4,0,1,0,1,2,Medium,0.4,1,1,0,60,12.0,0.0,31.2,Moderate Risk
58,Male,Rural,Masvingo,Secondary,Informal,2,1,1,1,0,3,Low,1.0,1,0,0,10,40.0,40.0,26.5,Moderate Risk
26,Female,Rural,Midlands,Primary,Informal,1,1,0,0,0,1,High,22.7,0,1,1,60,63.0,60.0,61.05,High Risk
27,Female,Urban,Harare,Secondary,Informal,2,1,1,0,1,3,Low,4.5,1,1,0,20,30.0,0.0,19.5,Low Risk
22,Female,Urban,Bulawayo,Tertiary,Informal,4,0,0,0,0,0,High,8.0,1,1,0,100,30.0,5.0,56.5,High Risk
18,Male,Urban,Harare,Primary,Informal,2,1,1,0,0,2,Medium,1.6,0,1,1,30,34.0,30.0,31.4,Moderate Risk
42,Male,Rural,Matabeleland North,Secondary,Informal,1,0,1,0,1,2,Medium,5.9,1,0,1,60,47.0,45.0,52.45,High Risk
40,Female,Urban,Bulawayo,Secondary,Formal,5,1,1,1,1,4,Low,1.0,1,1,0,0,10.0,0.0,3.5,Low Risk
55,Male,Urban,Harare,Secondary,Informal,5,1,1,0,1,3,Low,0.9,1,0,0,20,12.0,20.0,17.2,Low Risk
52,Male,Rural,Harare,None,Informal,2,0,0,0,0,0,High,2.9,0,1,1,100,52.0,30.0,69.2,Critical Risk
71,Female,Rural,Matabeleland North,Secondary,Informal,3,1,1,0,0,2,Medium,8.8,0,0,0,30,50.0,75.0,46.0,High Risk
36,Male,Rural,Matabeleland North,Secondary,Informal,2,0,1,0,1,2,Medium,37.0,1,1,1,60,40.0,50.0,51.0,High Risk
34,Male,Rural,Matabeleland North,Primary,Informal,2,0,1,0,1,2,Medium,20.4,1,0,1,60,46.0,70.0,57.1,High Risk
19,Female,Rural,Mashonaland West,Secondary,Unemployed,2,1,0,0,0,1,High,11.8,0,0,0,60,66.0,65.0,63.1,High Risk
47,Female,Rural,Masvingo,Secondary,Unemployed,3,0,1,1,0,2,Medium,30.6,0,1,1,50,50.0,80.0,56.0,High Risk
39,Male,Rural,Masvingo,Secondary,Unemployed,1,1,1,0,0,2,Medium,69.0,1,0,0,30,55.0,70.0,46.75,High Risk
47,Male,Urban,Harare,Primary,Informal,4,1,1,0,0,2,Medium,2.6,1,0,0,30,18.0,20.0,23.8,Low Risk
22,Female,Urban,Bulawayo,Secondary,Formal,4,1,1,1,1,4,Low,12.1,1,1,0,0,18.0,15.0,9.3,Low Risk
42,Male,Urban,Bulawayo,Secondary,Informal,4,1,1,1,1,4,Low,1.8,1,1,0,0,12.0,0.0,4.2,Low Risk
40,Male,Rural,Matabeleland South,Tertiary,Formal,3,0,1,1,1,3,Low,9.0,1,1,0,40,20.0,25.0,30.0,Moderate Risk
39,Female,Urban,Harare,Tertiary,Informal,3,1,1,0,1,3,Low,2.3,1,1,0,20,22.0,0.0,16.7,Low Risk
28,Female,Urban,Harare,Primary,Formal,4,1,1,1,1,4,Low,5.6,1,1,0,0,16.0,5.0,6.6,Low Risk
54,Female,Rural,Midlands,Secondary,Unemployed,2,1,1,0,0,2,Medium,53.3,0,0,1,30,58.0,80.0,49.8,High Risk
66,Male,Urban,Masvingo,Secondary,Formal,5,1,1,1,1,4,Low,7.6,0,1,0,0,8.0,55.0,13.8,Low Risk
22,Male,Urban,Harare,Primary,Formal,5,1,1,1,1,4,Low,0.5,1,1,0,0,14.0,0.0,4.9,Low Risk
48,Female,Rural,Midlands,Primary,Unemployed,1,1,1,0,0,2,Medium,16.7,0,1,1,30,71.0,45.0,47.35,High Risk
18,Female,Rural,Manicaland,Primary,Informal,2,1,1,0,1,3,Low,1.8,1,0,1,20,64.0,20.0,35.4,Moderate Risk
47,Male,Urban,Mashonaland West,Secondary,Formal,5,1,1,1,1,4,Low,6.8,1,1,0,0,0.0,5.0,1.0,Low Risk
18,Female,Urban,Harare,Secondary,Informal,4,1,1,1,1,4,Low,9.5,0,1,0,0,30.0,35.0,17.5,Low Risk
30,Male,Urban,Harare,Secondary,Unemployed,3,0,1,1,0,2,Medium,2.3,1,1,1,50,20.0,0.0,29.5,Moderate Risk
19,Female,Rural,Midlands,Secondary,Informal,3,1,1,0,0,2,Medium,7.3,1,0,0,30,50.0,25.0,36.0,Moderate Risk
34,Female,Rural,Manicaland,Secondary,Informal,1,0,0,0,1,1,High,7.5,1,0,1,90,57.0,25.0,65.45,Critical Risk
49,Male,Urban,Mashonaland West,Secondary,Formal,3,1,1,1,1,4,Low,4.0,1,1,1,0,0.0,0.0,0.0,Low Risk
18,Female,Rural,Mashonaland West,Secondary,Informal,2,1,0,0,1,2,Medium,13.0,1,1,1,50,58.0,15.0,45.8,High Risk
32,Female,Urban,Harare,Secondary,Formal,4,1,1,1,1,4,Low,2.0,1,1,0,0,10.0,0.0,3.5,Low Risk
30,Male,Urban,Matabeleland South,Tertiary,Informal,5,0,1,0,0,1,High,0.3,1,1,0,70,12.0,20.0,39.7,Moderate Risk
60,Male,Rural,Masvingo,None,Informal,1,0,1,0,1,2,Medium,23.1,1,1,1,60,59.0,50.0,57.65,High Risk
44,Female,Urban,Masvingo,Secondary,Unemployed,2,1,1,1,0,3,Low,2.8,0,1,0,10,38.0,50.0,27.8,Moderate Risk
21,Male,Urban,Masvingo,Secondary,Informal,5,1,1,0,1,3,Low,2.9,1,0,0,20,20.0,40.0,24.0,Low Risk
31,Male,Urban,Harare,Secondary,Informal,3,0,1,0,0,1,High,7.3,0,1,1,70,12.0,35.0,42.7,Moderate Risk
59,Male,Rural,Mashonaland Central,Secondary,Informal,2,1,1,0,1,3,Low,4.2,0,0,0,20,40.0,70.0,37.0,Moderate Risk
48,Female,Rural,Mashonaland East,Secondary,Informal,3,1,0,0,1,2,Medium,16.2,1,1,1,50,42.0,15.0,40.2,Moderate Risk
25,Male,Rural,Masvingo,Tertiary,Informal,3,1,0,0,1,2,Medium,17.1,1,0,1,50,32.0,55.0,44.7,Moderate Risk
34,Female,Urban,Harare,Secondary,Informal,4,1,1,0,1,3,Low,1.1,1,1,0,20,22.0,0.0,16.7,Low Risk
34,Male,Urban,Harare,Secondary,Formal,4,1,1,1,1,4,Low,15.2,1,1,0,0,0.0,15.0,3.0,Low Risk
30,Male,Rural,Matabeleland South,Secondary,Informal,2,1,1,0,0,2,Medium,18.9,1,1,1,30,40.0,35.0,34.5,Moderate Risk
18,Female,Urban,Harare,Secondary,Formal,5,1,1,1,1,4,Low,3.6,1,1,0,0,18.0,0.0,6.3,Low Risk
28,Male,Rural,Matabeleland North,Secondary,Informal,1,1,1,0,0,2,Medium,8.8,0,0,0,30,47.0,75.0,44.95,Moderate Risk
57,Male,Rural,Mashonaland West,Secondary,Informal,2,1,1,0,1,3,Low,13.4,1,1,0,20,40.0,15.0,26.0,Moderate Risk
32,Male,Urban,Harare,Secondary,Informal,2,1,1,0,1,3,Low,2.6,1,1,0,20,20.0,0.0,16.0,Low Risk
36,Female,Rural,Mashonaland Central,Secondary,Unemployed,2,1,0,0,0,1,High,10.3,1,0,1,60,58.0,55.0,58.3,High Risk
39,Male,Urban,Harare,Primary,Informal,3,1,1,0,1,3,Low,0.1,1,1,0,20,18.0,0.0,15.3,Low Risk
69,Male,Urban,Bulawayo,Primary,Informal,2,1,1,0,0,2,Medium,4.5,1,0,0,30,34.0,20.0,29.4,Moderate Risk
38,Male,Rural,Manicaland,Tertiary,Formal,4,1,1,1,1,4,Low,8.2,1,1,0,0,20.0,5.0,8.0,Low Risk
53,Male,Urban,Mashonaland West,Secondary,Unemployed,3,1,1,0,0,2,Medium,0.5,0,1,0,30,20.0,30.0,26.5,Moderate Risk
29,Male,Rural,Matabeleland South,Primary,Informal,3,1,1,1,0,3,Low,11.9,1,0,0,10,38.0,55.0,28.8,Moderate Risk
34,Female,Rural,Manicaland,Secondary,Informal,1,1,0,0,1,2,Medium,1.0,0,0,1,50,57.0,50.0,52.45,High Risk
38,Male,Rural,Midlands,Primary,Informal,1,1,1,0,1,3,Low,16.2,0,0,0,20,53.0,65.0,40.55,Moderate Risk
27,Male,Rural,Midlands,None,Informal,1,1,1,0,0,2,Medium,30.0,1,1,1,30,59.0,30.0,40.15,Moderate Risk
35,Female,Urban,Harare,Secondary,Formal,4,1,1,0,1,3,Low,5.1,0,1,0,20,10.0,35.0,19.5,Low Risk
50,Female,Urban,Matabeleland South,Secondary,Formal,5,1,1,0,1,3,Low,2.1,1,1,0,20,10.0,20.0,16.5,Low Risk
26,Male,Rural,Mashonaland East,Secondary,Unemployed,1,1,1,0,0,2,Medium,42.5,0,0,1,30,55.0,80.0,48.75,High Risk
38,Male,Rural,Matabeleland North,Secondary,Unemployed,1,1,0,0,0,1,High,11.5,0,1,0,60,55.0,65.0,59.25,High Risk
47,Male,Urban,Harare,Secondary,Informal,4,1,0,0,1,2,Medium,0.1,0,0,1,50,12.0,50.0,36.7,Moderate Risk
26,Female,Urban,Mashonaland East,Tertiary,Informal,5,0,1,1,1,3,Low,7.4,1,1,0,40,22.0,5.0,26.7,Moderate Risk
53,Male,Urban,Mashonaland West,Secondary,Formal,5,1,1,1,1,4,Low,0.3,1,1,0,0,0.0,0.0,0.0,Low Risk
39,Male,Urban,Midlands,Secondary,Informal,3,1,1,1,1,4,Low,0.2,0,1,0,0,12.0,30.0,10.2,Low Risk
35,Male,Rural,Midlands,Tertiary,Informal,2,0,1,0,0,1,High,5.6,1,0,0,70,40.0,25.0,50.5,High Risk
18,Male,Urban,Harare,Tertiary,Formal,5,1,1,1,1,4,Low,3.6,1,1,0,0,8.0,0.0,2.8,Low Risk
32,Male,Rural,Matabeleland North,Primary,Unemployed,2,1,0,1,0,2,Medium,20.9,1,0,1,40,54.0,70.0,50.9,High Risk
43,Male,Rural,Mashonaland East,Primary,Unemployed,1,0,0,1,0,1,High,47.0,0,1,1,80,61.0,60.0,69.35,Critical Risk
62,Female,Rural,Manicaland,Secondary,Unemployed,1,0,1,0,0,1,High,52.1,0,1,1,70,65.0,60.0,66.25,Critical Risk
45,Female,Urban,Harare,Primary,Informal,4,1,1,0,1,3,Low,4.6,1,1,0,20,28.0,0.0,18.8,Low Risk
53,Female,Urban,Matabeleland South,Secondary,Formal,5,1,1,0,1,3,Low,6.8,1,1,0,20,10.0,25.0,17.5,Low Risk
21,Female,Rural,Matabeleland North,Secondary,Unemployed,2,0,1,0,0,1,High,8.2,0,1,1,70,66.0,55.0,65.6,Critical Risk
36,Male,Rural,Manicaland,Secondary,Informal,1,1,0,0,0,1,High,8.8,1,0,1,60,47.0,25.0,48.45,High Risk
55,Female,Urban,Midlands,Secondary,Unemployed,3,1,1,1,0,3,Low,0.7,1,0,0,10,30.0,20.0,19.0,Low Risk
25,Female,Rural,Matabeleland South,Secondary,Formal,5,1,0,0,1,2,Medium,69.1,1,1,0,50,30.0,50.0,43.0,Moderate Risk
51,Female,Urban,Harare,Tertiary,Informal,4,0,1,0,1,2,Medium,0.3,0,1,1,60,22.0,30.0,40.7,Moderate Risk
48,Female,Rural,Mashonaland West,None,Informal,1,1,0,0,1,2,Medium,3.4,0,0,1,50,69.0,50.0,56.65,High Risk
41,Male,Urban,Manicaland,Tertiary,Formal,5,1,1,1,0,3,Low,2.4,1,1,0,10,0.0,0.0,4.5,Low Risk
33,Male,Urban,Bulawayo,Primary,Formal,5,1,1,1,1,4,Low,3.2,0,1,0,0,6.0,30.0,8.1,Low Risk
24,Male,Urban,Bulawayo,Tertiary,Informal,5,1,1,1,0,3,Low,1.0,0,0,0,10,20.0,50.0,21.5,Low Risk
62,Male,Urban,Bulawayo,Secondary,Formal,5,1,1,1,1,4,Low,0.1,1,1,0,0,0.0,0.0,0.0,Low Risk
46,Male,Urban,Harare,Secondary,Unemployed,3,1,1,1,0,3,Low,4.1,1,1,0,10,20.0,0.0,11.5,Low Risk
42,Male,Urban,Bulawayo,Secondary,Formal,5,1,1,1,0,3,Low,1.3,1,1,0,10,0.0,0.0,4.5,Low Risk
32,Male,Urban,Harare,Tertiary,Formal,5,1,1,1,1,4,Low,0.8,0,1,0,0,0.0,30.0,6.0,Low Risk
38,Female,Rural,Mashonaland East,Secondary,Informal,1,0,0,0,1,1,High,12.5,1,0,1,90,57.0,35.0,67.45,Critical Risk
40,Female,Urban,Harare,None,Formal,4,1,1,1,1,4,Low,2.1,1,1,0,0,22.0,0.0,7.7,Low Risk
43,Female,Rural,Matabeleland North,None,Informal,2,1,1,1,0,3,Low,1.0,1,1,1,10,62.0,20.0,30.2,Moderate Risk
48,Male,Rural,Mashonaland West,Secondary,Unemployed,2,1,1,1,0,3,Low,16.8,0,1,1,10,48.0,45.0,30.3,Moderate Risk
27,Female,Urban,Harare,Secondary,Informal,4,1,1,1,0,3,Low,3.0,0,1,1,10,22.0,30.0,18.2,Low Risk
18,Female,Urban,Harare,Secondary,Unemployed,3,1,1,1,0,3,Low,0.9,1,1,0,10,38.0,0.0,17.8,Low Risk
39,Female,Rural,Midlands,Primary,Informal,1,1,1,0,1,3,Low,19.8,0,1,1,20,63.0,45.0,40.05,Moderate Risk
18,Female,Rural,Mashonaland Central,Secondary,Informal,1,1,1,0,0,2,Medium,27.5,0,0,1,30,65.0,100.0,56.25,High Risk
33,Male,Urban,Harare,Secondary,Formal,5,1,1,1,1,4,Low,0.2,1,1,0,0,0.0,0.0,0.0,Low Risk
30,Male,Rural,Mashonaland Central,None,Informal,1,0,1,1,1,3,Low,39.9,1,0,1,40,59.0,70.0,52.65,High Risk
44,Female,Urban,Manicaland,Secondary,Formal,5,1,1,1,1,4,Low,0.8,1,1,0,0,10.0,0.0,3.5,Low Risk
65,Female,Urban,Harare,Secondary,Formal,5,1,1,1,1,4,Low,2.7,1,1,0,0,18.0,0.0,6.3,Low Risk
18,Male,Rural,Mashonaland West,Tertiary,Informal,1,1,0,0,0,1,High,30.3,1,0,0,60,55.0,50.0,56.25,High Risk
69,Male,Urban,Masvingo,Secondary,Formal,5,1,1,1,1,4,Low,2.0,1,0,0,0,8.0,40.0,10.8,Low Risk
34,Male,Rural,Matabeleland South,Primary,Informal,2,0,0,0,1,1,High,8.3,1,1,1,90,46.0,25.0,61.6,High Risk
42,Male,Urban,Bulawayo,Tertiary,Informal,4,1,0,1,0,2,Medium,0.6,1,1,1,40,12.0,0.0,22.2,Low Risk
18,Female,Rural,Mashonaland West,Primary,Informal,1,0,1,1,0,2,Medium,13.8,0,0,1,50,71.0,65.0,60.35,High Risk
51,Female,Urban,Matabeleland South,Tertiary,Formal,5,1,1,1,1,4,Low,1.3,1,1,0,0,10.0,20.0,7.5,Low Risk
38,Male,Urban,Matabeleland South,Secondary,Informal,3,1,1,0,0,2,Medium,6.0,1,1,1,30,12.0,25.0,22.7,Low Risk
37,Male,Urban,Manicaland,Tertiary,Formal,4,1,1,1,1,4,Low,2.4,1,1,0,0,0.0,0.0,0.0,Low Risk
18,Male,Urban,Mashonaland Central,Tertiary,Formal,5,1,1,1,1,4,Low,0.7,1,1,0,0,8.0,20.0,6.8,Low Risk
39,Male,Rural,Midlands,Secondary,Informal,3,1,1,0,1,3,Low,18.2,1,0,0,20,32.0,35.0,27.2,Moderate Risk
49,Female,Urban,Midlands,Primary,Formal,4,1,1,1,1,4,Low,5.7,1,1,0,0,16.0,5.0,6.6,Low Risk
34,Female,Urban,Harare,Tertiary,Informal,3,1,0,0,1,2,Medium,1.2,1,1,0,50,22.0,0.0,30.2,Moderate Risk
54,Female,Urban,Midlands,Tertiary,Informal,3,1,0,1,0,2,Medium,4.9,1,1,0,40,22.0,0.0,25.7,Moderate Risk
53,Male,Urban,Manicaland,Secondary,Informal,2,1,1,0,1,3,Low,5.4,0,0,0,20,20.0,55.0,27.0,Moderate Risk
29,Female,Rural,Masvingo,Secondary,Informal,3,0,1,0,0,1,High,10.8,1,1,1,70,42.0,35.0,53.2,High Risk
60,Female,Urban,Harare,Secondary,Formal,5,0,1,1,1,3,Low,1.9,1,1,0,40,10.0,0.0,21.5,Low Risk
38,Male,Rural,Mashonaland East,Tertiary,Formal,4,1,1,1,1,4,Low,18.6,1,1,0,0,20.0,15.0,10.0,Low Risk
38,Female,Urban,Mashonaland East,Tertiary,Unemployed,3,1,1,0,0,2,Medium,4.0,1,0,0,30,30.0,20.0,28.0,Moderate Risk
39,Female,Rural,Matabeleland North,Secondary,Informal,2,0,0,0,1,1,High,50.9,1,1,1,90,50.0,50.0,68.0,Critical Risk
38,Female,Urban,Harare,Secondary,Informal,4,1,1,0,1,3,Low,1.2,1,1,0,20,22.0,0.0,16.7,Low Risk
18,Male,Urban,Bulawayo,Secondary,Formal,4,1,1,1,1,4,Low,1.1,1,1,0,0,8.0,0.0,2.8,Low Risk
35,Male,Rural,Manicaland,Secondary,Unemployed,2,0,1,1,0,2,Medium,40.1,1,1,1,50,48.0,30.0,45.3,High Risk
18,Male,Rural,Mashonaland West,Secondary,Informal,1,0,0,0,0,0,High,4.2,1,0,1,100,55.0,20.0,68.25,Critical Risk
60,Male,Rural,Masvingo,Secondary,Formal,4,1,1,1,1,4,Low,6.2,1,0,0,0,20.0,45.0,16.0,Low Risk
60,Male,Urban,Bulawayo,Tertiary,Informal,3,1,1,1,1,4,Low,1.4,0,0,1,0,12.0,50.0,14.2,Low Risk
49,Female,Urban,Harare,Secondary,Informal,2,1,1,0,1,3,Low,0.4,1,1,0,20,30.0,0.0,19.5,Low Risk
34,Male,Rural,Manicaland,Primary,Informal,1,1,1,0,1,3,Low,8.3,1,1,0,20,53.0,5.0,28.55,Moderate Risk
23,Male,Urban,Harare,Tertiary,Unemployed,3,1,1,1,0,3,Low,10.7,1,1,0,10,28.0,15.0,17.3,Low Risk
28,Female,Rural,Masvingo,None,Unemployed,1,0,1,0,0,1,High,7.5,0,0,1,70,77.0,75.0,73.45,Critical Risk
65,Female,Rural,Midlands,Tertiary,Informal,2,0,1,1,1,3,Low,2.9,1,0,0,40,58.0,20.0,42.3,Moderate Risk
28,Female,Rural,Matabeleland South,Tertiary,Unemployed,2,1,1,0,0,2,Medium,10.6,0,1,1,30,58.0,65.0,46.8,High Risk
18,Female,Rural,Matabeleland South,Secondary,Unemployed,2,0,0,0,0,0,High,7.1,0,0,1,100,66.0,75.0,83.1,Critical Risk
52,Male,Rural,Mashonaland East,Secondary,Informal,3,0,1,0,1,2,Medium,22.4,1,0,1,60,32.0,50.0,48.2,High Risk
59,Male,Urban,Harare,Secondary,Informal,4,1,1,0,0,2,Medium,6.5,1,1,0,30,12.0,5.0,18.7,Low Risk
61,Female,Urban,Masvingo,Secondary,Informal,3,1,0,0,1,2,Medium,2.8,1,0,1,50,22.0,40.0,38.2,Moderate Risk
52,Male,Rural,Mashonaland West,Secondary,Informal,1,0,0,0,1,1,High,31.1,1,0,1,90,47.0,50.0,66.95,Critical Risk
54,Male,Urban,Harare,Secondary,Informal,2,1,0,0,0,1,High,2.3,0,1,0,60,20.0,30.0,40.0,Moderate Risk
38,Male,Urban,Bulawayo,Tertiary,Informal,4,1,1,0,1,3,Low,2.0,1,1,0,20,12.0,0.0,13.2,Low Risk
18,Female,Urban,Bulawayo,Secondary,Unemployed,4,1,1,0,0,2,Medium,4.3,1,1,0,30,38.0,0.0,26.8,Moderate Risk
38,Male,Rural,Mashonaland East,Secondary,Informal,1,1,0,0,0,1,High,22.2,1,0,1,60,47.0,50.0,53.45,High Risk
46,Female,Rural,Harare,Secondary,Informal,2,1,1,0,0,2,Medium,8.2,1,1,0,30,50.0,5.0,32.0,Moderate Risk
36,Male,Rural,Masvingo,Secondary,Informal,2,0,1,1,0,2,Medium,4.2,1,0,1,50,40.0,40.0,44.5,Moderate Risk
35,Female,Urban,Harare,Secondary,Unemployed,4,1,1,0,0,2,Medium,10.4,1,0,0,30,30.0,35.0,31.0,Moderate Risk
24,Male,Urban,Harare,Secondary,Informal,4,1,0,0,1,2,Medium,0.1,1,1,0,50,20.0,0.0,29.5,Moderate Risk
23,Male,Urban,Mashonaland West,Tertiary,Formal,4,1,1,1,1,4,Low,3.6,1,1,0,0,8.0,0.0,2.8,Low Risk
63,Female,Urban,Midlands,Secondary,Formal,5,1,1,1,1,4,Low,2.6,1,1,0,0,10.0,0.0,3.5,Low Risk
64,Female,Rural,Mashonaland East,Primary,Formal,4,1,1,0,1,3,Low,7.2,1,1,0,20,36.0,5.0,22.6,Low Risk
37,Male,Rural,Bulawayo,None,Informal,1,1,0,0,0,1,High,25.8,0,0,1,60,59.0,80.0,63.65,High Risk
41,Male,Urban,Bulawayo,Secondary,Formal,5,1,1,1,1,4,Low,3.6,1,1,0,0,0.0,0.0,0.0,Low Risk
24,Male,Urban,Harare,Secondary,Formal,5,1,1,0,1,3,Low,1.7,1,1,0,20,8.0,0.0,11.8,Low Risk
46,Male,Urban,Masvingo,Secondary,Unemployed,2,1,1,1,0,3,Low,0.3,0,1,0,10,28.0,50.0,24.3,Low Risk
62,Female,Rural,Matabeleland North,None,Informal,1,1,0,0,0,1,High,95.4,0,1,1,60,69.0,80.0,67.15,Critical Risk
18,Male,Rural,Mashonaland West,None,Informal,1,1,0,0,0,1,High,19.0,1,0,1,60,67.0,35.0,57.45,High Risk
44,Female,Urban,Mashonaland Central,Tertiary,Informal,3,1,1,0,1,3,Low,3.2,1,1,0,20,22.0,20.0,20.7,Low Risk
45,Male,Rural,Mashonaland East,Secondary,Informal,3,1,1,0,1,3,Low,57.8,1,0,0,20,32.0,50.0,30.2,Moderate Risk
45,Male,Urban,Bulawayo,Primary,Informal,3,1,1,1,1,4,Low,0.6,1,1,0,0,18.0,0.0,6.3,Low Risk
60,Male,Urban,Matabeleland North,Primary,Unemployed,4,1,1,0,0,2,Medium,2.3,1,1,0,30,26.0,20.0,26.6,Moderate Risk
66,Male,Rural,Mashonaland Central,Primary,Informal,2,0,0,0,1,1,High,6.6,0,1,1,90,54.0,55.0,70.4,Critical Risk
34,Male,Urban,Harare,Tertiary,Informal,4,1,1,0,1,3,Low,2.8,0,1,0,20,12.0,30.0,19.2,Low Risk
47,Female,Urban,Masvingo,Tertiary,Formal,5,1,1,1,1,4,Low,0.5,1,1,0,0,10.0,20.0,7.5,Low Risk
39,Male,Rural,Mashonaland West,Secondary,Informal,2,1,1,0,0,2,Medium,45.1,1,0,0,30,40.0,50.0,37.5,Moderate Risk
29,Female,Urban,Harare,Secondary,Informal,4,1,1,1,0,3,Low,0.7,1,1,0,10,22.0,0.0,12.2,Low Risk
41,Male,Rural,Manicaland,Secondary,Informal,1,0,1,1,1,3,Low,1.0,1,1,1,40,47.0,0.0,34.45,Moderate Risk
47,Male,Urban,Harare,Secondary,Informal,3,1,0,1,0,2,Medium,0.9,0,1,1,40,12.0,30.0,28.2,Moderate Risk
41,Male,Urban,Bulawayo,Secondary,Informal,4,1,1,1,1,4,Low,1.2,1,1,0,0,12.0,0.0,4.2,Low Risk
25,Male,Urban,Harare,Secondary,Formal,5,1,1,1,1,4,Low,2.6,1,1,0,0,0.0,0.0,0.0,Low Risk
31,Female,Urban,Harare,Tertiary,Formal,4,0,1,1,1,3,Low,1.4,1,1,0,40,10.0,0.0,21.5,Low Risk
31,Female,Urban,Harare,Secondary,Informal,4,1,0,0,0,1,High,1.6,0,1,0,60,22.0,30.0,40.7,Moderate Risk
26,Female,Urban,Bulawayo,Secondary,Formal,5,1,1,1,1,4,Low,0.6,1,1,0,0,10.0,0.0,3.5,Low Risk
42,Female,Rural,Midlands,Secondary,Informal,1,1,1,0,1,3,Low,1.6,1,1,0,20,57.0,0.0,28.95,Moderate Risk
43,Male,Urban,Bulawayo,Secondary,Unemployed,2,1,1,0,0,2,Medium,0.1,1,1,0,30,28.0,0.0,23.3,Low Risk
51,Male,Urban,Bulawayo,Secondary,Informal,4,1,1,0,0,2,Medium,2.5,1,1,0,30,12.0,0.0,17.7,Low Risk
25,Female,Urban,Mashonaland East,Secondary,Formal,3,1,1,1,1,4,Low,0.6,1,1,0,0,10.0,0.0,3.5,Low Risk
29,Male,Urban,Harare,Tertiary,Informal,4,1,1,0,1,3,Low,11.3,1,1,0,20,12.0,15.0,16.2,Low Risk
59,Male,Urban,Harare,Secondary,Informal,5,1,1,0,0,2,Medium,0.5,1,1,0,30,12.0,0.0,17.7,Low Risk
35,Female,Rural,Manicaland,Secondary,Informal,1,1,1,1,1,4,Low,5.2,0,0,1,0,57.0,55.0,30.95,Moderate Risk
38,Female,Urban,Harare,Tertiary,Unemployed,4,1,1,0,0,2,Medium,1.6,1,1,0,30,30.0,0.0,24.0,Low Risk
35,Female,Rural,Midlands,Secondary,Informal,2,1,0,0,0,1,High,4.7,1,0,1,60,50.0,20.0,48.5,High Risk
53,Male,Rural,Mashonaland East,Secondary,Informal,1,1,1,0,1,3,Low,14.5,1,0,0,20,47.0,35.0,32.45,Moderate Risk
54,Female,Urban,Mashonaland West,Secondary,Formal,5,1,1,1,1,4,Low,2.9,1,1,0,0,10.0,0.0,3.5,Low Risk
53,Male,Urban,Harare,Secondary,Unemployed,4,0,0,0,0,0,High,2.3,1,1,1,100,20.0,0.0,52.0,High Risk
38,Male,Urban,Bulawayo,Secondary,Informal,2,1,1,1,0,3,Low,0.9,0,1,0,10,20.0,30.0,17.5,Low Risk
25,Male,Rural,Mashonaland East,Primary,Unemployed,1,1,1,0,0,2,Medium,56.6,1,1,0,30,61.0,30.0,40.85,Moderate Risk
64,Female,Urban,Harare,Tertiary,Informal,4,1,1,0,1,3,Low,0.2,1,1,0,20,22.0,0.0,16.7,Low Risk
49,Female,Rural,Mashonaland East,Secondary,Unemployed,2,1,1,0,0,2,Medium,1.2,0,1,0,30,58.0,30.0,39.8,Moderate Risk
31,Female,Rural,Matabeleland North,Secondary,Informal,1,0,0,1,0,1,High,35.9,1,1,1,80,57.0,50.0,65.95,Critical Risk
57,Male,Rural,Mashonaland West,Primary,Unemployed,1,1,1,0,0,2,Medium,30.4,1,0,0,30,61.0,50.0,44.85,Moderate Risk
30,Male,Urban,Mashonaland West,Secondary,Unemployed,2,1,1,0,0,2,Medium,0.3,1,0,0,30,28.0,20.0,27.3,Moderate Risk
57,Male,Rural,Midlands,Secondary,Unemployed,1,0,0,0,0,0,High,19.0,1,0,1,100,55.0,35.0,71.25,Critical Risk
58,Female,Urban,Bulawayo,Secondary,Unemployed,4,1,1,1,0,3,Low,2.1,1,1,1,10,30.0,0.0,15.0,Low Risk
25,Male,Urban,Midlands,Primary,Informal,3,1,0,0,1,2,Medium,3.1,1,1,0,50,18.0,0.0,28.8,Moderate Risk
46,Male,Urban,Harare,Secondary,Informal,3,1,1,0,0,2,Medium,1.2,0,1,0,30,12.0,30.0,23.7,Low Risk
48,Female,Rural,Mashonaland East,Primary,Informal,1,1,0,0,1,2,Medium,100.1,1,0,1,50,63.0,50.0,54.55,High Risk
74,Male,Rural,Mashonaland West,None,Unemployed,1,1,1,0,0,2,Medium,1.0,1,1,0,30,75.0,0.0,39.75,Moderate Risk
27,Female,Rural,Masvingo,Primary,Unemployed,1,1,1,0,0,2,Medium,16.5,0,1,1,30,71.0,65.0,51.35,High Risk
58,Male,Urban,Bulawayo,Tertiary,Informal,5,1,1,1,0,3,Low,1.8,1,1,0,10,12.0,0.0,8.7,Low Risk
38,Female,Rural,Masvingo,None,Informal,3,1,1,0,1,3,Low,6.1,1,1,1,20,54.0,25.0,32.9,Moderate Risk
20,Male,Urban,Masvingo,Secondary,Informal,2,1,1,0,0,2,Medium,12.3,1,1,0,30,28.0,35.0,30.3,Moderate Risk
36,Male,Urban,Harare,Secondary,Unemployed,4,1,1,0,0,2,Medium,0.8,0,0,0,30,20.0,50.0,30.5,Moderate Risk
38,Male,Rural,Matabeleland South,Secondary,Informal,3,1,1,1,1,4,Low,6.1,1,1,0,0,32.0,25.0,16.2,Low Risk
23,Male,Urban,Bulawayo,Secondary,Informal,2,1,1,1,1,4,Low,2.7,1,1,0,0,28.0,0.0,9.8,Low Risk
42,Female,Urban,Bulawayo,None,Unemployed,1,1,1,0,0,2,Medium,4.7,0,1,1,30,57.0,30.0,39.45,Moderate Risk
51,Male,Rural,Mashonaland East,None,Unemployed,1,1,0,0,0,1,High,8.9,1,0,1,60,67.0,25.0,55.45,High Risk
41,Male,Urban,Harare,Secondary,Informal,5,1,1,0,1,3,Low,1.8,1,1,0,20,12.0,0.0,13.2,Low Risk
30,Female,Urban,Harare,Tertiary,Informal,5,0,1,0,0,1,High,2.9,1,1,0,70,22.0,0.0,39.2,Moderate Risk
35,Male,Urban,Mashonaland Central,Secondary,Informal,3,1,1,1,1,4,Low,0.1,1,0,0,0,12.0,40.0,12.2,Low Risk
37,Female,Urban,Bulawayo,Secondary,Informal,2,1,1,0,1,3,Low,4.9,1,1,0,20,30.0,0.0,19.5,Low Risk
41,Female,Rural,Mashonaland Central,Tertiary,Informal,3,1,1,0,1,3,Low,16.7,1,0,1,20,42.0,55.0,34.7,Moderate Risk
53,Male,Rural,Matabeleland South,Secondary,Informal,2,1,1,0,1,3,Low,8.8,0,0,0,20,40.0,75.0,38.0,Moderate Risk
41,Female,Urban,Bulawayo,Tertiary,Unemployed,4,1,1,1,0,3,Low,0.1,1,1,0,10,30.0,0.0,15.0,Low Risk
18,Male,Urban,Matabeleland South,Secondary,Unemployed,2,1,1,1,0,3,Low,1.5,0,1,0,10,36.0,50.0,27.1,Moderate Risk
30,Male,Urban,Bulawayo,Tertiary,Formal,5,1,1,1,0,3,Low,1.6,1,1,0,10,0.0,0.0,4.5,Low Risk
40,Male,Rural,Matabeleland North,Secondary,Unemployed,1,1,1,0,0,2,Medium,32.8,1,1,0,30,55.0,50.0,42.75,Moderate Risk
53,Female,Rural,Mashonaland West,Secondary,Informal,3,1,1,0,1,3,Low,3.2,1,1,1,20,42.0,0.0,23.7,Low Risk
56,Female,Rural,Matabeleland North,Secondary,Informal,2,0,0,0,0,0,High,1.1,1,0,1,100,50.0,40.0,70.5,Critical Risk
62,Female,Urban,Harare,Secondary,Informal,5,1,1,1,0,3,Low,0.8,1,0,0,10,22.0,20.0,16.2,Low Risk
39,Female,Urban,Harare,Tertiary,Formal,5,1,1,1,1,4,Low,1.5,1,1,0,0,10.0,0.0,3.5,Low Risk
48,Male,Urban,Midlands,Tertiary,Formal,5,1,1,1,1,4,Low,2.1,1,1,0,0,0.0,0.0,0.0,Low Risk
18,Female,Rural,Matabeleland North,Secondary,Unemployed,2,1,1,0,0,2,Medium,13.9,1,0,1,30,66.0,55.0,47.6,High Risk
44,Female,Urban,Bulawayo,Secondary,Informal,3,1,1,1,1,4,Low,5.5,1,0,0,0,22.0,25.0,12.7,Low Risk
22,Female,Rural,Mashonaland West,Secondary,Informal,1,1,0,0,0,1,High,2.0,1,1,1,60,65.0,0.0,49.75,High Risk
37,Female,Rural,Matabeleland North,Primary,Informal,3,0,1,0,1,2,Medium,11.7,1,0,1,60,48.0,55.0,54.8,High Risk
80,Female,Urban,Harare,Secondary,Informal,5,1,0,1,0,2,Medium,0.5,1,1,1,40,30.0,0.0,28.5,Moderate Risk
42,Male,Urban,Harare,Primary,Informal,3,1,0,0,1,2,Medium,9.3,1,1,1,50,18.0,5.0,29.8,Moderate Risk
25,Female,Urban,Harare,Tertiary,Formal,5,1,1,1,1,4,Low,2.3,1,0,0,0,10.0,20.0,7.5,Low Risk
43,Female,Urban,Harare,Tertiary,Formal,5,1,1,1,1,4,Low,5.6,1,1,0,0,10.0,5.0,4.5,Low Risk
30,Female,Urban,Harare,Primary,Informal,4,1,0,1,0,2,Medium,0.6,1,1,1,40,28.0,0.0,27.8,Moderate Risk
24,Male,Rural,Matabeleland South,Secondary,Informal,2,1,1,0,0,2,Medium,33.3,1,1,1,30,48.0,50.0,40.3,Moderate Risk
67,Female,Urban,Harare,Tertiary,Unemployed,3,1,1,0,0,2,Medium,1.6,0,1,0,30,38.0,30.0,32.8,Moderate Risk
52,Male,Urban,Mashonaland West,Primary,Informal,1,1,1,0,1,3,Low,4.7,1,0,0,20,33.0,20.0,24.55,Low Risk
42,Female,Rural,Midlands,Primary,Unemployed,2,0,0,0,0,0,High,3.4,1,0,0,100,64.0,20.0,71.4,Critical Risk
32,Female,Rural,Mashonaland Central,Primary,Unemployed,2,0,0,0,0,0,High,30.7,1,0,1,100,64.0,70.0,81.4,Critical Risk
33,Male,Urban,Manicaland,Tertiary,Formal,5,1,1,1,1,4,Low,6.6,1,1,0,0,0.0,5.0,1.0,Low Risk
59,Female,Rural,Mashonaland West,Secondary,Formal,4,1,1,1,0,3,Low,9.4,1,0,0,10,30.0,25.0,20.0,Low Risk
42,Male,Rural,Midlands,Primary,Informal,2,1,1,0,1,3,Low,7.1,0,0,0,20,46.0,55.0,36.1,Moderate Risk
18,Female,Rural,Mashonaland West,Primary,Unemployed,1,1,1,1,0,3,Low,11.0,1,0,0,10,79.0,35.0,39.15,Moderate Risk
71,Female,Rural,Mashonaland East,Secondary,Formal,4,1,1,1,1,4,Low,15.4,1,1,0,0,38.0,15.0,16.3,Low Risk
40,Male,Urban,Harare,Primary,Formal,4,1,1,1,1,4,Low,8.8,1,1,0,0,6.0,5.0,3.1,Low Risk
42,Female,Rural,Midlands,Secondary,Informal,2,0,1,0,0,1,High,19.0,0,0,0,70,50.0,65.0,62.0,High Risk
53,Male,Urban,Harare,None,Unemployed,1,1,0,0,0,1,High,0.4,1,1,1,60,47.0,0.0,43.45,Moderate Risk
44,Female,Rural,Matabeleland South,Secondary,Formal,4,1,1,1,1,4,Low,8.5,0,1,0,0,30.0,55.0,21.5,Low Risk
48,Female,Rural,Mashonaland Central,Secondary,Informal,3,0,1,0,1,2,Medium,8.5,0,0,0,60,42.0,75.0,56.7,High Risk
32,Male,Urban,Bulawayo,Tertiary,Formal,5,1,0,0,1,2,Medium,0.8,1,1,0,50,0.0,0.0,22.5,Low Risk
20,Female,Urban,Bulawayo,Secondary,Unemployed,3,1,1,0,0,2,Medium,3.3,1,0,0,30,38.0,20.0,30.8,Moderate Risk
41,Female,Rural,Manicaland,Secondary,Informal,3,0,1,0,0,1,High,4.7,1,0,0,70,42.0,20.0,50.2,High Risk
58,Female,Rural,Manicaland,Secondary,Informal,4,1,1,1,0,3,Low,5.8,1,0,0,10,42.0,25.0,24.2,Low Risk
28,Female,Urban,Harare,Secondary,Unemployed,3,1,1,0,0,2,Medium,0.6,0,1,1,30,30.0,30.0,30.0,Moderate Risk
27,Male,Rural,Matabeleland South,Primary,Informal,2,1,0,1,1,3,Low,14.4,0,0,1,30,46.0,85.0,46.6,High Risk
55,Female,Rural,Matabeleland North,None,Unemployed,2,1,0,0,0,1,High,50.0,1,0,1,60,70.0,70.0,65.5,Critical Risk
31,Male,Urban,Harare,Secondary,Formal,5,1,1,1,1,4,Low,0.3,1,1,0,0,0.0,0.0,0.0,Low Risk
32,Male,Urban,Bulawayo,Secondary,Formal,3,1,1,1,1,4,Low,2.1,1,0,0,0,0.0,20.0,4.0,Low Risk
32,Female,Urban,Harare,Tertiary,Informal,3,1,1,1,1,4,Low,1.6,0,1,0,0,22.0,30.0,13.7,Low Risk
37,Male,Rural,Matabeleland North,Secondary,Informal,3,0,0,0,0,0,High,128.3,1,1,1,100,32.0,50.0,66.2,Critical Risk
18,Female,Urban,Mashonaland East,Tertiary,Informal,4,1,1,0,1,3,Low,7.4,1,0,0,20,30.0,25.0,24.5,Low Risk
30,Male,Rural,Midlands,Tertiary,Informal,4,0,0,1,1,2,Medium,26.9,0,0,1,70,32.0,80.0,58.7,High Risk
41,Female,Urban,Masvingo,Secondary,Formal,5,1,1,0,1,3,Low,1.4,1,1,0,20,10.0,20.0,16.5,Low Risk
41,Female,Rural,Mashonaland East,None,Unemployed,1,1,0,0,0,1,High,50.6,1,0,1,60,77.0,50.0,63.95,High Risk
54,Male,Urban,Harare,Primary,Informal,2,1,1,0,1,3,Low,1.3,0,1,0,20,26.0,30.0,24.1,Low Risk
63,Male,Urban,Masvingo,Tertiary,Informal,4,1,1,1,1,4,Low,0.9,1,1,0,0,12.0,20.0,8.2,Low Risk
59,Male,Rural,Manicaland,Primary,Informal,1,1,0,0,0,1,High,18.5,1,1,1,60,53.0,15.0,48.55,High Risk
50,Female,Urban,Harare,Tertiary,Unemployed,5,1,1,1,0,3,Low,1.3,0,1,0,10,30.0,30.0,21.0,Low Risk
35,Female,Urban,Harare,Primary,Informal,2,1,0,1,0,2,Medium,5.2,1,1,1,40,36.0,5.0,31.6,Moderate Risk
29,Male,Rural,Matabeleland South,Primary,Unemployed,2,1,1,1,0,3,Low,27.0,1,1,1,10,54.0,50.0,33.4,Moderate Risk
38,Female,Rural,Matabeleland North,Secondary,Unemployed,3,1,1,0,0,2,Medium,10.3,1,0,0,30,50.0,55.0,42.0,Moderate Risk
46,Male,Rural,Midlands,Secondary,Informal,3,1,0,0,0,1,High,60.7,1,0,0,60,32.0,50.0,48.2,High Risk
49,Male,Urban,Harare,Tertiary,Formal,5,1,1,1,1,4,Low,5.7,1,1,0,0,0.0,5.0,1.0,Low Risk
46,Male,Rural,Mashonaland East,None,Informal,1,1,0,0,1,2,Medium,1.0,0,0,1,50,59.0,50.0,53.15,High Risk
36,Male,Rural,Mashonaland East,Primary,Informal,3,0,0,0,0,0,High,1.0,1,1,1,100,38.0,0.0,58.3,High Risk
49,Female,Urban,Mashonaland East,Secondary,Unemployed,3,1,1,0,0,2,Medium,3.5,0,1,1,30,30.0,30.0,30.0,Moderate Risk
55,Female,Urban,Harare,Tertiary,Formal,5,1,1,1,1,4,Low,2.7,1,1,0,0,10.0,0.0,3.5,Low Risk
50,Female,Rural,Midlands,Primary,Informal,1,1,0,1,1,3,Low,20.1,0,0,1,30,63.0,80.0,51.55,High Risk
37,Female,Urban,Bulawayo,Secondary,Informal,2,0,1,0,0,1,High,9.0,0,0,1,70,30.0,55.0,53.0,High Risk
26,Male,Rural,Matabeleland South,Primary,Informal,1,0,1,0,0,1,High,4.0,1,0,1,70,53.0,40.0,58.05,High Risk
25,Male,Rural,Matabeleland South,Secondary,Informal,2,0,0,0,1,1,High,14.5,1,0,1,90,40.0,55.0,65.5,Critical Risk
28,Female,Rural,Mashonaland West,Primary,Unemployed,1,0,0,0,0,0,High,32.4,1,0,1,100,71.0,50.0,79.85,Critical Risk
41,Female,Urban,Mashonaland Central,Tertiary,Informal,3,1,1,0,1,3,Low,0.2,0,1,0,20,22.0,50.0,26.7,Moderate Risk
45,Female,Urban,Harare,Primary,Unemployed,3,1,1,0,0,2,Medium,5.6,1,1,0,30,36.0,5.0,27.1,Moderate Risk
18,Female,Urban,Mashonaland East,Secondary,Informal,4,0,1,0,0,1,High,3.6,1,1,0,70,30.0,0.0,42.0,Moderate Risk
30,Female,Urban,Mashonaland West,Tertiary,Informal,4,1,1,1,1,4,Low,1.4,1,1,0,0,22.0,0.0,7.7,Low Risk
41,Female,Rural,Masvingo,Primary,Unemployed,1,1,1,0,0,2,Medium,5.1,1,0,0,30,71.0,45.0,47.35,High Risk
25,Female,Rural,Mashonaland Central,Primary,Informal,1,1,0,1,1,3,Low,16.0,0,0,1,30,63.0,85.0,52.55,High Risk
44,Female,Urban,Midlands,Secondary,Formal,5,1,1,1,1,4,Low,2.5,1,1,0,0,10.0,0.0,3.5,Low Risk
33,Male,Urban,Matabeleland South,Secondary,Formal,5,1,1,1,1,4,Low,1.2,1,0,0,0,0.0,40.0,8.0,Low Risk
27,Male,Rural,Masvingo,Secondary,Informal,3,0,1,0,1,2,Medium,39.1,1,1,1,60,32.0,50.0,48.2,High Risk
38,Female,Urban,Midlands,Secondary,Informal,3,1,1,0,1,3,Low,1.2,0,1,0,20,22.0,30.0,22.7,Low Risk
43,Male,Urban,Bulawayo,Secondary,Formal,5,1,1,1,1,4,Low,1.9,1,1,0,0,0.0,0.0,0.0,Low Risk
26,Female,Urban,Harare,Tertiary,Formal,5,1,1,1,1,4,Low,0.7,0,1,0,0,10.0,30.0,9.5,Low Risk
34,Female,Rural,Mashonaland West,Primary,Formal,2,1,0,1,1,3,Low,6.4,0,0,1,30,44.0,55.0,39.9,Moderate Risk
44,Male,Urban,Harare,Secondary,Informal,2,1,1,1,0,3,Low,0.8,1,0,0,10,20.0,20.0,15.5,Low Risk
27,Male,Rural,Masvingo,Tertiary,Formal,3,1,1,1,1,4,Low,9.5,1,1,0,0,20.0,25.0,12.0,Low Risk
18,Female,Urban,Bulawayo,Tertiary,Informal,4,1,1,1,1,4,Low,2.8,1,1,0,0,30.0,0.0,10.5,Low Risk
18,Female,Rural,Manicaland,Primary,Unemployed,1,0,0,0,0,0,High,10.3,0,0,1,100,79.0,65.0,85.65,Critical Risk
32,Male,Urban,Harare,Secondary,Informal,3,1,1,0,1,3,Low,5.9,1,0,0,20,12.0,25.0,18.2,Low Risk
19,Female,Urban,Manicaland,Secondary,Unemployed,2,1,1,0,0,2,Medium,3.1,1,1,0,30,46.0,0.0,29.6,Moderate Risk
33,Male,Urban,Mashonaland East,Secondary,Unemployed,2,1,1,0,0,2,Medium,9.7,0,1,0,30,28.0,35.0,30.3,Moderate Risk
61,Male,Urban,Midlands,Tertiary,Informal,3,1,0,0,0,1,High,0.4,1,1,0,60,12.0,0.0,31.2,Moderate Risk
18,Male,Urban,Harare,Secondary,Informal,4,1,1,0,1,3,Low,3.7,0,1,0,20,20.0,30.0,22.0,Low Risk
34,Female,Urban,Mashonaland West,Secondary,Informal,5,1,1,0,1,3,Low,7.4,1,1,1,20,22.0,5.0,17.7,Low Risk
67,Female,Urban,Harare,Secondary,Informal,5,1,1,1,1,4,Low,1.8,1,1,0,0,30.0,0.0,10.5,Low Risk
43,Female,Urban,Harare,Secondary,Informal,4,0,1,1,1,3,Low,5.4,1,1,0,40,22.0,5.0,26.7,Moderate Risk
32,Male,Rural,Matabeleland North,Secondary,Formal,3,1,1,1,1,4,Low,1.0,1,1,0,0,20.0,20.0,11.0,Low Risk
35,Female,Urban,Harare,Secondary,Informal,3,1,1,1,1,4,Low,1.8,0,1,1,0,22.0,30.0,13.7,Low Risk
44,Female,Rural,Matabeleland South,None,Unemployed,1,1,1,0,0,2,Medium,4.3,0,1,0,30,77.0,50.0,50.45,High Risk
61,Male,Rural,Mashonaland East,Primary,Informal,1,1,1,0,1,3,Low,28.5,0,0,0,20,53.0,80.0,43.55,Moderate Risk
30,Male,Urban,Harare,Secondary,Formal,5,0,1,1,1,3,Low,7.8,1,1,0,40,0.0,5.0,19.0,Low Risk
27,Male,Rural,Masvingo,Secondary,Informal,4,1,1,1,0,3,Low,13.4,1,1,0,10,32.0,35.0,22.7,Low Risk
18,Female,Rural,Manicaland,Secondary,Unemployed,2,1,1,0,0,2,Medium,1.0,1,0,1,30,66.0,20.0,40.6,Moderate Risk
39,Male,Rural,Mashonaland East,Tertiary,Unemployed,4,0,0,1,0,1,High,1.0,1,1,1,80,40.0,0.0,50.0,High Risk
18,Male,Urban,Harare,Secondary,Informal,2,1,1,0,1,3,Low,11.7,1,0,0,20,28.0,35.0,25.8,Moderate Risk
31,Female,Urban,Harare,Tertiary,Formal,5,1,1,1,1,4,Low,2.1,1,0,0,0,10.0,20.0,7.5,Low Risk
25,Female,Urban,Mashonaland Central,Secondary,Formal,5,1,1,1,1,4,Low,2.7,1,0,0,0,10.0,40.0,11.5,Low Risk
53,Female,Urban,Harare,Secondary,Unemployed,2,1,1,1,0,3,Low,2.1,1,0,0,10,38.0,20.0,21.8,Low Risk
30,Female,Rural,Masvingo,Secondary,Informal,3,0,0,0,1,1,High,14.4,1,1,1,90,42.0,35.0,62.2,High Risk
43,Male,Rural,Masvingo,Secondary,Unemployed,3,0,1,0,0,1,High,20.2,1,1,1,70,40.0,50.0,55.5,High Risk
18,Female,Urban,Bulawayo,Tertiary,Formal,5,0,1,1,1,3,Low,10.9,1,1,0,40,18.0,15.0,27.3,Moderate Risk
39,Male,Rural,Mashonaland West,Primary,Unemployed,1,1,0,1,0,2,Medium,17.0,0,1,1,40,61.0,45.0,48.35,High Risk
21,Male,Urban,Bulawayo,Tertiary,Informal,2,1,1,0,1,3,Low,2.4,1,1,0,20,28.0,0.0,18.8,Low Risk
32,Female,Rural,Midlands,Secondary,Informal,2,1,0,0,0,1,High,35.0,1,0,0,60,50.0,50.0,54.5,High Risk
68,Male,Urban,Harare,Tertiary,Informal,4,1,1,1,1,4,Low,1.9,1,0,0,0,20.0,20.0,11.0,Low Risk
51,Male,Rural,Matabeleland South,Secondary,Unemployed,1,1,1,0,0,2,Medium,6.9,0,1,0,30,55.0,55.0,43.75,Moderate Risk
36,Female,Rural,Manicaland,Tertiary,Unemployed,2,1,1,0,0,2,Medium,8.1,1,1,1,30,58.0,5.0,34.8,Moderate Risk
80,Male,Urban,Bulawayo,Tertiary,Formal,5,1,1,1,1,4,Low,5.5,1,1,0,0,8.0,5.0,3.8,Low Risk
25,Male,Urban,Bulawayo,Secondary,Formal,5,1,1,1,1,4,Low,0.6,1,1,0,0,0.0,0.0,0.0,Low Risk
54,Female,Rural,Mashonaland Central,Secondary,Informal,3,1,1,0,0,2,Medium,3.8,1,0,1,30,42.0,40.0,36.2,Moderate Risk
18,Female,Urban,Harare,Tertiary,Informal,5,1,1,0,1,3,Low,2.2,0,1,0,20,30.0,30.0,25.5,Moderate Risk
34,Female,Urban,Harare,Tertiary,Informal,3,0,1,0,1,2,Medium,0.5,1,1,1,60,22.0,0.0,34.7,Moderate Risk
19,Male,Rural,Manicaland,Secondary,Informal,1,1,0,0,1,2,Medium,34.5,0,0,1,50,55.0,80.0,57.75,High Risk
41,Female,Rural,Masvingo,Tertiary,Unemployed,1,1,1,0,0,2,Medium,63.1,0,0,1,30,65.0,100.0,56.25,High Risk
38,Female,Urban,Harare,Secondary,Formal,5,0,1,1,1,3,Low,0.7,1,1,0,40,10.0,0.0,21.5,Low Risk
33,Male,Urban,Mashonaland East,Secondary,Formal,5,1,0,1,0,2,Medium,0.7,1,0,0,40,0.0,20.0,22.0,Low Risk
53,Male,Urban,Masvingo,Secondary,Formal,3,1,1,1,1,4,Low,4.1,1,0,1,0,0.0,40.0,8.0,Low Risk
30,Male,Rural,Mashonaland East,Secondary,Informal,2,0,1,1,1,3,Low,8.7,0,0,1,40,40.0,55.0,43.0,Moderate Risk
42,Female,Urban,Harare,Secondary,Formal,5,1,1,0,1,3,Low,3.1,1,1,0,20,10.0,0.0,12.5,Low Risk
49,Male,Urban,Harare,Secondary,Unemployed,2,1,1,0,0,2,Medium,2.4,1,1,0,30,28.0,0.0,23.3,Low Risk
18,Female,Urban,Masvingo,Secondary,Informal,4,0,1,1,1,3,Low,9.0,1,0,0,40,30.0,45.0,37.5,Moderate Risk
27,Female,Rural,Mashonaland West,None,Informal,2,1,1,0,0,2,Medium,6.5,0,0,0,30,62.0,55.0,46.2,High Risk
38,Male,Urban,Harare,Primary,Informal,3,1,1,0,0,2,Medium,0.2,1,0,0,30,18.0,20.0,23.8,Low Risk
46,Female,Rural,Midlands,Secondary,Unemployed,1,1,0,0,0,1,High,14.5,1,1,1,60,65.0,15.0,52.75,High Risk
57,Male,Rural,Mashonaland West,Primary,Unemployed,1,1,1,1,0,3,Low,14.5,1,0,0,10,61.0,35.0,32.85,Moderate Risk
34,Male,Rural,Mashonaland East,None,Informal,1,1,1,0,0,2,Medium,17.4,1,0,0,30,59.0,35.0,41.15,Moderate Risk
33,Female,Rural,Midlands,None,Informal,1,0,0,1,1,2,Medium,9.1,1,0,1,70,69.0,25.0,60.65,High Risk
25,Male,Rural,Midlands,Primary,Informal,1,1,1,0,0,2,Medium,63.6,1,0,1,30,53.0,50.0,42.05,Moderate Risk
42,Female,Rural,Mashonaland West,None,Informal,1,1,1,0,1,3,Low,33.7,1,1,1,20,69.0,30.0,39.15,Moderate Risk
33,Female,Urban,Harare,Tertiary,Formal,4,1,1,1,1,4,Low,1.1,1,1,0,0,10.0,0.0,3.5,Low Risk
34,Male,Rural,Mashonaland West,Secondary,Informal,1,1,1,0,1,3,Low,8.9,0,1,1,20,47.0,35.0,32.45,Moderate Risk
36,Male,Urban,Harare,Secondary,Formal,5,1,0,1,1,3,Low,0.1,1,1,1,30,0.0,0.0,13.5,Low Risk
45,Male,Urban,Bulawayo,Secondary,Informal,5,1,1,0,1,3,Low,0.7,1,1,0,20,12.0,0.0,13.2,Low Risk
30,Female,Rural,Mashonaland Central,None,Informal,2,1,0,0,1,2,Medium,18.4,1,0,1,50,62.0,55.0,55.2,High Risk
27,Female,Rural,Masvingo,Secondary,Informal,2,1,1,1,1,4,Low,8.6,1,0,1,0,50.0,45.0,26.5,Moderate Risk
44,Male,Rural,Matabeleland South,Tertiary,Unemployed,2,0,1,0,0,1,High,6.0,1,0,0,70,48.0,45.0,57.3,High Risk
18,Female,Urban,Midlands,Primary,Informal,3,1,1,0,1,3,Low,4.4,1,1,0,20,36.0,0.0,21.6,Low Risk
29,Female,Urban,Mashonaland West,Secondary,Formal,5,1,1,1,1,4,Low,6.8,0,1,0,0,10.0,35.0,10.5,Low Risk
21,Female,Urban,Harare,Secondary,Informal,4,1,1,0,1,3,Low,1.1,0,1,0,20,30.0,30.0,25.5,Moderate Risk
54,Male,Urban,Harare,Secondary,Informal,4,1,1,1,0,3,Low,0.3,1,0,0,10,12.0,20.0,12.7,Low Risk
31,Male,Urban,Bulawayo,Primary,Informal,2,1,0,0,1,2,Medium,2.0,1,1,1,50,26.0,0.0,31.6,Moderate Risk
30,Male,Urban,Harare,Secondary,Unemployed,2,1,1,1,0,3,Low,1.6,1,1,0,10,28.0,0.0,14.3,Low Risk
37,Male,Urban,Harare,Secondary,Informal,4,1,1,0,1,3,Low,2.6,1,1,0,20,12.0,0.0,13.2,Low Risk
29,Male,Rural,Matabeleland South,Primary,Unemployed,1,1,0,0,0,1,High,15.5,1,0,1,60,61.0,55.0,59.35,High Risk
32,Male,Urban,Harare,Tertiary,Formal,5,1,1,0,1,3,Low,1.8,1,0,0,20,0.0,20.0,13.0,Low Risk
39,Male,Rural,Manicaland,None,Informal,1,0,1,0,1,2,Medium,23.8,0,0,1,60,59.0,80.0,63.65,High Risk
32,Male,Rural,Mashonaland West,Primary,Informal,1,1,0,0,0,1,High,9.2,1,0,1,60,53.0,25.0,50.55,High Risk
31,Male,Urban,Midlands,Tertiary,Informal,4,1,1,0,1,3,Low,3.0,1,0,0,20,12.0,20.0,17.2,Low Risk
23,Female,Urban,Bulawayo,Secondary,Formal,5,1,1,1,1,4,Low,3.5,1,0,0,0,18.0,20.0,10.3,Low Risk
21,Female,Urban,Harare,Secondary,Formal,5,1,1,1,1,4,Low,18.4,1,1,1,0,18.0,15.0,9.3,Low Risk
38,Male,Rural,Masvingo,Secondary,Unemployed,2,1,1,0,0,2,Medium,23.2,1,0,1,30,48.0,70.0,44.3,Moderate Risk
42,Female,Urban,Matabeleland North,Secondary,Formal,4,1,1,1,1,4,Low,5.2,1,0,0,0,10.0,45.0,12.5,Low Risk
18,Male,Urban,Harare,Tertiary,Formal,5,1,0,1,1,3,Low,1.6,1,1,1,30,8.0,0.0,16.3,Low Risk
48,Female,Rural,Masvingo,Secondary,Informal,3,1,1,0,0,2,Medium,1.1,0,0,0,30,42.0,70.0,42.2,Moderate Risk
48,Female,Rural,Matabeleland North,Secondary,Informal,2,1,0,0,0,1,High,54.5,1,1,0,60,50.0,50.0,54.5,High Risk
51,Female,Urban,Manicaland,Tertiary,Formal,4,1,1,0,0,2,Medium,1.1,1,1,0,30,10.0,0.0,17.0,Low Risk
42,Female,Urban,Harare,Secondary,Formal,5,1,1,1,1,4,Low,0.8,1,1,0,0,10.0,0.0,3.5,Low Risk
46,Female,Urban,Matabeleland North,Tertiary,Formal,5,1,1,1,1,4,Low,0.7,1,1,0,0,10.0,20.0,7.5,Low Risk
68,Female,Urban,Harare,Secondary,Informal,4,1,1,1,1,4,Low,1.4,1,1,0,0,30.0,0.0,10.5,Low Risk
33,Male,Urban,Harare,Secondary,Informal,2,1,1,1,1,4,Low,2.2,1,1,0,0,20.0,0.0,7.0,Low Risk
23,Male,Rural,Manicaland,Secondary,Informal,1,1,0,0,0,1,High,1.8,0,1,1,60,55.0,30.0,52.25,High Risk
18,Female,Rural,Mashonaland West,Secondary,Informal,3,1,0,1,0,2,Medium,43.7,1,0,1,40,50.0,50.0,45.5,High Risk
62,Male,Urban,Harare,Primary,Informal,4,1,1,0,1,3,Low,2.2,1,1,0,20,18.0,0.0,15.3,Low Risk
62,Female,Rural,Matabeleland South,Secondary,Unemployed,2,0,1,0,0,1,High,35.6,1,1,1,70,58.0,50.0,61.8,High Risk
25,Female,Urban,Masvingo,Tertiary,Informal,5,1,0,0,1,2,Medium,0.7,1,1,0,50,22.0,20.0,34.2,Moderate Risk
27,Male,Rural,Harare,Tertiary,Formal,5,1,0,1,1,3,Low,89.9,1,1,1,30,20.0,30.0,26.5,Moderate Risk
33,Male,Rural,Matabeleland South,Secondary,Formal,5,1,0,1,0,2,Medium,2.2,1,1,1,40,20.0,20.0,29.0,Moderate Risk
55,Female,Rural,Midlands,None,Informal,1,1,0,0,1,2,Medium,1.0,1,1,0,50,69.0,0.0,46.65,High Risk
19,Male,Rural,Manicaland,Primary,Unemployed,1,1,0,0,0,1,High,9.2,1,0,0,60,69.0,25.0,56.15,High Risk
18,Female,Urban,Manicaland,Secondary,Informal,2,1,1,0,1,3,Low,0.3,1,1,0,20,38.0,0.0,22.3,Low Risk
68,Female,Urban,Midlands,Primary,Formal,5,1,1,1,1,4,Low,0.7,1,1,0,0,24.0,0.0,8.4,Low Risk
42,Male,Urban,Mashonaland East,Tertiary,Formal,4,1,1,0,1,3,Low,2.0,1,1,0,20,0.0,0.0,9.0,Low Risk
44,Female,Urban,Bulawayo,Secondary,Unemployed,4,1,1,0,0,2,Medium,1.3,1,1,0,30,30.0,0.0,24.0,Low Risk
35,Female,Rural,Midlands,Secondary,Informal,1,0,0,0,1,1,High,51.7,1,0,1,90,57.0,50.0,70.45,Critical Risk
44,Female,Urban,Manicaland,Secondary,Formal,5,1,1,1,1,4,Low,1.1,0,1,0,0,10.0,30.0,9.5,Low Risk
18,Male,Rural,Mashonaland East,None,Unemployed,1,1,1,0,0,2,Medium,3.5,1,0,0,30,75.0,20.0,43.75,Moderate Risk
26,Female,Urban,Harare,Secondary,Informal,3,1,1,0,1,3,Low,3.1,1,0,0,20,22.0,20.0,20.7,Low Risk
39,Female,Urban,Bulawayo,Secondary,Informal,4,1,1,0,1,3,Low,2.2,1,0,0,20,22.0,20.0,20.7,Low Risk
18,Male,Urban,Harare,Secondary,Informal,4,1,1,0,1,3,Low,4.8,1,1,0,20,20.0,0.0,16.0,Low Risk
33,Female,Rural,Mashonaland East,Secondary,Informal,3,1,0,0,1,2,Medium,1.1,1,1,1,50,42.0,0.0,37.2,Moderate Risk
32,Female,Rural,Mashonaland Central,Secondary,Informal,1,0,1,0,1,2,Medium,10.3,1,1,1,60,57.0,35.0,53.95,High Risk
33,Male,Urban,Mashonaland West,Secondary,Unemployed,1,1,1,0,0,2,Medium,4.5,1,1,1,30,35.0,0.0,25.75,Moderate Risk
30,Female,Urban,Manicaland,Tertiary,Informal,3,1,1,1,0,3,Low,1.6,1,1,1,10,22.0,0.0,12.2,Low Risk
24,Female,Rural,Mashonaland East,Primary,Informal,1,1,1,0,1,3,Low,6.0,0,1,1,20,71.0,35.0,40.85,Moderate Risk
18,Female,Urban,Harare,Secondary,Informal,5,1,1,0,0,2,Medium,1.0,1,1,0,30,30.0,0.0,24.0,Low Risk
40,Male,Rural,Manicaland,Secondary,Unemployed,3,0,1,0,0,1,High,4.6,1,0,0,70,40.0,20.0,49.5,High Risk
33,Female,Urban,Harare,Secondary,Formal,4,1,1,0,1,3,Low,2.3,1,1,1,20,10.0,0.0,12.5,Low Risk
18,Female,Urban,Bulawayo,Secondary,Formal,5,1,1,1,1,4,Low,1.2,1,1,0,0,18.0,0.0,6.3,Low Risk
38,Female,Urban,Harare,Tertiary,Informal,5,1,1,0,1,3,Low,5.7,0,1,0,20,22.0,35.0,23.7,Low Risk
33,Male,Urban,Midlands,Secondary,Formal,4,1,1,1,0,3,Low,0.6,1,1,0,10,0.0,0.0,4.5,Low Risk
31,Male,Urban,Harare,Tertiary,Informal,3,1,1,0,0,2,Medium,0.4,1,1,0,30,12.0,0.0,17.7,Low Risk
18,Female,Urban,Harare,Secondary,Informal,2,0,0,0,0,0,High,4.8,0,0,1,100,38.0,50.0,68.3,Critical Risk
47,Male,Rural,Midlands,Secondary,Informal,2,1,0,0,0,1,High,92.9,1,0,1,60,40.0,50.0,51.0,High Risk
20,Male,Urban,Harare,Primary,Informal,3,1,1,1,0,3,Low,3.7,1,1,1,10,26.0,0.0,13.6,Low Risk
38,Male,Urban,Harare,Secondary,Informal,3,1,1,1,1,4,Low,3.4,1,1,0,0,12.0,0.0,4.2,Low Risk
26,Female,Urban,Harare,Secondary,Formal,3,1,1,1,1,4,Low,0.1,1,1,0,0,10.0,0.0,3.5,Low Risk
32,Male,Urban,Bulawayo,Secondary,Formal,4,1,1,1,1,4,Low,1.1,1,1,0,0,0.0,0.0,0.0,Low Risk
54,Female,Rural,Mashonaland East,Secondary,Informal,2,1,1,0,1,3,Low,5.5,1,0,0,20,50.0,25.0,31.5,Moderate Risk
45,Female,Urban,Mashonaland West,Secondary,Formal,5,1,1,1,1,4,Low,2.9,1,1,0,0,10.0,0.0,3.5,Low Risk
53,Female,Rural,Masvingo,None,Informal,1,0,1,0,1,2,Medium,18.1,1,0,1,60,69.0,55.0,62.15,High Risk
42,Female,Urban,Masvingo,Secondary,Unemployed,2,1,1,0,0,2,Medium,0.3,1,0,1,30,38.0,40.0,34.8,Moderate Risk
43,Male,Rural,Masvingo,Secondary,Informal,3,1,1,0,1,3,Low,1.0,1,0,0,20,32.0,40.0,28.2,Moderate Risk
18,Female,Urban,Mashonaland Central,Secondary,Informal,2,0,1,0,0,1,High,3.5,1,1,1,70,38.0,20.0,48.8,High Risk
33,Male,Rural,Matabeleland North,Secondary,Informal,2,1,1,0,0,2,Medium,35.2,1,0,1,30,40.0,70.0,41.5,Moderate Risk
34,Female,Urban,Bulawayo,Primary,Unemployed,1,1,1,0,0,2,Medium,2.7,1,1,0,30,51.0,0.0,31.35,Moderate Risk
55,Male,Urban,Bulawayo,Primary,Unemployed,3,1,1,0,0,2,Medium,0.7,1,0,0,30,26.0,20.0,26.6,Moderate Risk
30,Female,Rural,Matabeleland North,Tertiary,Unemployed,1,1,1,0,0,2,Medium,9.4,1,1,1,30,65.0,25.0,41.25,Moderate Risk
41,Female,Rural,Harare,Tertiary,Formal,4,0,1,1,0,2,Medium,2.1,1,0,0,50,30.0,20.0,37.0,Moderate Risk
41,Male,Rural,Matabeleland North,Secondary,Informal,3,1,0,0,0,1,High,17.4,1,1,1,60,32.0,35.0,45.2,High Risk
54,Female,Urban,Harare,Secondary,Formal,5,1,1,0,1,3,Low,0.1,1,1,0,20,10.0,0.0,12.5,Low Risk
36,Male,Rural,Masvingo,Secondary,Informal,1,1,0,0,1,2,Medium,36.9,1,1,1,50,47.0,50.0,48.95,High Risk
49,Male,Rural,Manicaland,Secondary,Formal,3,1,1,0,0,2,Medium,1.0,1,1,1,30,20.0,0.0,20.5,Low Risk
18,Male,Rural,Bulawayo,None,Unemployed,1,1,1,0,0,2,Medium,2.0,0,0,1,30,75.0,50.0,49.75,High Risk
18,Male,Urban,Harare,Primary,Formal,4,1,1,1,1,4,Low,0.1,1,1,0,0,14.0,0.0,4.9,Low Risk
18,Female,Rural,Mashonaland Central,Primary,Informal,1,1,1,0,0,2,Medium,41.2,1,0,0,30,71.0,70.0,52.35,High Risk
49,Female,Rural,Harare,Secondary,Unemployed,1,0,0,0,0,0,High,4.6,0,1,1,100,65.0,30.0,73.75,Critical Risk
47,Male,Rural,Manicaland,Secondary,Unemployed,1,1,0,0,0,1,High,5.7,1,0,1,60,55.0,25.0,51.25,High Risk
50,Female,Urban,Bulawayo,Secondary,Formal,5,1,1,1,1,4,Low,0.2,0,1,0,0,10.0,30.0,9.5,Low Risk
28,Female,Urban,Harare,Secondary,Formal,4,1,0,1,0,2,Medium,7.3,1,1,0,40,10.0,5.0,22.5,Low Risk
30,Female,Rural,Midlands,Primary,Unemployed,1,1,0,0,0,1,High,22.1,1,0,1,60,71.0,50.0,61.85,High Risk
36,Male,Urban,Mashonaland East,Tertiary,Unemployed,3,1,1,1,0,3,Low,1.6,1,1,0,10,20.0,0.0,11.5,Low Risk
58,Female,Rural,Manicaland,Secondary,Informal,2,1,0,0,0,1,High,4.1,0,0,1,60,50.0,50.0,54.5,High Risk
61,Male,Urban,Harare,Secondary,Informal,3,1,1,0,0,2,Medium,3.4,1,0,0,30,12.0,20.0,21.7,Low Risk
49,Female,Urban,Harare,Tertiary,Informal,4,1,0,0,0,1,High,0.1,1,1,0,60,22.0,0.0,34.7,Moderate Risk
42,Female,Rural,Mashonaland East,Primary,Unemployed,1,1,0,0,0,1,High,52.1,0,0,1,60,71.0,80.0,67.85,Critical Risk
56,Female,Urban,Bulawayo,Secondary,Formal,4,1,1,1,1,4,Low,1.4,1,1,0,0,10.0,0.0,3.5,Low Risk
34,Male,Urban,Bulawayo,Secondary,Informal,3,1,1,0,1,3,Low,7.7,1,1,0,20,12.0,5.0,14.2,Low Risk
32,Male,Rural,Matabeleland North,None,Unemployed,1,1,0,0,0,1,High,28.5,1,1,1,60,67.0,50.0,60.45,High Risk
36,Female,Rural,Mashonaland East,Secondary,Informal,3,0,1,0,1,2,Medium,9.6,1,1,0,60,42.0,5.0,42.7,Moderate Risk
24,Male,Rural,Matabeleland North,Secondary,Informal,2,1,0,1,1,3,Low,5.0,1,0,1,30,48.0,40.0,38.3,Moderate Risk
35,Male,Urban,Harare,Primary,Informal,2,1,1,1,1,4,Low,1.9,0,0,0,0,26.0,50.0,19.1,Low Risk
22,Female,Urban,Mashonaland West,Secondary,Informal,4,1,1,1,1,4,Low,1.1,0,0,1,0,30.0,50.0,20.5,Low Risk
52,Female,Rural,Midlands,Secondary,Informal,2,1,1,1,0,3,Low,37.4,0,0,1,10,50.0,80.0,38.0,Moderate Risk
45,Male,Urban,Harare,Tertiary,Formal,4,1,1,1,1,4,Low,5.0,1,1,0,0,0.0,0.0,0.0,Low Risk
58,Male,Urban,Mashonaland East,Secondary,Formal,2,1,1,1,1,4,Low,2.8,1,1,0,0,8.0,0.0,2.8,Low Risk
18,Female,Urban,Mashonaland East,Secondary,Unemployed,2,1,1,0,0,2,Medium,3.3,1,1,0,30,46.0,0.0,29.6,Moderate Risk
64,Male,Urban,Bulawayo,Tertiary,Formal,5,1,1,1,1,4,Low,1.1,1,1,0,0,0.0,0.0,0.0,Low Risk
18,Male,Rural,Manicaland,Primary,Unemployed,2,1,0,0,0,1,High,46.8,1,0,1,60,62.0,50.0,58.7,High Risk
21,Male,Rural,Matabeleland South,Primary,Informal,1,1,0,0,1,2,Medium,26.1,0,1,1,50,61.0,80.0,59.85,High Risk
29,Male,Rural,Mashonaland West,Primary,Unemployed,2,1,1,0,0,2,Medium,13.1,0,0,1,30,54.0,65.0,45.4,High Risk
56,Female,Urban,Harare,Secondary,Unemployed,4,1,1,0,0,2,Medium,3.5,1,1,0,30,30.0,0.0,24.0,Low Risk
41,Male,Urban,Bulawayo,Secondary,Unemployed,4,1,1,0,0,2,Medium,8.4,1,1,1,30,20.0,5.0,21.5,Low Risk
34,Male,Urban,Harare,Tertiary,Unemployed,4,0,1,0,0,1,High,2.7,1,1,0,70,20.0,0.0,38.5,Moderate Risk
26,Female,Urban,Harare,Secondary,Formal,5,1,1,1,1,4,Low,4.2,0,1,0,0,10.0,30.0,9.5,Low Risk
18,Male,Urban,Midlands,Tertiary,Formal,5,1,1,1,1,4,Low,0.1,1,1,0,0,8.0,0.0,2.8,Low Risk
53,Male,Urban,Harare,Secondary,Formal,5,1,1,1,1,4,Low,20.0,1,1,0,0,0.0,15.0,3.0,Low Risk
49,Female,Urban,Bulawayo,Secondary,Informal,3,1,1,0,0,2,Medium,3.1,1,0,0,30,22.0,20.0,25.2,Moderate Risk
56,Female,Rural,Matabeleland North,Primary,Informal,2,0,0,0,0,0,High,53.5,0,0,1,100,56.0,100.0,84.6,Critical Risk
43,Male,Rural,Manicaland,Primary,Informal,1,1,1,1,1,4,Low,22.6,1,1,1,0,53.0,30.0,24.55,Low Risk
18,Male,Urban,Manicaland,Secondary,Formal,5,1,1,1,1,4,Low,7.8,1,0,0,0,8.0,25.0,7.8,Low Risk
20,Male,Urban,Bulawayo,Tertiary,Informal,4,1,0,0,1,2,Medium,0.2,1,1,0,50,20.0,0.0,29.5,Moderate Risk
44,Male,Rural,Mashonaland West,Primary,Informal,3,1,1,0,0,2,Medium,8.7,0,1,1,30,38.0,35.0,33.8,Moderate Risk
32,Female,Rural,Masvingo,Secondary,Informal,1,1,0,0,1,2,Medium,20.7,1,1,0,50,57.0,50.0,52.45,High Risk
30,Female,Rural,Midlands,Primary,Informal,2,1,0,0,1,2,Medium,3.5,1,0,0,50,56.0,20.0,46.1,High Risk
22,Female,Urban,Matabeleland North,Secondary,Informal,3,1,1,1,1,4,Low,2.5,0,1,0,0,30.0,50.0,20.5,Low Risk
51,Female,Rural,Manicaland,Primary,Unemployed,2,1,0,0,0,1,High,38.3,1,1,0,60,64.0,30.0,55.4,High Risk
44,Male,Urban,Harare,Primary,Informal,2,1,1,0,0,2,Medium,0.4,1,1,0,30,26.0,0.0,22.6,Low Risk
45,Female,Urban,Bulawayo,Secondary,Informal,4,0,1,0,0,1,High,1.7,0,1,0,70,22.0,30.0,45.2,High Risk
29,Female,Urban,Matabeleland North,Tertiary,Formal,5,1,1,1,1,4,Low,0.7,1,0,0,0,10.0,40.0,11.5,Low Risk
40,Male,Urban,Mashonaland East,Tertiary,Formal,4,1,1,1,1,4,Low,5.1,1,0,0,0,0.0,25.0,5.0,Low Risk
19,Female,Urban,Harare,Primary,Informal,3,1,1,0,0,2,Medium,0.3,0,1,1,30,36.0,30.0,32.1,Moderate Risk
36,Male,Urban,Masvingo,Primary,Formal,5,1,1,1,1,4,Low,6.4,1,1,0,0,6.0,25.0,7.1,Low Risk
18,Female,Rural,Mashonaland East,Secondary,Unemployed,1,0,1,1,0,2,Medium,11.3,0,0,1,50,73.0,65.0,61.05,High Risk
18,Female,Urban,Harare,Secondary,Unemployed,1,1,0,0,0,1,High,6.6,1,1,1,60,53.0,5.0,46.55,High Risk
33,Male,Urban,Bulawayo,Tertiary,Formal,5,0,1,1,1,3,Low,1.7,1,1,1,40,0.0,0.0,18.0,Low Risk
71,Female,Urban,Harare,Secondary,Informal,2,1,1,0,1,3,Low,2.9,1,0,0,20,38.0,20.0,26.3,Moderate Risk
18,Male,Urban,Bulawayo,Tertiary,Informal,5,1,1,0,1,3,Low,5.3,1,1,0,20,20.0,5.0,17.0,Low Risk
20,Female,Urban,Harare,Primary,Informal,4,1,1,0,0,2,Medium,6.8,1,1,0,30,36.0,5.0,27.1,Moderate Risk
41,Male,Urban,Mashonaland East,Tertiary,Informal,5,0,0,0,0,0,High,6.3,1,1,0,100,12.0,5.0,50.2,High Risk
62,Male,Urban,Matabeleland South,Tertiary,Informal,4,1,1,0,0,2,Medium,0.9,1,1,0,30,12.0,20.0,21.7,Low Risk
40,Male,Rural,Mashonaland East,Secondary,Unemployed,3,1,1,0,0,2,Medium,8.5,0,0,0,30,40.0,55.0,38.5,Moderate Risk
47,Female,Rural,Masvingo,Tertiary,Informal,4,1,0,0,1,2,Medium,7.2,1,0,0,50,42.0,45.0,46.2,High Risk
33,Male,Urban,Manicaland,Secondary,Informal,3,1,0,0,0,1,High,0.1,1,1,1,60,12.0,0.0,31.2,Moderate Risk
30,Female,Rural,Mashonaland Central,Primary,Informal,3,1,1,0,1,3,Low,119.2,1,0,1,20,48.0,70.0,39.8,Moderate Risk
39,Male,Rural,Matabeleland South,Secondary,Informal,1,1,1,0,0,2,Medium,29.6,1,0,1,30,47.0,70.0,43.95,Moderate Risk
28,Male,Rural,Masvingo,Secondary,Informal,2,0,1,0,0,1,High,21.9,0,1,1,70,40.0,80.0,61.5,High Risk
48,Male,Rural,Manicaland,Secondary,Unemployed,1,0,1,0,0,1,High,12.6,1,0,1,70,55.0,35.0,57.75,High Risk
18,Male,Rural,Midlands,Secondary,Informal,2,1,0,0,0,1,High,56.3,1,0,1,60,48.0,50.0,53.8,High Risk
50,Female,Rural,Mashonaland West,Secondary,Unemployed,1,1,0,0,0,1,High,5.7,1,1,1,60,65.0,5.0,50.75,High Risk
38,Male,Rural,Mashonaland Central,Primary,Informal,1,1,1,0,1,3,Low,34.0,0,0,0,20,53.0,100.0,47.55,High Risk
34,Female,Urban,Harare,Secondary,Informal,3,0,1,0,1,2,Medium,4.1,1,1,1,60,22.0,0.0,34.7,Moderate Risk
18,Female,Urban,Mashonaland East,Secondary,Formal,5,1,1,1,1,4,Low,0.5,1,1,0,0,18.0,0.0,6.3,Low Risk
24,Female,Urban,Matabeleland South,Secondary,Informal,3,0,1,0,1,2,Medium,0.6,1,1,0,60,30.0,20.0,41.5,Moderate Risk
54,Female,Urban,Harare,Secondary,Formal,5,1,1,1,1,4,Low,1.6,1,1,0,0,10.0,0.0,3.5,Low Risk
35,Female,Urban,Harare,Tertiary,Formal,5,1,1,1,1,4,Low,1.8,0,1,0,0,10.0,30.0,9.5,Low Risk
41,Female,Urban,Harare,Secondary,Informal,4,1,1,1,1,4,Low,0.1,1,1,0,0,22.0,0.0,7.7,Low Risk
25,Female,Rural,Matabeleland North,Secondary,Informal,2,0,1,1,0,2,Medium,8.9,1,0,1,50,50.0,45.0,49.0,High Risk
37,Female,Rural,Mashonaland East,Primary,Informal,2,1,1,0,1,3,Low,22.1,1,0,0,20,56.0,50.0,38.6,Moderate Risk
18,Female,Rural,Mashonaland West,Primary,Unemployed,1,0,0,0,0,0,High,3.5,1,0,1,100,79.0,20.0,76.65,Critical Risk
39,Male,Urban,Harare,Secondary,Informal,3,1,1,0,1,3,Low,3.7,1,1,0,20,12.0,0.0,13.2,Low Risk
43,Female,Urban,Bulawayo,Tertiary,Informal,4,1,1,0,0,2,Medium,2.7,1,0,0,30,22.0,20.0,25.2,Moderate Risk
42,Male,Rural,Matabeleland North,Primary,Unemployed,1,1,1,0,0,2,Medium,7.2,1,0,1,30,61.0,45.0,43.85,Moderate Risk
25,Female,Rural,Masvingo,Secondary,Informal,1,0,1,0,1,2,Medium,3.0,1,0,1,60,57.0,40.0,54.95,High Risk
33,Female,Rural,Mashonaland Central,Secondary,Informal,1,1,1,1,0,3,Low,34.2,1,0,0,10,57.0,70.0,38.45,Moderate Risk
45,Female,Rural,Mashonaland West,Secondary,Unemployed,2,1,1,1,0,3,Low,39.3,1,1,0,10,58.0,30.0,30.8,Moderate Risk
35,Female,Rural,Mashonaland West,Secondary,Informal,3,1,1,0,1,3,Low,15.4,0,0,0,20,42.0,65.0,36.7,Moderate Risk
33,Female,Urban,Bulawayo,Secondary,Informal,4,1,1,0,1,3,Low,4.0,1,1,0,20,22.0,0.0,16.7,Low Risk
64,Female,Urban,Harare,Tertiary,Informal,5,1,1,0,1,3,Low,2.2,1,1,0,20,22.0,0.0,16.7,Low Risk
24,Male,Urban,Harare,Secondary,Formal,5,1,1,1,1,4,Low,2.6,1,1,0,0,8.0,0.0,2.8,Low Risk
53,Male,Rural,Masvingo,Primary,Unemployed,1,1,1,0,0,2,Medium,6.9,1,0,1,30,61.0,45.0,43.85,Moderate Risk
21,Male,Rural,Mashonaland East,Secondary,Formal,4,0,1,1,1,3,Low,28.0,1,0,0,40,28.0,50.0,37.8,Moderate Risk
47,Male,Urban,Bulawayo,Secondary,Unemployed,2,1,1,1,0,3,Low,1.3,1,0,0,10,28.0,20.0,18.3,Low Risk
47,Female,Rural,Mashonaland East,Secondary,Unemployed,1,0,0,1,0,1,High,37.1,1,1,1,80,65.0,30.0,64.75,High Risk
30,Female,Urban,Harare,Tertiary,Unemployed,3,1,1,1,0,3,Low,1.3,1,1,1,10,30.0,0.0,15.0,Low Risk
20,Female,Urban,Bulawayo,Secondary,Formal,5,1,1,1,1,4,Low,0.8,1,1,0,0,18.0,0.0,6.3,Low Risk
18,Male,Urban,Harare,Secondary,Informal,4,1,1,0,1,3,Low,4.1,1,1,1,20,20.0,0.0,16.0,Low Risk
29,Female,Urban,Harare,Tertiary,Formal,4,1,0,1,1,3,Low,0.1,1,1,0,30,10.0,0.0,17.0,Low Risk
45,Male,Rural,Matabeleland South,Primary,Informal,1,1,1,0,0,2,Medium,15.4,0,1,0,30,53.0,65.0,45.05,High Risk
22,Female,Urban,Harare,None,Informal,3,1,1,0,1,3,Low,0.4,1,0,0,20,42.0,20.0,27.7,Moderate Risk
39,Female,Rural,Midlands,Secondary,Informal,1,1,1,0,0,2,Medium,10.6,1,1,1,30,57.0,15.0,36.45,Moderate Risk
18,Male,Rural,Mashonaland Central,Tertiary,Informal,2,1,0,0,0,1,High,1.0,1,0,0,60,48.0,40.0,51.8,High Risk
34,Male,Urban,Masvingo,Secondary,Unemployed,3,1,1,0,0,2,Medium,4.6,1,1,0,30,20.0,20.0,24.5,Low Risk
21,Male,Urban,Mashonaland East,Secondary,Formal,4,0,1,1,1,3,Low,2.1,1,1,0,40,8.0,0.0,20.8,Low Risk
36,Male,Rural,Manicaland,Secondary,Informal,3,0,1,0,0,1,High,28.1,1,0,0,70,32.0,50.0,52.7,High Risk
30,Male,Urban,Bulawayo,Tertiary,Informal,3,1,1,1,0,3,Low,0.4,1,1,0,10,12.0,0.0,8.7,Low Risk
21,Male,Rural,Matabeleland North,Secondary,Informal,2,1,1,0,0,2,Medium,13.4,1,0,0,30,48.0,55.0,41.3,Moderate Risk
28,Male,Urban,Bulawayo,Primary,Informal,2,1,1,0,0,2,Medium,6.5,0,0,0,30,26.0,55.0,33.6,Moderate Risk
24,Male,Rural,Mashonaland West,Secondary,Informal,2,0,1,0,0,1,High,3.0,1,0,1,70,48.0,20.0,52.3,High Risk
19,Male,Rural,Midlands,Secondary,Informal,1,1,0,1,1,3,Low,4.4,0,0,1,30,55.0,50.0,42.75,Moderate Risk
53,Female,Urban,Manicaland,Primary,Informal,3,1,1,1,0,3,Low,3.8,1,1,0,10,28.0,0.0,14.3,Low Risk
32,Male,Urban,Midlands,Primary,Unemployed,4,0,1,0,0,1,High,3.3,0,0,0,70,26.0,50.0,50.6,High Risk
18,Female,Rural,Midlands,None,Unemployed,1,1,1,0,0,2,Medium,10.0,0,0,1,30,85.0,55.0,54.25,High Risk
29,Male,Urban,Mashonaland East,Tertiary,Formal,5,1,1,0,1,3,Low,12.9,1,1,0,20,0.0,15.0,12.0,Low Risk
50,Male,Urban,Manicaland,Secondary,Informal,3,1,1,0,1,3,Low,0.4,1,1,0,20,12.0,0.0,13.2,Low Risk
27,Male,Urban,Bulawayo,Tertiary,Informal,5,1,1,0,1,3,Low,1.7,0,1,0,20,12.0,30.0,19.2,Low Risk
58,Female,Urban,Masvingo,None,Formal,4,1,1,1,1,4,Low,4.3,1,1,0,0,22.0,20.0,11.7,Low Risk
26,Male,Rural,Masvingo,Secondary,Informal,3,1,0,0,0,1,High,58.5,1,0,1,60,32.0,70.0,52.2,High Risk
45,Female,Rural,Manicaland,Secondary,Informal,2,1,1,0,1,3,Low,24.3,1,0,1,20,50.0,50.0,36.5,Moderate Risk
52,Male,Urban,Bulawayo,Tertiary,Formal,5,0,1,1,1,3,Low,0.3,1,1,0,40,0.0,0.0,18.0,Low Risk
44,Female,Rural,Manicaland,Secondary,Informal,2,1,1,0,1,3,Low,25.6,0,1,1,20,50.0,60.0,38.5,Moderate Risk
18,Male,Urban,Matabeleland South,Tertiary,Informal,4,0,1,0,0,1,High,1.1,0,1,1,70,20.0,50.0,48.5,High Risk
24,Male,Urban,Bulawayo,Secondary,Formal,4,1,1,1,1,4,Low,1.3,1,1,0,0,8.0,0.0,2.8,Low Risk
54,Female,Rural,Masvingo,Secondary,Informal,1,1,1,1,1,4,Low,29.9,0,1,1,0,57.0,80.0,35.95,Moderate Risk
26,Male,Rural,Mashonaland Central,Tertiary,Unemployed,3,0,1,1,0,2,Medium,26.6,1,0,1,50,40.0,70.0,50.5,High Risk
51,Male,Urban,Bulawayo,Secondary,Informal,4,1,1,1,1,4,Low,2.2,1,1,0,0,12.0,0.0,4.2,Low Risk
31,Female,Urban,Harare,Tertiary,Informal,5,1,1,0,0,2,Medium,5.1,1,1,0,30,22.0,5.0,22.2,Low Risk
39,Male,Urban,Bulawayo,Primary,Informal,1,1,1,0,0,2,Medium,1.4,1,1,0,30,33.0,0.0,25.05,Moderate Risk
18,Male,Rural,Masvingo,Secondary,Informal,2,1,0,0,0,1,High,12.0,1,0,1,60,48.0,55.0,54.8,High Risk
29,Male,Urban,Bulawayo,Tertiary,Informal,3,1,1,0,1,3,Low,0.8,1,1,0,20,12.0,0.0,13.2,Low Risk
25,Male,Urban,Harare,Tertiary,Formal,5,1,1,1,1,4,Low,0.1,1,1,0,0,0.0,0.0,0.0,Low Risk
41,Female,Rural,Masvingo,Secondary,Unemployed,1,1,1,0,0,2,Medium,7.1,0,0,0,30,65.0,75.0,51.25,High Risk
39,Female,Urban,Bulawayo,Secondary,Informal,4,1,0,1,1,3,Low,5.1,1,1,0,30,22.0,5.0,22.2,Low Risk
44,Female,Urban,Mashonaland West,Tertiary,Formal,5,1,1,1,1,4,Low,0.4,1,1,0,0,10.0,0.0,3.5,Low Risk
31,Male,Urban,Masvingo,Secondary,Informal,3,0,0,0,0,0,High,2.0,1,1,1,100,12.0,20.0,53.2,High Risk
24,Female,Urban,Mashonaland Central,Tertiary,Unemployed,4,1,1,0,0,2,Medium,2.6,1,0,0,30,38.0,40.0,34.8,Moderate Risk
40,Female,Urban,Harare,Secondary,Unemployed,4,1,1,0,0,2,Medium,1.4,1,1,1,30,30.0,0.0,24.0,Low Risk
23,Male,Rural,Manicaland,None,Informal,2,1,1,1,1,4,Low,10.0,1,0,0,0,60.0,25.0,26.0,Moderate Risk
53,Female,Rural,Midlands,Secondary,Informal,2,1,1,0,1,3,Low,32.1,0,0,0,20,50.0,80.0,42.5,Moderate Risk
36,Female,Rural,Midlands,Secondary,Informal,2,1,0,0,1,2,Medium,25.2,1,0,1,50,50.0,50.0,50.0,High Risk
33,Female,Rural,Manicaland,Primary,Informal,1,1,1,1,1,4,Low,43.9,0,1,1,0,63.0,60.0,34.05,Moderate Risk
44,Male,Urban,Bulawayo,Secondary,Informal,4,1,1,0,0,2,Medium,0.7,1,0,0,30,12.0,20.0,21.7,Low Risk
36,Male,Urban,Harare,Tertiary,Formal,5,1,1,1,1,4,Low,3.2,1,1,0,0,0.0,0.0,0.0,Low Risk
18,Female,Rural,Manicaland,Secondary,Unemployed,2,1,0,1,0,2,Medium,61.0,1,0,1,40,66.0,50.0,51.1,High Risk
23,Female,Urban,Midlands,Tertiary,Informal,3,1,1,0,1,3,Low,2.6,0,1,0,20,30.0,30.0,25.5,Moderate Risk
52,Male,Rural,Midlands,Primary,Informal,1,1,1,0,1,3,Low,1.0,1,1,0,20,53.0,0.0,27.55,Moderate Risk
39,Male,Rural,Midlands,Secondary,Informal,1,1,1,1,1,4,Low,95.9,1,0,1,0,47.0,50.0,26.45,Moderate Risk
18,Female,Urban,Harare,Secondary,Formal,5,1,1,1,1,4,Low,0.5,1,1,0,0,18.0,0.0,6.3,Low Risk
42,Male,Urban,Bulawayo,Secondary,Informal,3,0,1,0,1,2,Medium,0.4,1,1,0,60,12.0,0.0,31.2,Moderate Risk
30,Male,Urban,Masvingo,Primary,Informal,2,1,1,0,0,2,Medium,1.4,1,0,0,30,26.0,40.0,30.6,Moderate Risk
25,Female,Urban,Bulawayo,None,Informal,2,1,1,0,1,3,Low,5.3,1,1,0,20,42.0,5.0,24.7,Low Risk
21,Male,Urban,Harare,Secondary,Formal,3,1,1,0,1,3,Low,5.7,1,1,0,20,8.0,5.0,12.8,Low Risk
51,Male,Urban,Bulawayo,Tertiary,Formal,4,1,1,1,1,4,Low,0.1,1,1,0,0,0.0,0.0,0.0,Low Risk
18,Male,Rural,Manicaland,Secondary,Informal,3,1,1,0,1,3,Low,4.8,1,1,1,20,40.0,0.0,23.0,Low Risk
26,Female,Rural,Masvingo,Secondary,Informal,2,1,1,0,1,3,Low,12.4,0,1,0,20,50.0,65.0,39.5,Moderate Risk
39,Male,Rural,Midlands,Secondary,Informal,1,1,0,0,0,1,High,1.0,1,0,1,60,47.0,20.0,47.45,High Risk
60,Female,Urban,Harare,Secondary,Formal,5,1,1,1,1,4,Low,2.1,1,1,0,0,10.0,0.0,3.5,Low Risk
45,Female,Urban,Harare,Tertiary,Informal,3,1,1,0,0,2,Medium,10.7,1,1,0,30,22.0,15.0,24.2,Low Risk
26,Female,Urban,Bulawayo,Tertiary,Informal,3,1,1,0,1,3,Low,0.1,1,1,0,20,22.0,0.0,16.7,Low Risk
59,Female,Urban,Bulawayo,Tertiary,Informal,3,0,1,0,0,1,High,1.9,1,1,0,70,22.0,0.0,39.2,Moderate Risk
19,Female,Rural,Mashonaland East,Primary,Formal,5,0,1,1,1,3,Low,1.3,0,0,1,40,44.0,50.0,43.4,Moderate Risk
41,Male,Urban,Harare,Secondary,Informal,4,1,1,0,0,2,Medium,2.6,0,1,0,30,12.0,30.0,23.7,Low Risk
44,Female,Urban,Mashonaland Central,Tertiary,Formal,5,1,1,1,1,4,Low,1.7,1,1,0,0,10.0,20.0,7.5,Low Risk
25,Female,Rural,Mashonaland Central,Tertiary,Informal,3,1,0,0,0,1,High,28.4,1,0,1,60,42.0,70.0,55.7,High Risk
47,Female,Urban,Bulawayo,Secondary,Informal,2,0,1,0,0,1,High,0.6,1,1,0,70,30.0,0.0,42.0,Moderate Risk
30,Male,Urban,Bulawayo,Secondary,Informal,3,1,0,1,0,2,Medium,3.5,1,1,0,40,12.0,0.0,22.2,Low Risk
47,Male,Urban,Harare,Tertiary,Informal,4,1,1,0,0,2,Medium,0.7,0,1,0,30,12.0,30.0,23.7,Low Risk
18,Female,Rural,Masvingo,Tertiary,Informal,2,0,0,0,0,0,High,7.4,0,0,1,100,58.0,75.0,80.3,Critical Risk
42,Male,Rural,Matabeleland North,Secondary,Informal,4,0,1,0,0,1,High,52.8,0,0,1,70,32.0,100.0,62.7,High Risk
32,Female,Urban,Bulawayo,Secondary,Unemployed,2,0,1,0,0,1,High,3.7,1,1,1,70,38.0,0.0,44.8,Moderate Risk
54,Male,Rural,Masvingo,Secondary,Informal,3,1,1,0,0,2,Medium,104.4,1,1,0,30,32.0,50.0,34.7,Moderate Risk
37,Female,Rural,Mashonaland West,Secondary,Formal,4,1,1,1,1,4,Low,39.3,1,1,0,0,30.0,30.0,16.5,Low Risk
55,Female,Rural,Mashonaland West,Primary,Informal,2,1,1,0,1,3,Low,1.8,1,0,0,20,56.0,20.0,32.6,Moderate Risk
45,Male,Urban,Bulawayo,Secondary,Unemployed,3,0,1,0,0,1,High,0.1,1,1,1,70,20.0,0.0,38.5,Moderate Risk
36,Male,Urban,Bulawayo,Secondary,Unemployed,3,1,1,0,0,2,Medium,0.3,1,0,1,30,20.0,20.0,24.5,Low Risk
49,Female,Rural,Mashonaland West,Secondary,Informal,1,1,1,0,0,2,Medium,11.2,1,1,1,30,57.0,15.0,36.45,Moderate Risk
49,Male,Urban,Harare,Tertiary,Formal,5,1,1,1,1,4,Low,0.5,1,0,0,0,0.0,20.0,4.0,Low Risk
44,Male,Rural,Matabeleland North,Primary,Unemployed,1,1,1,0,0,2,Medium,1.0,0,0,0,30,61.0,70.0,48.85,High Risk
18,Female,Rural,Manicaland,Primary,Informal,2,1,1,0,1,3,Low,16.2,1,0,0,20,64.0,35.0,38.4,Moderate Risk
24,Male,Urban,Matabeleland North,Tertiary,Formal,5,1,1,1,1,4,Low,1.8,1,0,0,0,8.0,40.0,10.8,Low Risk
57,Female,Rural,Masvingo,None,Informal,2,1,0,0,1,2,Medium,7.2,0,1,1,50,62.0,55.0,55.2,High Risk
20,Male,Rural,Manicaland,Secondary,Informal,1,1,0,0,1,2,Medium,39.9,1,0,1,50,55.0,50.0,51.75,High Risk
50,Male,Rural,Matabeleland North,Secondary,Informal,3,1,1,0,0,2,Medium,19.1,0,1,0,30,32.0,65.0,37.7,Moderate Risk
47,Female,Urban,Harare,Secondary,Informal,2,1,0,0,1,2,Medium,11.9,1,1,0,50,30.0,15.0,36.0,Moderate Risk
27,Male,Rural,Midlands,Secondary,Informal,2,1,1,0,0,2,Medium,29.0,0,0,0,30,40.0,80.0,43.5,Moderate Risk
18,Male,Urban,Matabeleland South,Primary,Informal,4,1,1,1,1,4,Low,1.3,0,1,0,0,26.0,50.0,19.1,Low Risk
30,Female,Rural,Midlands,Secondary,Formal,3,1,1,0,1,3,Low,1.0,1,1,0,20,30.0,0.0,19.5,Low Risk
67,Female,Rural,Masvingo,Secondary,Formal,4,1,0,1,1,3,Low,9.6,1,0,0,30,38.0,45.0,35.8,Moderate Risk
25,Female,Rural,Midlands,Secondary,Unemployed,1,1,1,0,0,2,Medium,98.3,1,0,0,30,65.0,50.0,46.25,High Risk
26,Female,Urban,Bulawayo,Tertiary,Formal,5,1,1,0,0,2,Medium,6.4,1,0,0,30,10.0,25.0,22.0,Low Risk
24,Male,Urban,Masvingo,Secondary,Formal,5,1,1,1,1,4,Low,1.5,1,1,0,0,8.0,20.0,6.8,Low Risk
55,Male,Urban,Harare,Tertiary,Formal,5,1,1,0,1,3,Low,2.9,1,1,0,20,0.0,0.0,9.0,Low Risk
34,Female,Urban,Matabeleland North,Secondary,Formal,5,1,1,1,1,4,Low,4.8,1,1,0,0,10.0,20.0,7.5,Low Risk
29,Female,Urban,Bulawayo,Tertiary,Informal,3,1,1,0,1,3,Low,0.7,1,1,0,20,22.0,0.0,16.7,Low Risk
57,Female,Rural,Mashonaland East,None,Informal,1,1,0,0,1,2,Medium,1.8,1,0,0,50,69.0,20.0,50.65,High Risk
46,Male,Urban,Midlands,Secondary,Informal,3,1,0,1,0,2,Medium,0.1,1,1,1,40,12.0,0.0,22.2,Low Risk
25,Male,Rural,Matabeleland North,Primary,Informal,2,0,0,0,0,0,High,23.9,1,0,1,100,46.0,70.0,75.1,Critical Risk
20,Male,Rural,Midlands,Secondary,Unemployed,1,1,1,0,0,2,Medium,13.4,1,0,0,30,63.0,35.0,42.55,Moderate Risk
54,Female,Urban,Harare,Primary,Informal,4,1,1,0,1,3,Low,6.7,1,0,0,20,28.0,25.0,23.8,Low Risk
38,Female,Rural,Masvingo,Primary,Informal,2,1,1,0,1,3,Low,26.9,0,1,0,20,56.0,80.0,44.6,Moderate Risk
18,Male,Rural,Matabeleland North,None,Unemployed,1,1,0,1,0,2,Medium,47.1,1,0,1,40,75.0,70.0,58.25,High Risk
18,Male,Urban,Harare,None,Unemployed,1,1,1,0,0,2,Medium,0.3,1,1,0,30,55.0,0.0,32.75,Moderate Risk
22,Male,Urban,Mashonaland Central,Tertiary,Formal,4,1,1,1,1,4,Low,0.7,1,1,0,0,8.0,20.0,6.8,Low Risk
20,Male,Rural,Matabeleland North,Secondary,Informal,2,0,1,0,0,1,High,13.8,1,1,1,70,48.0,35.0,55.3,High Risk
18,Female,Rural,Mashonaland East,None,Informal,1,0,1,0,0,1,High,48.7,1,0,1,70,77.0,50.0,68.45,Critical Risk
22,Female,Rural,Matabeleland North,Tertiary,Informal,2,0,1,0,1,2,Medium,76.7,0,0,1,60,58.0,100.0,67.3,Critical Risk
25,Male,Rural,Manicaland,Secondary,Formal,5,1,1,1,1,4,Low,11.6,1,0,0,0,20.0,35.0,14.0,Low Risk
31,Female,Rural,Matabeleland South,Primary,Formal,4,1,0,1,1,3,Low,6.9,1,0,1,30,36.0,45.0,35.1,Moderate Risk
61,Female,Urban,Masvingo,Secondary,Formal,5,1,1,1,1,4,Low,0.8,1,1,0,0,10.0,20.0,7.5,Low Risk
34,Male,Rural,Mashonaland West,Secondary,Formal,3,0,1,1,1,3,Low,19.2,0,1,1,40,20.0,45.0,34.0,Moderate Risk
35,Male,Urban,Bulawayo,Secondary,Formal,5,1,1,1,1,4,Low,2.2,1,1,0,0,0.0,0.0,0.0,Low Risk
45,Female,Rural,Mashonaland West,Secondary,Unemployed,1,1,0,0,0,1,High,19.5,0,0,1,60,65.0,65.0,62.75,High Risk
34,Male,Urban,Harare,Secondary,Formal,5,1,1,1,1,4,Low,8.6,1,1,0,0,0.0,5.0,1.0,Low Risk
43,Female,Urban,Masvingo,Tertiary,Formal,5,1,1,1,1,4,Low,0.1,1,1,0,0,10.0,20.0,7.5,Low Risk
41,Female,Rural,Mashonaland East,Secondary,Informal,3,1,0,1,0,2,Medium,1.5,0,1,1,40,42.0,30.0,38.7,Moderate Risk
39,Male,Urban,Harare,Tertiary,Informal,4,1,1,0,0,2,Medium,4.6,1,1,0,30,12.0,0.0,17.7,Low Risk
76,Male,Rural,Mashonaland East,Secondary,Unemployed,2,1,0,1,0,2,Medium,38.7,0,0,0,40,56.0,80.0,53.6,High Risk
50,Female,Urban,Bulawayo,Secondary,Informal,3,1,1,0,0,2,Medium,1.4,1,1,0,30,22.0,0.0,21.2,Low Risk
22,Male,Rural,Matabeleland South,Secondary,Informal,3,0,1,0,0,1,High,19.8,1,1,0,70,40.0,35.0,52.5,High Risk
43,Female,Rural,Mashonaland Central,Secondary,Informal,1,0,1,0,0,1,High,38.5,1,0,1,70,57.0,70.0,65.45,Critical Risk
26,Female,Urban,Harare,None,Formal,4,1,1,1,1,4,Low,1.8,1,1,0,0,22.0,0.0,7.7,Low Risk
44,Female,Rural,Manicaland,Primary,Unemployed,2,1,0,0,0,1,High,5.6,1,0,1,60,64.0,25.0,54.4,High Risk
18,Female,Urban,Harare,Secondary,Formal,5,1,1,1,1,4,Low,2.2,1,1,0,0,18.0,0.0,6.3,Low Risk
22,Female,Rural,Mashonaland West,Primary,Informal,1,1,0,0,0,1,High,9.1,1,0,1,60,71.0,25.0,56.85,High Risk
42,Female,Rural,Matabeleland South,Tertiary,Informal,2,1,0,0,0,1,High,18.2,1,0,1,60,50.0,55.0,55.5,High Risk
51,Male,Rural,Masvingo,Secondary,Formal,5,0,1,0,1,2,Medium,4.2,1,1,1,60,20.0,20.0,38.0,Moderate Risk
45,Male,Urban,Harare,Primary,Informal,1,1,1,0,1,3,Low,2.2,1,1,0,20,33.0,0.0,20.55,Low Risk
49,Male,Urban,Bulawayo,Secondary,Unemployed,3,1,1,1,0,3,Low,2.0,1,0,0,10,20.0,20.0,15.5,Low Risk
43,Male,Rural,Matabeleland South,Primary,Formal,3,1,1,0,1,3,Low,85.6,1,1,0,20,26.0,50.0,28.1,Moderate Risk
40,Male,Rural,Mashonaland West,Secondary,Informal,2,1,0,1,1,3,Low,6.1,0,1,1,30,40.0,35.0,34.5,Moderate Risk
30,Male,Urban,Harare,Tertiary,Formal,5,1,1,1,1,4,Low,2.4,1,1,0,0,0.0,0.0,0.0,Low Risk
49,Male,Urban,Mashonaland Central,Secondary,Formal,5,1,1,1,1,4,Low,2.7,1,1,0,0,0.0,20.0,4.0,Low Risk
52,Male,Urban,Harare,Secondary,Unemployed,3,1,1,0,0,2,Medium,0.2,1,1,0,30,20.0,0.0,20.5,Low Risk
37,Male,Rural,Matabeleland South,Tertiary,Informal,3,1,1,0,1,3,Low,23.9,1,1,0,20,32.0,50.0,30.2,Moderate Risk
36,Female,Urban,Mashonaland East,Secondary,Unemployed,4,1,1,0,0,2,Medium,2.5,1,1,0,30,30.0,0.0,24.0,Low Risk
60,Female,Urban,Masvingo,Tertiary,Unemployed,3,1,0,0,0,1,High,1.8,1,0,1,60,30.0,40.0,45.5,High Risk
37,Female,Rural,Manicaland,Primary,Informal,1,1,0,0,1,2,Medium,10.7,0,0,1,50,63.0,65.0,57.55,High Risk
39,Female,Urban,Harare,Secondary,Informal,4,1,1,0,1,3,Low,2.5,0,1,0,20,22.0,30.0,22.7,Low Risk
44,Female,Rural,Midlands,Secondary,Informal,3,1,0,0,1,2,Medium,6.0,0,0,1,50,42.0,55.0,48.2,High Risk
36,Female,Urban,Bulawayo,Primary,Informal,2,1,1,0,1,3,Low,3.1,1,1,0,20,36.0,0.0,21.6,Low Risk
26,Male,Rural,Mashonaland West,Secondary,Informal,2,0,0,0,1,1,High,19.4,1,0,1,90,40.0,35.0,61.5,High Risk
43,Female,Rural,Masvingo,Secondary,Informal,2,1,0,0,0,1,High,5.8,0,0,1,60,50.0,75.0,59.5,High Risk
37,Male,Rural,Manicaland,Primary,Informal,1,0,1,0,0,1,High,20.8,1,0,1,70,53.0,50.0,60.05,High Risk
63,Female,Urban,Bulawayo,Secondary,Informal,3,1,0,0,1,2,Medium,6.7,1,0,1,50,22.0,25.0,35.2,Moderate Risk
49,Female,Urban,Matabeleland South,Tertiary,Formal,5,1,1,0,1,3,Low,1.8,1,1,0,20,10.0,20.0,16.5,Low Risk
29,Male,Rural,Matabeleland North,Tertiary,Informal,4,1,1,1,0,3,Low,16.0,1,0,0,10,32.0,55.0,26.7,Moderate Risk
48,Female,Urban,Bulawayo,Secondary,Informal,3,1,1,1,0,3,Low,1.0,1,1,0,10,22.0,0.0,12.2,Low Risk
42,Male,Urban,Midlands,Tertiary,Informal,5,1,1,1,0,3,Low,0.9,1,1,0,10,12.0,0.0,8.7,Low Risk
56,Male,Urban,Bulawayo,Secondary,Informal,4,1,1,0,1,3,Low,2.3,1,1,0,20,12.0,0.0,13.2,Low Risk
30,Male,Rural,Manicaland,Tertiary,Unemployed,1,0,0,0,0,0,High,66.9,0,0,1,100,55.0,80.0,80.25,Critical Risk
40,Male,Rural,Matabeleland North,Secondary,Unemployed,2,1,0,1,0,2,Medium,13.1,1,0,1,40,48.0,55.0,45.8,High Risk
36,Male,Rural,Manicaland,Primary,Informal,1,1,1,0,1,3,Low,38.6,0,0,0,20,53.0,80.0,43.55,Moderate Risk
38,Female,Rural,Mashonaland East,Secondary,Informal,3,1,1,0,1,3,Low,13.0,1,1,0,20,42.0,15.0,26.7,Moderate Risk
25,Female,Urban,Bulawayo,Tertiary,Formal,5,1,1,1,1,4,Low,3.8,1,1,0,0,10.0,0.0,3.5,Low Risk
46,Male,Urban,Harare,Tertiary,Formal,5,0,1,1,1,3,Low,5.3,0,1,0,40,0.0,35.0,25.0,Low Risk
43,Female,Urban,Harare,Secondary,Formal,5,1,1,1,1,4,Low,4.3,0,1,1,0,10.0,30.0,9.5,Low Risk
55,Male,Rural,Masvingo,Secondary,Unemployed,1,1,0,0,0,1,High,36.8,1,0,1,60,55.0,70.0,60.25,High Risk
37,Male,Urban,Harare,Tertiary,Informal,3,1,1,1,1,4,Low,0.2,1,1,0,0,12.0,0.0,4.2,Low Risk
32,Female,Rural,Masvingo,Primary,Informal,1,1,0,0,1,2,Medium,8.1,1,0,1,50,63.0,45.0,53.55,High Risk
49,Female,Rural,Mashonaland Central,Primary,Unemployed,3,0,1,0,0,1,High,6.4,1,0,1,70,56.0,45.0,60.1,High Risk
26,Male,Urban,Bulawayo,Tertiary,Formal,5,1,1,1,1,4,Low,2.2,1,1,0,0,0.0,0.0,0.0,Low Risk
53,Male,Rural,Midlands,Secondary,Unemployed,1,1,0,0,0,1,High,30.7,0,1,1,60,55.0,60.0,58.25,High Risk
53,Female,Urban,Harare,Secondary,Informal,5,1,1,0,1,3,Low,0.3,1,1,0,20,22.0,0.0,16.7,Low Risk
55,Female,Rural,Matabeleland South,Secondary,Informal,1,1,1,0,1,3,Low,7.2,1,0,1,20,57.0,45.0,37.95,Moderate Risk
43,Male,Rural,Mashonaland Central,Primary,Informal,1,1,0,1,0,2,Medium,6.4,1,0,1,40,53.0,45.0,45.55,High Risk
31,Male,Rural,Mashonaland East,Secondary,Formal,3,1,1,1,1,4,Low,18.0,0,1,1,0,20.0,45.0,16.0,Low Risk
39,Male,Urban,Harare,Secondary,Formal,5,1,1,1,1,4,Low,13.9,1,1,0,0,0.0,15.0,3.0,Low Risk
43,Female,Urban,Harare,Primary,Informal,3,1,1,0,1,3,Low,3.5,1,1,1,20,28.0,0.0,18.8,Low Risk
30,Female,Urban,Harare,Tertiary,Unemployed,3,1,1,0,0,2,Medium,3.7,1,1,0,30,30.0,0.0,24.0,Low Risk
56,Female,Urban,Mashonaland Central,Tertiary,Informal,3,1,1,0,0,2,Medium,2.5,0,0,0,30,22.0,70.0,35.2,Moderate Risk
46,Male,Urban,Mashonaland East,Secondary,Informal,3,1,1,0,1,3,Low,5.8,1,0,1,20,12.0,25.0,18.2,Low Risk
25,Female,Urban,Midlands,Tertiary,Formal,5,1,1,1,1,4,Low,0.6,1,1,0,0,10.0,0.0,3.5,Low Risk
64,Female,Rural,Midlands,Tertiary,Unemployed,2,0,0,0,0,0,High,8.7,0,1,1,100,58.0,35.0,72.3,Critical Risk
39,Male,Urban,Harare,Tertiary,Informal,3,1,1,0,1,3,Low,5.9,1,1,0,20,12.0,5.0,14.2,Low Risk
22,Female,Urban,Harare,Primary,Informal,3,1,1,1,0,3,Low,1.9,1,1,0,10,36.0,0.0,17.1,Low Risk
26,Male,Rural,Harare,Primary,Informal,2,0,0,0,1,1,High,6.9,1,0,1,90,46.0,25.0,61.6,High Risk
58,Male,Rural,Masvingo,Secondary,Formal,5,0,1,1,1,3,Low,13.4,1,1,1,40,20.0,35.0,32.0,Moderate Risk
63,Female,Rural,Midlands,Tertiary,Formal,3,1,1,1,1,4,Low,57.1,1,0,1,0,30.0,50.0,20.5,Low Risk
52,Male,Rural,Mashonaland Central,Primary,Formal,4,1,1,1,1,4,Low,1.3,1,1,0,0,26.0,20.0,13.1,Low Risk
56,Female,Rural,Mashonaland Central,Secondary,Informal,2,1,1,1,1,4,Low,20.2,1,0,0,0,50.0,70.0,31.5,Moderate Risk
55,Female,Rural,Mashonaland West,Primary,Unemployed,1,0,1,0,0,1,High,84.7,1,0,1,70,71.0,50.0,66.35,Critical Risk
45,Male,Urban,Masvingo,Secondary,Formal,4,1,1,1,1,4,Low,4.6,1,1,0,0,0.0,20.0,4.0,Low Risk
42,Male,Rural,Mashonaland West,Secondary,Unemployed,3,1,0,0,0,1,High,9.6,0,0,1,60,40.0,55.0,52.0,High Risk
45,Female,Urban,Manicaland,None,Unemployed,3,1,1,0,0,2,Medium,8.4,1,1,0,30,42.0,5.0,29.2,Moderate Risk
48,Male,Urban,Bulawayo,Secondary,Informal,3,0,1,1,0,2,Medium,4.9,1,1,1,50,12.0,0.0,26.7,Moderate Risk
27,Female,Urban,Harare,Secondary,Unemployed,3,0,1,0,0,1,High,1.1,1,1,1,70,30.0,0.0,42.0,Moderate Risk
48,Male,Urban,Harare,Secondary,Unemployed,1,1,1,1,0,3,Low,2.7,1,0,0,10,35.0,20.0,20.75,Low Risk
58,Male,Rural,Matabeleland South,Secondary,Informal,3,1,1,0,1,3,Low,16.8,1,0,0,20,32.0,55.0,31.2,Moderate Risk
35,Female,Urban,Mashonaland Central,Primary,Unemployed,2,1,1,0,0,2,Medium,0.5,1,0,0,30,44.0,40.0,36.9,Moderate Risk
33,Male,Urban,Harare,Primary,Informal,1,1,1,0,0,2,Medium,3.7,1,0,0,30,33.0,20.0,29.05,Moderate Risk
44,Female,Urban,Harare,Secondary,Formal,5,1,1,1,1,4,Low,1.4,1,1,0,0,10.0,0.0,3.5,Low Risk
28,Female,Rural,Manicaland,Secondary,Informal,1,0,0,1,0,1,High,24.7,1,0,1,80,57.0,50.0,65.95,Critical Risk
19,Male,Urban,Harare,Secondary,Informal,4,1,1,0,0,2,Medium,2.3,0,1,0,30,20.0,30.0,26.5,Moderate Risk
54,Female,Rural,Manicaland,Tertiary,Unemployed,1,1,1,0,0,2,Medium,4.1,1,0,0,30,65.0,20.0,40.25,Moderate Risk
31,Female,Rural,Mashonaland Central,Primary,Informal,2,0,1,0,1,2,Medium,95.8,0,0,1,60,56.0,100.0,66.6,Critical Risk
38,Female,Urban,Bulawayo,Secondary,Informal,3,1,1,0,1,3,Low,4.2,1,1,1,20,22.0,0.0,16.7,Low Risk
29,Male,Rural,Matabeleland South,Secondary,Informal,1,1,0,0,1,2,Medium,6.2,1,0,0,50,47.0,45.0,47.95,High Risk
55,Male,Urban,Manicaland,Tertiary,Unemployed,4,0,0,0,0,0,High,3.4,0,1,0,100,20.0,30.0,58.0,High Risk
49,Female,Urban,Manicaland,Secondary,Formal,5,1,1,1,1,4,Low,1.6,1,1,0,0,10.0,0.0,3.5,Low Risk
34,Female,Rural,Midlands,None,Informal,1,1,0,1,1,3,Low,14.0,1,0,1,30,69.0,35.0,44.65,Moderate Risk
21,Female,Rural,Midlands,Primary,Informal,2,1,0,0,0,1,High,74.9,1,0,1,60,64.0,50.0,59.4,High Risk
33,Female,Urban,Harare,Secondary,Formal,5,1,1,1,1,4,Low,1.0,0,1,0,0,10.0,30.0,9.5,Low Risk
45,Female,Rural,Manicaland,Secondary,Unemployed,2,1,1,0,0,2,Medium,9.3,0,0,0,30,58.0,55.0,44.8,Moderate Risk
40,Male,Urban,Harare,Secondary,Unemployed,4,1,1,1,0,3,Low,0.5,1,0,1,10,20.0,20.0,15.5,Low Risk
39,Female,Rural,Midlands,Primary,Informal,2,1,0,0,1,2,Medium,26.5,0,0,1,50,56.0,80.0,58.1,High Risk
40,Male,Rural,Manicaland,Secondary,Informal,2,1,0,0,1,2,Medium,47.8,0,0,1,50,40.0,80.0,52.5,High Risk
48,Male,Rural,Mashonaland East,Secondary,Unemployed,2,1,0,1,0,2,Medium,1.0,1,0,0,40,48.0,20.0,38.8,Moderate Risk
37,Female,Rural,Masvingo,Primary,Informal,1,1,0,0,0,1,High,13.1,1,0,1,60,63.0,55.0,60.05,High Risk
44,Female,Urban,Bulawayo,Secondary,Formal,4,1,1,0,1,3,Low,0.5,1,1,0,20,10.0,0.0,12.5,Low Risk
24,Male,Rural,Masvingo,Secondary,Informal,3,1,1,0,1,3,Low,20.0,1,0,0,20,40.0,55.0,34.0,Moderate Risk
73,Female,Rural,Matabeleland South,None,Informal,1,1,1,0,1,3,Low,85.4,1,0,1,20,77.0,70.0,49.95,High Risk
34,Female,Rural,Masvingo,Primary,Informal,1,0,0,0,1,1,High,8.5,1,0,1,90,63.0,45.0,71.55,Critical Risk
40,Female,Urban,Mashonaland West,None,Informal,2,1,1,1,1,4,Low,2.4,0,1,0,0,42.0,30.0,20.7,Low Risk
45,Female,Urban,Harare,Secondary,Informal,4,1,0,1,0,2,Medium,6.0,1,1,0,40,22.0,5.0,26.7,Moderate Risk
32,Male,Urban,Mashonaland West,Secondary,Formal,4,1,1,1,1,4,Low,0.6,1,1,0,0,0.0,0.0,0.0,Low Risk
38,Female,Urban,Bulawayo,Secondary,Formal,4,1,1,1,1,4,Low,4.4,1,0,0,0,10.0,20.0,7.5,Low Risk
37,Male,Urban,Harare,Secondary,Formal,5,1,1,1,1,4,Low,2.6,1,1,0,0,0.0,0.0,0.0,Low Risk
25,Male,Urban,Midlands,Secondary,Formal,5,1,1,1,1,4,Low,5.4,1,1,0,0,0.0,5.0,1.0,Low Risk
44,Male,Rural,Midlands,Primary,Unemployed,2,1,0,0,0,1,High,20.8,1,0,1,60,54.0,50.0,55.9,High Risk
18,Male,Urban,Mashonaland West,Tertiary,Informal,5,1,1,0,1,3,Low,2.7,1,1,0,20,20.0,0.0,16.0,Low Risk
62,Female,Rural,Midlands,Tertiary,Informal,2,1,1,1,0,3,Low,22.3,0,0,0,10,50.0,80.0,38.0,Moderate Risk
49,Male,Urban,Harare,Secondary,Informal,4,1,1,0,1,3,Low,0.6,1,1,0,20,12.0,0.0,13.2,Low Risk
46,Female,Rural,Mashonaland Central,Primary,Informal,3,1,1,0,1,3,Low,17.6,0,0,1,20,48.0,85.0,42.8,Moderate Risk
18,Male,Urban,Harare,Tertiary,Informal,4,1,1,0,1,3,Low,3.9,1,1,0,20,20.0,0.0,16.0,Low Risk
26,Male,Urban,Masvingo,Secondary,Unemployed,5,1,1,0,0,2,Medium,1.7,1,0,0,30,20.0,40.0,28.5,Moderate Risk
57,Female,Rural,Matabeleland South,Primary,Informal,1,1,0,0,0,1,High,43.7,0,0,1,60,63.0,100.0,69.05,Critical Risk
80,Female,Rural,Midlands,Tertiary,Unemployed,4,1,1,1,0,3,Low,4.3,0,0,1,10,58.0,50.0,34.8,Moderate Risk
54,Female,Urban,Mashonaland West,Secondary,Formal,5,1,1,1,1,4,Low,2.6,0,1,0,0,10.0,30.0,9.5,Low Risk
52,Male,Urban,Bulawayo,Primary,Informal,3,1,0,0,1,2,Medium,6.3,1,1,1,50,18.0,5.0,29.8,Moderate Risk
45,Male,Rural,Manicaland,Secondary,Informal,3,1,1,0,1,3,Low,44.7,1,0,1,20,32.0,50.0,30.2,Moderate Risk
26,Female,Rural,Mashonaland Central,Secondary,Unemployed,1,1,1,0,0,2,Medium,3.6,1,1,0,30,65.0,20.0,40.25,Moderate Risk
51,Female,Urban,Bulawayo,Secondary,Informal,3,0,1,0,1,2,Medium,2.0,1,0,1,60,22.0,20.0,38.7,Moderate Risk
22,Male,Urban,Mashonaland Central,Secondary,Unemployed,3,1,1,1,0,3,Low,1.1,1,1,0,10,28.0,20.0,18.3,Low Risk
21,Female,Urban,Harare,Tertiary,Informal,2,1,1,0,0,2,Medium,4.0,1,0,0,30,38.0,20.0,30.8,Moderate Risk
20,Female,Rural,Midlands,Primary,Informal,1,1,1,0,0,2,Medium,20.2,1,1,0,30,71.0,30.0,44.35,Moderate Risk
51,Female,Urban,Bulawayo,Tertiary,Formal,5,1,1,1,1,4,Low,3.4,1,1,0,0,10.0,0.0,3.5,Low Risk
37,Female,Urban,Harare,Secondary,Formal,5,1,1,1,1,4,Low,0.5,1,1,0,0,10.0,0.0,3.5,Low Risk
39,Female,Rural,Midlands,None,Informal,1,1,1,0,0,2,Medium,3.2,1,0,1,30,69.0,20.0,41.65,Moderate Risk
37,Male,Urban,Bulawayo,Secondary,Informal,4,1,1,0,0,2,Medium,0.5,1,1,0,30,12.0,0.0,17.7,Low Risk
22,Female,Urban,Manicaland,Secondary,Formal,5,1,1,0,1,3,Low,2.5,1,1,0,20,18.0,0.0,15.3,Low Risk
28,Male,Urban,Harare,Secondary,Formal,5,1,1,1,1,4,Low,1.2,1,1,0,0,0.0,0.0,0.0,Low Risk
29,Male,Urban,Harare,Secondary,Formal,4,1,1,1,1,4,Low,0.9,1,1,0,0,0.0,0.0,0.0,Low Risk
18,Male,Urban,Harare,Secondary,Formal,5,1,1,1,1,4,Low,17.1,1,1,0,0,8.0,15.0,5.8,Low Risk
30,Female,Urban,Bulawayo,Secondary,Informal,3,1,1,0,0,2,Medium,2.5,1,1,0,30,22.0,0.0,21.2,Low Risk
22,Female,Rural,Matabeleland South,Secondary,Unemployed,2,0,0,0,0,0,High,9.6,0,0,1,100,66.0,75.0,83.1,Critical Risk
46,Female,Rural,Midlands,Primary,Unemployed,1,0,1,0,0,1,High,5.3,0,1,1,70,71.0,35.0,63.35,High Risk
47,Female,Urban,Masvingo,Secondary,Unemployed,2,1,1,1,0,3,Low,5.9,0,1,0,10,38.0,55.0,28.8,Moderate Risk
19,Female,Rural,Manicaland,Primary,Informal,1,0,1,0,0,1,High,62.7,0,1,1,70,71.0,60.0,68.35,Critical Risk
33,Female,Urban,Midlands,Tertiary,Formal,5,1,1,1,1,4,Low,11.4,1,1,0,0,10.0,15.0,6.5,Low Risk
63,Male,Rural,Manicaland,Secondary,Informal,1,1,1,0,0,2,Medium,1.0,1,1,0,30,47.0,0.0,29.95,Moderate Risk
24,Female,Urban,Harare,Secondary,Informal,3,1,1,1,1,4,Low,1.7,1,1,0,0,30.0,0.0,10.5,Low Risk
43,Male,Rural,Matabeleland South,None,Informal,1,1,1,0,0,2,Medium,20.7,0,0,1,30,59.0,100.0,54.15,High Risk
39,Male,Urban,Matabeleland North,None,Informal,2,1,1,1,1,4,Low,0.3,0,1,1,0,32.0,50.0,21.2,Low Risk
53,Male,Rural,Midlands,Primary,Informal,2,1,1,0,1,3,Low,25.1,1,0,1,20,46.0,50.0,35.1,Moderate Risk
42,Male,Urban,Mashonaland West,Secondary,Formal,5,1,1,1,1,4,Low,5.2,1,1,0,0,0.0,5.0,1.0,Low Risk
31,Female,Rural,Mashonaland Central,Primary,Informal,1,1,0,0,1,2,Medium,4.7,1,0,1,50,63.0,40.0,52.55,High Risk
38,Female,Urban,Harare,Tertiary,Formal,5,1,1,1,1,4,Low,4.2,1,1,0,0,10.0,0.0,3.5,Low Risk
39,Male,Rural,Manicaland,Secondary,Informal,3,1,1,0,1,3,Low,5.4,1,1,0,20,32.0,5.0,21.2,Low Risk
36,Female,Urban,Bulawayo,Primary,Unemployed,1,1,1,0,0,2,Medium,0.5,0,0,0,30,51.0,50.0,41.35,Moderate Risk
19,Male,Rural,Mashonaland West,Primary,Informal,2,1,1,0,1,3,Low,21.5,0,0,1,20,54.0,80.0,43.9,Moderate Risk
55,Male,Rural,Manicaland,None,Formal,3,0,1,1,1,3,Low,17.0,0,1,1,40,32.0,45.0,38.2,Moderate Risk
52,Male,Rural,Mashonaland West,Primary,Unemployed,2,0,0,0,0,0,High,8.3,1,0,0,100,54.0,25.0,68.9,Critical Risk
23,Male,Urban,Bulawayo,Secondary,Unemployed,2,1,1,0,0,2,Medium,1.0,1,1,0,30,36.0,0.0,26.1,Moderate Risk
33,Male,Urban,Manicaland,Primary,Informal,4,1,1,0,0,2,Medium,7.8,1,0,0,30,18.0,25.0,24.8,Low Risk
34,Male,Urban,Harare,Primary,Informal,4,1,1,0,1,3,Low,0.1,1,1,1,20,18.0,0.0,15.3,Low Risk
21,Male,Urban,Harare,Primary,Informal,2,1,1,0,0,2,Medium,4.1,1,1,1,30,34.0,0.0,25.4,Moderate Risk
18,Male,Rural,Matabeleland North,Secondary,Informal,2,0,1,0,0,1,High,1.7,0,0,0,70,48.0,70.0,62.3,High Risk
28,Female,Rural,Matabeleland North,None,Unemployed,2,1,0,0,0,1,High,13.6,1,0,1,60,70.0,55.0,62.5,High Risk
33,Male,Rural,Mashonaland East,Tertiary,Formal,3,1,1,1,1,4,Low,7.9,0,1,1,0,20.0,35.0,14.0,Low Risk
18,Male,Urban,Harare,Secondary,Unemployed,2,1,1,1,0,3,Low,3.5,0,1,0,10,36.0,30.0,23.1,Low Risk
40,Female,Rural,Midlands,Primary,Informal,2,0,1,0,0,1,High,13.1,1,0,1,70,56.0,35.0,58.1,High Risk
54,Male,Rural,Matabeleland South,Secondary,Informal,2,1,0,0,1,2,Medium,7.3,0,0,1,50,40.0,75.0,51.5,High Risk
49,Female,Rural,Mashonaland Central,Secondary,Formal,2,0,1,0,1,2,Medium,14.1,0,1,1,60,38.0,65.0,53.3,High Risk
36,Male,Urban,Bulawayo,Secondary,Unemployed,3,1,1,0,0,2,Medium,5.7,1,1,0,30,20.0,5.0,21.5,Low Risk
18,Female,Urban,Bulawayo,Secondary,Informal,5,1,1,0,1,3,Low,12.4,1,1,1,20,30.0,15.0,22.5,Low Risk
48,Female,Rural,Manicaland,Primary,Informal,3,1,0,0,0,1,High,11.0,1,1,1,60,48.0,15.0,46.8,High Risk
40,Female,Urban,Harare,Secondary,Formal,4,1,1,1,1,4,Low,2.5,1,1,0,0,10.0,0.0,3.5,Low Risk
43,Female,Urban,Matabeleland South,None,Informal,2,1,1,1,0,3,Low,0.3,0,1,0,10,42.0,50.0,29.2,Moderate Risk
65,Male,Rural,Mashonaland West,Secondary,Informal,1,1,0,1,1,3,Low,11.5,1,1,1,30,55.0,15.0,35.75,Moderate Risk
26,Male,Rural,Mashonaland Central,Secondary,Formal,5,1,0,0,1,2,Medium,21.6,0,1,1,50,20.0,80.0,45.5,High Risk
18,Male,Rural,Matabeleland South,Secondary,Informal,3,1,0,0,1,2,Medium,9.8,0,0,1,50,40.0,75.0,51.5,High Risk
23,Female,Rural,Mashonaland West,Tertiary,Informal,4,1,1,0,1,3,Low,30.4,1,0,0,20,50.0,50.0,36.5,Moderate Risk
44,Male,Urban,Bulawayo,Secondary,Informal,4,0,1,1,1,3,Low,4.0,0,1,0,40,12.0,30.0,28.2,Moderate Risk
38,Male,Urban,Harare,Tertiary,Informal,3,1,0,0,0,1,High,0.3,1,0,0,60,12.0,20.0,35.2,Moderate Risk
20,Female,Urban,Harare,Secondary,Informal,3,0,1,0,1,2,Medium,2.0,0,1,1,60,30.0,30.0,43.5,Moderate Risk
18,Male,Rural,Mashonaland Central,Secondary,Informal,1,1,0,0,1,2,Medium,1.0,1,1,1,50,55.0,20.0,45.75,High Risk
33,Male,Urban,Midlands,Secondary,Informal,3,1,0,0,1,2,Medium,0.1,0,1,1,50,12.0,30.0,32.7,Moderate Risk
20,Female,Rural,Masvingo,Primary,Informal,1,1,1,0,0,2,Medium,39.2,0,1,1,30,71.0,80.0,54.35,High Risk
45,Male,Urban,Mashonaland West,Secondary,Informal,3,1,1,0,0,2,Medium,9.1,1,1,0,30,12.0,5.0,18.7,Low Risk
32,Female,Rural,Bulawayo,Secondary,Informal,3,1,1,0,1,3,Low,86.9,0,0,1,20,42.0,80.0,39.7,Moderate Risk
29,Female,Urban,Mashonaland Central,Primary,Unemployed,3,0,1,0,0,1,High,4.6,1,0,1,70,36.0,40.0,52.1,High Risk
27,Female,Urban,Bulawayo,Secondary,Informal,4,1,0,0,0,1,High,3.5,1,1,1,60,22.0,0.0,34.7,Moderate Risk
41,Male,Urban,Bulawayo,Tertiary,Unemployed,4,1,1,1,0,3,Low,2.5,1,1,0,10,20.0,0.0,11.5,Low Risk
38,Male,Urban,Harare,Secondary,Informal,3,1,1,0,1,3,Low,4.5,1,1,1,20,12.0,0.0,13.2,Low Risk
40,Female,Rural,Masvingo,None,Informal,1,0,0,0,1,1,High,13.3,1,0,1,90,69.0,55.0,75.65,Critical Risk
40,Female,Urban,Harare,Primary,Unemployed,1,1,1,0,0,2,Medium,0.6,1,1,0,30,51.0,0.0,31.35,Moderate Risk
36,Female,Urban,Harare,Tertiary,Unemployed,1,1,1,0,0,2,Medium,1.7,1,1,1,30,45.0,0.0,29.25,Moderate Risk
23,Male,Rural,Matabeleland South,Tertiary,Unemployed,3,1,1,0,0,2,Medium,1.6,0,0,1,30,48.0,70.0,44.3,Moderate Risk
27,Male,Rural,Manicaland,Secondary,Unemployed,2,0,1,0,0,1,High,6.6,0,0,1,70,48.0,55.0,59.3,High Risk
32,Male,Urban,Harare,Secondary,Unemployed,3,1,1,0,0,2,Medium,4.1,1,1,0,30,20.0,0.0,20.5,Low Risk
66,Male,Urban,Matabeleland North,Secondary,Informal,3,1,1,1,1,4,Low,0.3,1,1,0,0,20.0,20.0,11.0,Low Risk
19,Male,Urban,Harare,Secondary,Formal,4,1,1,1,1,4,Low,1.5,1,1,0,0,8.0,0.0,2.8,Low Risk
32,Female,Rural,Masvingo,Secondary,Informal,3,1,1,0,1,3,Low,52.6,1,1,1,20,42.0,50.0,33.7,Moderate Risk
39,Male,Urban,Mashonaland West,Secondary,Informal,4,1,1,0,1,3,Low,0.7,1,1,0,20,12.0,0.0,13.2,Low Risk
33,Female,Urban,Mashonaland Central,Tertiary,Informal,4,1,1,0,1,3,Low,2.3,1,0,0,20,22.0,40.0,24.7,Low Risk
53,Female,Urban,Harare,Secondary,Informal,3,0,1,1,1,3,Low,0.8,1,1,0,40,22.0,0.0,25.7,Moderate Risk
33,Male,Rural,Masvingo,Secondary,Informal,1,0,1,0,1,2,Medium,16.0,1,0,1,60,47.0,55.0,54.45,High Risk
34,Female,Urban,Bulawayo,Secondary,Unemployed,2,1,1,0,0,2,Medium,1.9,0,0,0,30,38.0,50.0,36.8,Moderate Risk
49,Female,Rural,Mashonaland East,Secondary,Informal,2,0,1,0,0,1,High,1.4,1,1,1,70,50.0,0.0,49.0,High Risk
63,Male,Urban,Mashonaland Central,Secondary,Formal,5,1,1,1,1,4,Low,3.2,1,0,0,0,0.0,40.0,8.0,Low Risk
57,Male,Rural,Midlands,Secondary,Informal,1,1,0,0,1,2,Medium,12.4,1,0,0,50,47.0,35.0,45.95,High Risk
36,Female,Urban,Harare,Tertiary,Formal,5,1,1,0,1,3,Low,6.3,1,1,0,20,10.0,5.0,13.5,Low Risk
37,Female,Urban,Harare,Secondary,Formal,5,0,1,1,1,3,Low,0.9,1,1,0,40,10.0,0.0,21.5,Low Risk
38,Female,Urban,Manicaland,Tertiary,Informal,1,1,1,0,1,3,Low,3.0,1,1,0,20,37.0,0.0,21.95,Low Risk
40,Female,Rural,Mashonaland West,Primary,Unemployed,1,1,0,0,0,1,High,1.0,0,0,1,60,71.0,50.0,61.85,High Risk
26,Male,Rural,Matabeleland South,Primary,Informal,1,1,1,0,0,2,Medium,41.7,0,0,1,30,53.0,100.0,52.05,High Risk
51,Female,Urban,Harare,Secondary,Formal,5,1,1,1,1,4,Low,0.1,0,0,0,0,10.0,50.0,13.5,Low Risk
40,Female,Urban,Harare,None,Informal,1,1,1,0,0,2,Medium,0.1,0,1,0,30,49.0,30.0,36.65,Moderate Risk
37,Female,Rural,Matabeleland North,Secondary,Informal,2,0,1,0,0,1,High,6.0,1,0,1,70,50.0,45.0,58.0,High Risk
20,Female,Urban,Midlands,Primary,Informal,3,1,1,0,0,2,Medium,0.4,1,0,0,30,36.0,20.0,30.1,Moderate Risk
38,Female,Urban,Harare,Secondary,Informal,3,1,1,1,1,4,Low,2.4,1,1,1,0,22.0,0.0,7.7,Low Risk
18,Female,Urban,Masvingo,Secondary,Informal,4,0,1,1,1,3,Low,2.9,1,1,1,40,30.0,20.0,32.5,Moderate Risk
29,Male,Rural,Mashonaland East,Secondary,Unemployed,1,1,1,0,0,2,Medium,31.1,1,0,1,30,55.0,50.0,42.75,Moderate Risk
30,Female,Rural,Harare,Tertiary,Informal,2,0,1,1,0,2,Medium,26.7,1,0,1,50,50.0,50.0,50.0,High Risk
42,Male,Rural,Masvingo,Secondary,Informal,2,1,1,0,0,2,Medium,2.2,1,0,0,30,40.0,40.0,35.5,Moderate Risk
64,Female,Rural,Mashonaland East,Primary,Unemployed,1,1,0,0,0,1,High,18.1,1,1,1,60,71.0,15.0,54.85,High Risk
46,Female,Urban,Bulawayo,Secondary,Formal,5,1,1,1,0,3,Low,6.6,1,0,0,10,10.0,25.0,13.0,Low Risk
58,Female,Urban,Harare,Secondary,Informal,4,1,1,0,1,3,Low,5.5,1,1,0,20,22.0,5.0,17.7,Low Risk
47,Male,Urban,Bulawayo,Tertiary,Formal,5,1,1,1,1,4,Low,1.4,1,1,0,0,0.0,0.0,0.0,Low Risk
53,Female,Urban,Harare,Primary,Formal,4,1,1,0,1,3,Low,0.5,1,0,0,20,16.0,20.0,18.6,Low Risk
63,Male,Urban,Mashonaland West,Tertiary,Formal,5,1,1,1,1,4,Low,0.4,1,1,0,0,0.0,0.0,0.0,Low Risk
27,Male,Urban,Matabeleland North,Tertiary,Formal,5,1,1,0,1,3,Low,3.0,1,1,0,20,0.0,20.0,13.0,Low Risk
26,Male,Urban,Harare,Tertiary,Informal,4,1,1,0,0,2,Medium,1.6,1,1,0,30,12.0,0.0,17.7,Low Risk
47,Female,Rural,Mashonaland West,Secondary,Informal,2,1,0,0,0,1,High,10.3,1,1,1,60,50.0,15.0,47.5,High Risk
37,Male,Urban,Midlands,Secondary,Informal,2,1,1,0,0,2,Medium,5.3,1,1,0,30,20.0,5.0,21.5,Low Risk
41,Female,Urban,Harare,Secondary,Informal,3,1,1,0,1,3,Low,4.5,1,1,0,20,22.0,0.0,16.7,Low Risk
34,Male,Rural,Matabeleland South,Primary,Informal,1,0,1,0,1,2,Medium,59.6,1,0,1,60,53.0,70.0,59.55,High Risk
29,Female,Rural,Masvingo,Primary,Unemployed,1,1,0,0,0,1,High,14.4,0,0,1,60,71.0,85.0,68.85,Critical Risk
60,Female,Rural,Midlands,Secondary,Unemployed,2,1,0,1,0,2,Medium,1.5,1,0,1,40,58.0,20.0,42.3,Moderate Risk
22,Female,Rural,Mashonaland East,Secondary,Informal,2,1,1,0,0,2,Medium,6.1,1,0,0,30,58.0,25.0,38.8,Moderate Risk
47,Female,Rural,Mashonaland East,Secondary,Unemployed,2,1,0,0,0,1,High,39.5,1,1,1,60,58.0,30.0,53.3,High Risk
45,Female,Urban,Harare,Tertiary,Informal,3,0,1,0,1,2,Medium,1.2,1,1,1,60,22.0,0.0,34.7,Moderate Risk
18,Female,Urban,Harare,Secondary,Informal,4,1,1,0,1,3,Low,5.8,1,1,1,20,30.0,5.0,20.5,Low Risk
26,Female,Rural,Mashonaland Central,Primary,Informal,1,0,1,0,0,1,High,13.5,0,0,0,70,63.0,85.0,70.55,Critical Risk
28,Male,Urban,Midlands,Secondary,Formal,5,1,1,0,1,3,Low,3.4,1,1,1,20,0.0,0.0,9.0,Low Risk
45,Male,Urban,Harare,Primary,Unemployed,2,1,1,0,0,2,Medium,1.4,1,1,0,30,34.0,0.0,25.4,Moderate Risk
32,Female,Urban,Harare,Secondary,Informal,2,1,1,0,1,3,Low,4.7,1,1,0,20,30.0,0.0,19.5,Low Risk
36,Female,Urban,Harare,Tertiary,Informal,3,1,1,1,1,4,Low,1.3,1,1,0,0,22.0,0.0,7.7,Low Risk
18,Female,Urban,Harare,Tertiary,Unemployed,4,1,1,0,0,2,Medium,2.2,1,0,0,30,38.0,20.0,30.8,Moderate Risk
70,Female,Urban,Bulawayo,Secondary,Formal,5,1,1,1,1,4,Low,10.9,1,1,0,0,18.0,15.0,9.3,Low Risk
38,Male,Rural,Manicaland,Secondary,Unemployed,1,0,0,0,0,0,High,20.0,1,0,1,100,55.0,35.0,71.25,Critical Risk
44,Female,Rural,Matabeleland South,Secondary,Informal,2,0,1,0,1,2,Medium,6.1,1,1,1,60,50.0,25.0,49.5,High Risk
30,Female,Urban,Mashonaland West,Tertiary,Informal,3,1,1,0,1,3,Low,6.2,0,1,0,20,22.0,35.0,23.7,Low Risk
28,Female,Rural,Mashonaland Central,Secondary,Informal,2,1,1,0,1,3,Low,23.0,0,1,0,20,50.0,80.0,42.5,Moderate Risk
64,Female,Urban,Mashonaland East,Tertiary,Formal,5,0,1,1,1,3,Low,0.3,0,1,0,40,10.0,30.0,27.5,Moderate Risk
18,Female,Rural,Mashonaland East,Primary,Informal,1,0,1,0,0,1,High,1.8,0,0,1,70,71.0,50.0,66.35,Critical Risk
41,Female,Rural,Mashonaland West,Secondary,Informal,3,1,1,0,1,3,Low,3.2,0,1,0,20,42.0,30.0,29.7,Moderate Risk
21,Female,Urban,Matabeleland South,Secondary,Formal,5,1,1,1,1,4,Low,5.4,0,1,0,0,18.0,55.0,17.3,Low Risk
32,Male,Rural,Midlands,Secondary,Informal,1,1,1,1,1,4,Low,39.7,1,0,0,0,47.0,50.0,26.45,Moderate Risk
29,Female,Rural,Mashonaland East,Secondary,Informal,2,1,0,1,1,3,Low,58.1,0,0,1,30,50.0,80.0,47.0,High Risk
24,Female,Rural,Mashonaland West,Primary,Unemployed,1,0,1,0,0,1,High,6.8,1,0,0,70,79.0,25.0,64.15,High Risk
38,Male,Rural,Mashonaland East,None,Formal,3,1,1,1,1,4,Low,34.7,0,1,1,0,32.0,60.0,23.2,Low Risk
18,Male,Rural,Masvingo,Primary,Formal,1,1,1,1,1,4,Low,53.5,0,1,1,0,49.0,80.0,33.15,Moderate Risk
33,Female,Urban,Bulawayo,Tertiary,Informal,4,1,1,0,1,3,Low,2.7,1,1,0,20,22.0,0.0,16.7,Low Risk
36,Male,Rural,Manicaland,Secondary,Informal,3,1,1,0,1,3,Low,136.4,1,0,0,20,32.0,50.0,30.2,Moderate Risk
18,Female,Rural,Midlands,Tertiary,Informal,2,1,1,0,0,2,Medium,41.4,1,1,0,30,58.0,30.0,39.8,Moderate Risk
59,Male,Rural,Matabeleland North,Secondary,Unemployed,1,0,1,0,0,1,High,6.1,1,0,0,70,55.0,45.0,59.75,High Risk
29,Male,Urban,Harare,Secondary,Formal,5,1,1,1,1,4,Low,1.6,1,1,0,0,0.0,0.0,0.0,Low Risk
34,Female,Rural,Midlands,Secondary,Informal,3,1,1,0,0,2,Medium,13.2,0,0,1,30,42.0,65.0,41.2,Moderate Risk
29,Male,Urban,Mashonaland Central,Secondary,Unemployed,2,1,0,0,0,1,High,0.5,1,1,0,60,28.0,20.0,40.8,Moderate Risk
36,Male,Rural,Mashonaland East,Primary,Informal,1,1,1,0,1,3,Low,7.2,0,0,0,20,53.0,55.0,38.55,Moderate Risk
56,Female,Urban,Bulawayo,Tertiary,Informal,2,1,1,1,1,4,Low,0.1,1,1,0,0,30.0,0.0,10.5,Low Risk
72,Female,Rural,Midlands,Tertiary,Unemployed,2,0,0,0,0,0,High,22.5,1,0,1,100,66.0,50.0,78.1,Critical Risk
48,Male,Rural,Midlands,None,Informal,1,1,1,0,0,2,Medium,2.0,1,1,1,30,59.0,0.0,34.15,Moderate Risk
53,Female,Urban,Harare,Tertiary,Formal,5,1,1,1,1,4,Low,1.7,1,1,0,0,10.0,0.0,3.5,Low Risk
62,Female,Urban,Bulawayo,Primary,Formal,5,0,1,1,1,3,Low,9.1,1,1,1,40,16.0,5.0,24.6,Low Risk
41,Female,Urban,Masvingo,Tertiary,Informal,4,1,1,0,1,3,Low,1.4,1,0,0,20,22.0,40.0,24.7,Low Risk
59,Male,Rural,Midlands,Secondary,Unemployed,1,1,1,0,0,2,Medium,4.4,1,1,0,30,55.0,0.0,32.75,Moderate Risk
49,Male,Rural,Manicaland,Primary,Informal,3,1,1,0,0,2,Medium,4.5,1,0,1,30,38.0,20.0,30.8,Moderate Risk
40,Female,Urban,Bulawayo,Tertiary,Informal,4,1,1,0,1,3,Low,0.2,0,1,0,20,22.0,30.0,22.7,Low Risk
42,Female,Urban,Masvingo,Secondary,Informal,4,1,1,0,0,2,Medium,0.4,1,1,0,30,22.0,20.0,25.2,Moderate Risk
18,Male,Urban,Harare,Primary,Formal,4,1,1,1,1,4,Low,3.8,1,1,0,0,14.0,0.0,4.9,Low Risk
42,Female,Urban,Harare,Tertiary,Unemployed,4,1,0,0,0,1,High,5.6,1,1,0,60,30.0,5.0,38.5,Moderate Risk
18,Male,Rural,Masvingo,Secondary,Informal,2,1,0,0,1,2,Medium,26.5,1,0,0,50,48.0,70.0,53.3,High Risk
18,Female,Rural,Masvingo,Secondary,Unemployed,1,1,1,0,0,2,Medium,16.1,0,1,1,30,73.0,65.0,52.05,High Risk
40,Female,Urban,Manicaland,Tertiary,Informal,5,1,1,0,0,2,Medium,1.2,1,1,0,30,22.0,0.0,21.2,Low Risk
22,Female,Rural,Manicaland,None,Informal,3,1,0,0,1,2,Medium,22.2,1,1,0,50,62.0,30.0,50.2,High Risk
37,Female,Urban,Mashonaland East,Secondary,Informal,4,1,1,0,1,3,Low,2.4,1,0,0,20,22.0,20.0,20.7,Low Risk
39,Male,Rural,Mashonaland East,Secondary,Informal,3,1,1,0,0,2,Medium,3.4,1,1,1,30,32.0,0.0,24.7,Low Risk
40,Female,Urban,Mashonaland West,Secondary,Formal,5,0,1,1,1,3,Low,5.0,1,1,0,40,10.0,0.0,21.5,Low Risk
25,Male,Rural,Mashonaland West,Secondary,Informal,1,1,1,0,1,3,Low,15.1,1,0,0,20,47.0,35.0,32.45,Moderate Risk
50,Female,Rural,Manicaland,Tertiary,Unemployed,1,1,0,0,0,1,High,10.4,0,0,1,60,65.0,65.0,62.75,High Risk
36,Female,Urban,Midlands,Tertiary,Informal,4,1,1,0,0,2,Medium,2.3,0,1,0,30,22.0,30.0,27.2,Moderate Risk
44,Male,Rural,Matabeleland South,Secondary,Informal,2,1,1,1,0,3,Low,9.9,1,0,1,10,40.0,45.0,27.5,Moderate Risk
21,Male,Rural,Mashonaland East,Secondary,Informal,2,1,1,0,0,2,Medium,2.3,0,0,0,30,48.0,50.0,40.3,Moderate Risk
35,Male,Urban,Harare,Tertiary,Informal,3,1,1,1,0,3,Low,2.3,1,1,0,10,12.0,0.0,8.7,Low Risk
53,Male,Urban,Bulawayo,Tertiary,Informal,4,1,1,0,0,2,Medium,3.4,1,1,0,30,12.0,0.0,17.7,Low Risk
51,Male,Rural,Midlands,None,Informal,1,1,0,0,0,1,High,17.6,1,1,1,60,59.0,15.0,50.65,High Risk
26,Female,Urban,Harare,Secondary,Formal,5,1,1,1,1,4,Low,1.1,1,1,0,0,10.0,0.0,3.5,Low Risk
30,Female,Urban,Matabeleland South,Secondary,Informal,3,1,0,0,1,2,Medium,0.6,1,1,0,50,22.0,20.0,34.2,Moderate Risk
24,Female,Urban,Harare,Primary,Informal,1,1,1,1,1,4,Low,4.4,1,0,1,0,51.0,20.0,21.85,Low Risk
28,Female,Rural,Matabeleland North,Primary,Informal,2,0,1,0,0,1,High,5.6,1,0,0,70,56.0,45.0,60.1,High Risk
18,Female,Urban,Harare,Secondary,Unemployed,4,1,1,1,0,3,Low,1.9,1,1,0,10,38.0,0.0,17.8,Low Risk
36,Male,Urban,Harare,Tertiary,Formal,5,1,1,1,1,4,Low,11.5,0,1,0,0,0.0,45.0,9.0,Low Risk
46,Female,Rural,Midlands,Tertiary,Unemployed,3,1,0,1,0,2,Medium,1.0,0,0,1,40,50.0,50.0,45.5,High Risk
27,Female,Urban,Harare,Secondary,Formal,5,1,1,0,1,3,Low,0.9,1,0,0,20,10.0,20.0,16.5,Low Risk
36,Female,Rural,Midlands,Secondary,Informal,3,1,1,0,1,3,Low,10.5,1,0,1,20,42.0,35.0,30.7,Moderate Risk
34,Female,Urban,Harare,Secondary,Informal,3,1,1,0,0,2,Medium,4.2,1,1,0,30,22.0,0.0,21.2,Low Risk
52,Female,Rural,Mashonaland Central,Primary,Informal,1,1,1,1,1,4,Low,3.1,0,0,0,0,63.0,70.0,36.05,Moderate Risk
29,Female,Rural,Midlands,None,Unemployed,1,1,1,0,0,2,Medium,2.7,0,0,1,30,77.0,50.0,50.45,High Risk
29,Female,Urban,Bulawayo,Tertiary,Formal,5,1,1,1,1,4,Low,5.3,1,1,0,0,10.0,5.0,4.5,Low Risk
26,Male,Rural,Mashonaland Central,Primary,Informal,1,1,0,0,1,2,Medium,15.3,1,1,1,50,53.0,35.0,48.05,High Risk
22,Female,Urban,Bulawayo,Tertiary,Formal,4,1,1,0,1,3,Low,0.1,1,1,0,20,18.0,0.0,15.3,Low Risk
45,Male,Urban,Harare,Secondary,Informal,4,1,1,1,1,4,Low,0.1,0,1,0,0,12.0,30.0,10.2,Low Risk
36,Male,Urban,Masvingo,Secondary,Informal,4,1,0,1,0,2,Medium,0.6,1,1,0,40,12.0,20.0,26.2,Moderate Risk
38,Female,Rural,Manicaland,Secondary,Formal,4,1,1,0,1,3,Low,21.1,1,1,0,20,30.0,30.0,25.5,Moderate Risk
55,Male,Urban,Bulawayo,Tertiary,Informal,5,1,1,0,0,2,Medium,4.7,1,1,0,30,12.0,0.0,17.7,Low Risk
56,Female,Urban,Harare,Secondary,Informal,3,1,1,1,0,3,Low,3.7,1,0,0,10,22.0,20.0,16.2,Low Risk
18,Male,Urban,Bulawayo,Tertiary,Unemployed,4,0,1,0,0,1,High,1.1,0,1,0,70,28.0,30.0,47.3,High Risk
47,Female,Urban,Matabeleland South,Secondary,Formal,5,1,1,0,1,3,Low,4.6,1,1,0,20,10.0,20.0,16.5,Low Risk
41,Male,Urban,Mashonaland West,Tertiary,Unemployed,3,1,1,0,0,2,Medium,0.3,1,1,0,30,20.0,0.0,20.5,Low Risk
31,Female,Urban,Harare,None,Informal,3,1,1,1,0,3,Low,4.9,1,1,0,10,34.0,0.0,16.4,Low Risk
42,Male,Urban,Harare,Secondary,Unemployed,5,1,1,0,0,2,Medium,1.5,0,1,0,30,20.0,30.0,26.5,Moderate Risk
18,Male,Urban,Harare,Tertiary,Informal,4,1,1,0,0,2,Medium,1.8,0,1,1,30,20.0,30.0,26.5,Moderate Risk
58,Male,Rural,Midlands,Secondary,Informal,2,1,0,0,1,2,Medium,13.7,1,1,0,50,40.0,15.0,39.5,Moderate Risk
45,Female,Urban,Harare,Tertiary,Informal,4,1,1,1,1,4,Low,6.3,1,1,0,0,22.0,5.0,8.7,Low Risk
25,Female,Rural,Masvingo,Primary,Informal,1,1,1,1,1,4,Low,25.5,0,1,0,0,63.0,80.0,38.05,Moderate Risk
29,Female,Urban,Harare,Tertiary,Formal,5,1,1,1,1,4,Low,0.2,1,1,0,0,10.0,0.0,3.5,Low Risk
18,Male,Urban,Midlands,Secondary,Informal,4,1,0,1,0,2,Medium,1.5,1,1,0,40,20.0,0.0,25.0,Low Risk
33,Male,Urban,Bulawayo,Secondary,Unemployed,3,1,1,0,0,2,Medium,3.0,1,1,0,30,20.0,0.0,20.5,Low Risk
31,Male,Urban,Bulawayo,None,Informal,2,1,1,0,1,3,Low,15.2,1,0,0,20,32.0,35.0,27.2,Moderate Risk
19,Female,Urban,Matabeleland North,Secondary,Formal,4,1,1,1,1,4,Low,0.1,0,1,0,0,18.0,50.0,16.3,Low Risk
48,Female,Rural,Midlands,None,Unemployed,1,1,1,0,0,2,Medium,37.8,1,0,0,30,77.0,50.0,50.45,High Risk
55,Male,Urban,Bulawayo,Secondary,Informal,3,1,1,0,1,3,Low,0.4,0,0,0,20,12.0,50.0,23.2,Low Risk
37,Female,Urban,Mashonaland East,Primary,Formal,5,1,1,1,1,4,Low,0.7,1,1,0,0,16.0,0.0,5.6,Low Risk
33,Female,Rural,Masvingo,Secondary,Informal,3,1,0,0,0,1,High,1.0,1,0,1,60,42.0,40.0,49.7,High Risk
44,Male,Urban,Harare,Primary,Formal,5,1,1,1,1,4,Low,14.1,1,1,0,0,6.0,15.0,5.1,Low Risk
37,Male,Urban,Harare,Tertiary,Informal,3,1,0,0,1,2,Medium,4.1,0,1,0,50,12.0,30.0,32.7,Moderate Risk
22,Male,Urban,Manicaland,Secondary,Formal,4,1,1,1,1,4,Low,0.1,1,1,0,0,8.0,0.0,2.8,Low Risk
28,Male,Urban,Manicaland,Secondary,Formal,4,1,1,1,1,4,Low,1.0,0,1,0,0,0.0,30.0,6.0,Low Risk
33,Male,Urban,Harare,Secondary,Formal,4,0,1,1,1,3,Low,1.8,1,1,1,40,0.0,0.0,18.0,Low Risk
41,Female,Rural,Mashonaland Central,Tertiary,Unemployed,1,1,1,0,0,2,Medium,11.4,1,1,0,30,65.0,35.0,43.25,Moderate Risk
38,Male,Rural,Matabeleland North,Tertiary,Informal,2,1,0,0,1,2,Medium,10.2,1,0,1,50,40.0,55.0,47.5,High Risk
40,Female,Urban,Harare,Secondary,Informal,4,1,1,0,1,3,Low,2.0,0,1,0,20,22.0,30.0,22.7,Low Risk
18,Female,Rural,Matabeleland North,Tertiary,Informal,2,1,1,0,1,3,Low,2.5,0,0,1,20,58.0,70.0,43.3,Moderate Risk
47,Female,Rural,Matabeleland North,Secondary,Formal,5,1,1,1,0,3,Low,1.1,1,1,0,10,30.0,20.0,19.0,Low Risk
38,Female,Urban,Harare,Tertiary,Unemployed,4,1,0,0,0,1,High,0.2,1,1,1,60,30.0,0.0,37.5,Moderate Risk
73,Male,Rural,Mashonaland Central,None,Informal,1,0,0,0,0,0,High,8.1,1,0,1,100,67.0,45.0,77.45,Critical Risk
32,Male,Rural,Mashonaland East,None,Formal,4,1,0,1,1,3,Low,9.9,1,1,0,30,32.0,5.0,25.7,Moderate Risk
42,Male,Rural,Mashonaland East,None,Informal,1,1,0,1,1,3,Low,3.3,1,0,0,30,59.0,20.0,38.15,Moderate Risk
77,Female,Rural,Masvingo,Secondary,Formal,3,1,1,0,1,3,Low,1.2,1,1,0,20,38.0,20.0,26.3,Moderate Risk
40,Female,Urban,Mashonaland Central,Primary,Formal,5,1,1,1,1,4,Low,3.0,1,1,0,0,16.0,20.0,9.6,Low Risk
37,Male,Urban,Masvingo,Secondary,Informal,4,1,1,0,0,2,Medium,0.6,1,1,0,30,12.0,20.0,21.7,Low Risk
24,Male,Urban,Harare,Secondary,Formal,5,1,1,1,1,4,Low,14.8,1,1,0,0,8.0,15.0,5.8,Low Risk
59,Female,Urban,Manicaland,Tertiary,Formal,5,0,1,1,1,3,Low,0.2,1,1,0,40,10.0,0.0,21.5,Low Risk
21,Male,Urban,Harare,Secondary,Informal,3,1,1,1,1,4,Low,0.7,0,0,0,0,20.0,50.0,17.0,Low Risk
43,Female,Rural,Matabeleland South,Secondary,Informal,2,1,1,0,1,3,Low,19.4,1,1,1,20,50.0,35.0,33.5,Moderate Risk
31,Male,Urban,Harare,Secondary,Unemployed,2,0,1,0,0,1,High,0.5,1,0,0,70,28.0,20.0,45.3,High Risk
35,Male,Urban,Bulawayo,Tertiary,Formal,5,0,1,1,1,3,Low,0.1,1,1,1,40,0.0,0.0,18.0,Low Risk
18,Male,Rural,Masvingo,None,Unemployed,1,0,0,1,0,1,High,69.0,1,1,1,80,75.0,50.0,72.25,Critical Risk
56,Male,Urban,Harare,Secondary,Informal,3,1,1,1,1,4,Low,4.2,1,0,0,0,12.0,20.0,8.2,Low Risk
34,Male,Urban,Midlands,Secondary,Informal,5,1,1,0,1,3,Low,1.4,1,1,0,20,12.0,0.0,13.2,Low Risk
20,Female,Rural,Manicaland,Primary,Informal,1,1,1,0,0,2,Medium,7.2,1,0,1,30,71.0,25.0,43.35,Moderate Risk
55,Male,Urban,Harare,Secondary,Informal,4,1,1,0,1,3,Low,2.4,1,1,0,20,12.0,0.0,13.2,Low Risk
30,Female,Urban,Bulawayo,Secondary,Formal,5,1,1,1,1,4,Low,3.5,1,1,0,0,10.0,0.0,3.5,Low Risk
42,Male,Urban,Bulawayo,Secondary,Informal,3,1,0,0,0,1,High,2.9,0,1,0,60,12.0,30.0,37.2,Moderate Risk
49,Male,Rural,Mashonaland Central,None,Informal,1,1,1,1,1,4,Low,47.2,1,1,1,0,59.0,50.0,30.65,Moderate Risk
44,Male,Urban,Harare,Primary,Formal,5,1,1,1,1,4,Low,1.6,1,0,0,0,6.0,20.0,6.1,Low Risk
18,Male,Urban,Harare,None,Informal,3,1,1,0,1,3,Low,6.3,1,1,0,20,32.0,5.0,21.2,Low Risk
47,Male,Urban,Masvingo,Tertiary,Unemployed,4,0,0,0,0,0,High,1.9,1,1,1,100,20.0,20.0,56.0,High Risk
36,Male,Urban,Bulawayo,Secondary,Informal,3,1,1,0,1,3,Low,0.3,1,1,0,20,12.0,0.0,13.2,Low Risk
33,Female,Rural,Mashonaland Central,Primary,Informal,2,0,0,0,0,0,High,17.9,1,0,1,100,56.0,55.0,75.6,Critical Risk
36,Female,Urban,Harare,Primary,Unemployed,2,1,1,0,0,2,Medium,0.4,1,1,0,30,44.0,0.0,28.9,Moderate Risk
18,Female,Rural,Midlands,Secondary,Informal,2,1,1,0,1,3,Low,19.6,0,0,0,20,58.0,65.0,42.3,Moderate Risk
40,Male,Urban,Masvingo,Tertiary,Informal,4,1,1,1,1,4,Low,7.1,1,1,0,0,12.0,25.0,9.2,Low Risk
18,Female,Urban,Harare,Tertiary,Informal,4,1,1,1,0,3,Low,0.7,1,0,0,10,30.0,20.0,19.0,Low Risk
33,Female,Rural,Matabeleland North,Primary,Informal,3,1,1,0,1,3,Low,9.4,0,0,0,20,48.0,75.0,40.8,Moderate Risk
40,Male,Urban,Harare,Secondary,Formal,4,1,1,1,1,4,Low,0.2,1,1,0,0,0.0,0.0,0.0,Low Risk
53,Male,Urban,Harare,Primary,Unemployed,3,1,1,0,0,2,Medium,3.2,1,1,0,30,26.0,0.0,22.6,Low Risk
26,Female,Rural,Midlands,Secondary,Formal,2,1,1,1,1,4,Low,10.9,1,0,0,0,38.0,35.0,20.3,Low Risk
58,Female,Urban,Masvingo,Secondary,Formal,5,1,1,1,1,4,Low,5.3,1,1,0,0,10.0,25.0,8.5,Low Risk
51,Male,Urban,Harare,Secondary,Formal,5,1,1,1,1,4,Low,7.7,1,1,1,0,0.0,5.0,1.0,Low Risk
31,Male,Rural,Midlands,None,Unemployed,1,1,1,0,0,2,Medium,14.4,1,1,0,30,67.0,15.0,39.95,Moderate Risk
22,Female,Urban,Manicaland,Tertiary,Informal,4,1,1,0,0,2,Medium,3.6,1,1,0,30,30.0,0.0,24.0,Low Risk
18,Male,Urban,Mashonaland Central,Secondary,Formal,5,1,0,0,1,2,Medium,2.7,1,1,0,50,8.0,20.0,29.3,Moderate Risk
41,Female,Urban,Mashonaland East,Tertiary,Informal,3,0,1,0,1,2,Medium,3.4,1,1,0,60,22.0,0.0,34.7,Moderate Risk
27,Female,Urban,Bulawayo,Secondary,Informal,4,1,1,0,1,3,Low,3.3,1,0,0,20,22.0,20.0,20.7,Low Risk
54,Female,Urban,Matabeleland South,Tertiary,Informal,4,1,1,0,1,3,Low,2.0,1,1,0,20,22.0,20.0,20.7,Low Risk
28,Female,Rural,Mashonaland Central,Primary,Unemployed,2,1,1,1,0,3,Low,35.0,1,0,0,10,64.0,70.0,40.9,Moderate Risk
25,Male,Urban,Bulawayo,Secondary,Formal,4,1,1,1,1,4,Low,0.2,1,1,0,0,0.0,0.0,0.0,Low Risk
41,Female,Rural,Mashonaland East,Secondary,Informal,1,1,1,0,0,2,Medium,22.8,1,0,0,30,57.0,50.0,43.45,Moderate Risk
28,Female,Urban,Mashonaland West,Secondary,Informal,3,0,1,1,1,3,Low,4.9,1,1,0,40,22.0,0.0,25.7,Moderate Risk
38,Female,Urban,Harare,Secondary,Informal,4,0,1,1,0,2,Medium,0.3,1,1,1,50,22.0,0.0,30.2,Moderate Risk
51,Male,Urban,Harare,Secondary,Informal,4,1,1,1,0,3,Low,7.9,1,1,0,10,12.0,5.0,9.7,Low Risk
39,Male,Rural,Matabeleland South,Primary,Formal,3,1,1,1,1,4,Low,13.2,1,0,1,0,26.0,55.0,20.1,Low Risk
39,Male,Urban,Harare,Secondary,Informal,4,1,1,0,1,3,Low,4.8,1,1,0,20,12.0,0.0,13.2,Low Risk
40,Male,Urban,Harare,Primary,Informal,2,0,1,0,1,2,Medium,3.7,0,0,1,60,26.0,50.0,46.1,High Risk
18,Female,Rural,Mashonaland Central,None,Informal,1,0,1,0,1,2,Medium,3.3,1,0,0,60,77.0,40.0,61.95,High Risk
43,Female,Rural,Matabeleland North,Primary,Informal,2,0,0,0,1,1,High,27.3,1,1,1,90,56.0,50.0,70.1,Critical Risk
40,Female,Urban,Harare,Secondary,Formal,4,1,1,0,1,3,Low,5.8,1,1,1,20,10.0,5.0,13.5,Low Risk
50,Female,Rural,Mashonaland West,Primary,Informal,1,0,0,1,1,2,Medium,61.7,0,0,1,70,63.0,80.0,69.55,Critical Risk
46,Male,Urban,Bulawayo,Tertiary,Formal,5,1,1,1,1,4,Low,0.1,1,1,0,0,0.0,0.0,0.0,Low Risk
35,Male,Urban,Matabeleland South,None,Formal,5,1,0,1,1,3,Low,3.7,1,0,0,30,12.0,40.0,25.7,Moderate Risk
52,Male,Urban,Mashonaland East,Tertiary,Formal,5,1,1,1,1,4,Low,1.4,1,0,0,0,0.0,20.0,4.0,Low Risk
33,Male,Urban,Harare,Tertiary,Formal,5,1,1,1,1,4,Low,2.0,1,1,0,0,0.0,0.0,0.0,Low Risk
41,Male,Urban,Masvingo,Secondary,Formal,5,1,1,1,1,4,Low,0.5,1,1,0,0,0.0,20.0,4.0,Low Risk
33,Male,Rural,Midlands,Secondary,Unemployed,1,1,1,1,0,3,Low,3.6,0,0,0,10,55.0,50.0,33.75,Moderate Risk
44,Male,Urban,Mashonaland Central,Secondary,Informal,3,1,1,0,0,2,Medium,1.2,1,1,0,30,12.0,20.0,21.7,Low Risk
32,Female,Rural,Masvingo,Secondary,Informal,3,1,0,1,0,2,Medium,1.0,0,0,1,40,42.0,70.0,46.7,High Risk
61,Male,Rural,Manicaland,Primary,Informal,3,1,1,0,1,3,Low,23.8,0,1,1,20,38.0,60.0,34.3,Moderate Risk
66,Male,Rural,Matabeleland North,Secondary,Informal,3,1,1,0,1,3,Low,3.7,1,1,1,20,40.0,20.0,27.0,Moderate Risk
50,Male,Rural,Masvingo,Primary,Formal,3,1,1,0,1,3,Low,21.7,1,1,0,20,26.0,50.0,28.1,Moderate Risk
59,Female,Rural,Mashonaland East,Secondary,Informal,2,1,0,0,1,2,Medium,25.0,0,0,1,50,50.0,80.0,56.0,High Risk
18,Female,Rural,Harare,None,Informal,1,1,0,0,1,2,Medium,26.3,0,0,0,50,77.0,80.0,65.45,Critical Risk
18,Male,Urban,Harare,Secondary,Informal,3,0,1,0,0,1,High,0.2,1,1,1,70,20.0,0.0,38.5,Moderate Risk
33,Male,Urban,Bulawayo,Secondary,Formal,5,1,1,1,1,4,Low,2.3,1,1,0,0,0.0,0.0,0.0,Low Risk
38,Female,Urban,Harare,Secondary,Informal,2,0,1,1,0,2,Medium,0.4,1,1,0,50,30.0,0.0,33.0,Moderate Risk
35,Female,Urban,Bulawayo,Secondary,Formal,5,0,1,1,1,3,Low,3.9,1,1,0,40,10.0,0.0,21.5,Low Risk
18,Female,Urban,Mashonaland East,Tertiary,Formal,5,0,1,1,1,3,Low,0.3,1,1,1,40,18.0,0.0,24.3,Low Risk
54,Female,Rural,Mashonaland East,Primary,Informal,1,1,1,0,1,3,Low,59.9,0,0,1,20,63.0,80.0,47.05,High Risk
68,Female,Urban,Harare,Primary,Informal,3,0,1,1,0,2,Medium,1.4,1,1,1,50,36.0,0.0,35.1,Moderate Risk
55,Female,Rural,Manicaland,Primary,Informal,1,1,0,1,1,3,Low,27.3,0,0,0,30,63.0,80.0,51.55,High Risk
53,Male,Urban,Harare,Tertiary,Formal,5,0,1,1,1,3,Low,0.5,1,1,0,40,0.0,0.0,18.0,Low Risk
41,Female,Urban,Mashonaland East,Secondary,Informal,4,1,1,0,1,3,Low,4.7,0,1,0,20,22.0,30.0,22.7,Low Risk
26,Male,Urban,Bulawayo,Secondary,Informal,3,1,1,1,0,3,Low,0.1,1,1,0,10,12.0,0.0,8.7,Low Risk
39,Female,Urban,Masvingo,Tertiary,Informal,3,1,1,0,1,3,Low,4.9,1,1,0,20,22.0,20.0,20.7,Low Risk
67,Male,Urban,Midlands,Secondary,Informal,3,1,1,0,1,3,Low,9.5,1,1,0,20,20.0,5.0,17.0,Low Risk
33,Male,Urban,Harare,Tertiary,Unemployed,2,1,1,0,0,2,Medium,1.1,1,1,0,30,28.0,0.0,23.3,Low Risk
31,Female,Urban,Bulawayo,Secondary,Formal,4,1,1,1,1,4,Low,1.8,1,1,0,0,10.0,0.0,3.5,Low Risk
53,Female,Urban,Bulawayo,Tertiary,Informal,3,1,0,0,1,2,Medium,2.9,0,1,1,50,22.0,30.0,36.2,Moderate Risk
54,Male,Urban,Bulawayo,Secondary,Informal,5,1,0,0,1,2,Medium,2.4,1,1,0,50,12.0,0.0,26.7,Moderate Risk
26,Female,Urban,Harare,Secondary,Formal,5,0,1,1,1,3,Low,1.9,1,1,1,40,10.0,0.0,21.5,Low Risk
34,Male,Urban,Harare,Primary,Informal,4,1,1,0,0,2,Medium,9.3,1,1,0,30,18.0,5.0,20.8,Low Risk
30,Male,Urban,Bulawayo,Primary,Unemployed,2,1,1,0,0,2,Medium,16.6,0,1,0,30,34.0,45.0,34.4,Moderate Risk
38,Female,Urban,Bulawayo,Secondary,Informal,4,1,1,1,1,4,Low,0.1,1,1,0,0,22.0,0.0,7.7,Low Risk
53,Male,Urban,Harare,Tertiary,Formal,5,1,1,1,1,4,Low,2.5,0,1,0,0,0.0,30.0,6.0,Low Risk
26,Male,Urban,Harare,Tertiary,Informal,4,1,1,0,0,2,Medium,0.8,1,1,0,30,12.0,0.0,17.7,Low Risk
53,Female,Rural,Masvingo,Secondary,Informal,4,1,1,0,1,3,Low,4.2,0,1,1,20,42.0,50.0,33.7,Moderate Risk
39,Male,Rural,Matabeleland North,Secondary,Informal,2,1,1,0,0,2,Medium,37.3,0,1,1,30,40.0,80.0,43.5,Moderate Risk
70,Male,Rural,Masvingo,Tertiary,Informal,3,0,1,0,1,2,Medium,10.5,1,0,0,60,40.0,55.0,52.0,High Risk
42,Male,Urban,Harare,Tertiary,Formal,5,1,1,1,1,4,Low,2.0,1,1,0,0,0.0,0.0,0.0,Low Risk
36,Female,Urban,Harare,Secondary,Formal,4,1,1,0,0,2,Medium,2.9,1,1,0,30,10.0,0.0,17.0,Low Risk
46,Male,Urban,Mashonaland Central,Secondary,Unemployed,3,1,1,1,0,3,Low,2.9,1,1,0,10,20.0,20.0,15.5,Low Risk
33,Male,Rural,Matabeleland South,Secondary,Formal,2,1,0,1,1,3,Low,17.4,0,1,1,30,28.0,65.0,36.3,Moderate Risk
18,Female,Rural,Harare,Primary,Informal,1,1,1,0,0,2,Medium,1.6,0,1,0,30,71.0,30.0,44.35,Moderate Risk
34,Male,Rural,Mashonaland West,Primary,Informal,1,1,1,0,1,3,Low,25.4,1,0,0,20,53.0,50.0,37.55,Moderate Risk
34,Male,Rural,Mashonaland West,Primary,Informal,1,1,0,1,1,3,Low,12.1,0,1,1,30,53.0,45.0,41.05,Moderate Risk
18,Female,Urban,Bulawayo,Secondary,Formal,5,1,1,1,1,4,Low,2.2,0,1,1,0,18.0,30.0,12.3,Low Risk
36,Female,Rural,Manicaland,Primary,Informal,2,1,1,0,1,3,Low,1.1,0,1,0,20,56.0,30.0,34.6,Moderate Risk
18,Male,Rural,Masvingo,Tertiary,Formal,4,1,1,0,1,3,Low,36.7,0,0,0,20,28.0,100.0,38.8,Moderate Risk
33,Female,Urban,Matabeleland South,Secondary,Formal,5,1,1,0,1,3,Low,0.2,1,1,1,20,10.0,20.0,16.5,Low Risk
41,Female,Rural,Mashonaland East,Secondary,Informal,3,1,0,0,0,1,High,26.5,1,1,1,60,42.0,30.0,47.7,High Risk
39,Male,Urban,Harare,Primary,Informal,2,1,0,0,1,2,Medium,0.7,1,1,1,50,26.0,0.0,31.6,Moderate Risk
32,Female,Rural,Bulawayo,Tertiary,Informal,3,1,1,0,0,2,Medium,18.7,1,1,0,30,42.0,15.0,31.2,Moderate Risk
36,Female,Rural,Manicaland,Secondary,Informal,3,1,1,0,0,2,Medium,11.0,1,0,1,30,42.0,35.0,35.2,Moderate Risk
27,Female,Urban,Matabeleland South,Tertiary,Informal,4,1,1,0,1,3,Low,0.5,0,1,0,20,22.0,50.0,26.7,Moderate Risk
38,Female,Rural,Midlands,Secondary,Informal,1,1,0,0,1,2,Medium,11.6,0,1,1,50,57.0,45.0,51.45,High Risk
38,Female,Urban,Harare,Secondary,Formal,5,1,1,1,1,4,Low,2.9,0,1,0,0,10.0,30.0,9.5,Low Risk
25,Female,Rural,Midlands,Primary,Informal,2,0,1,0,1,2,Medium,1.0,0,1,1,60,56.0,30.0,52.6,High Risk
41,Female,Rural,Mashonaland Central,Secondary,Informal,1,1,1,1,1,4,Low,48.6,0,1,1,0,57.0,80.0,35.95,Moderate Risk
41,Female,Rural,Masvingo,Secondary,Informal,2,1,1,0,0,2,Medium,3.8,0,1,1,30,50.0,50.0,41.0,Moderate Risk
35,Female,Rural,Matabeleland North,None,Informal,1,1,1,1,0,3,Low,15.3,1,0,0,10,69.0,55.0,39.65,Moderate Risk
71,Female,Urban,Harare,Primary,Unemployed,2,1,1,1,0,3,Low,2.9,0,1,0,10,52.0,30.0,28.7,Moderate Risk
36,Female,Urban,Bulawayo,Tertiary,Formal,4,1,1,1,1,4,Low,0.7,1,1,0,0,10.0,0.0,3.5,Low Risk
34,Male,Urban,Bulawayo,Primary,Informal,3,1,1,0,1,3,Low,3.4,1,1,0,20,18.0,0.0,15.3,Low Risk
32,Male,Urban,Harare,Tertiary,Formal,5,0,1,1,1,3,Low,2.7,1,1,1,40,0.0,0.0,18.0,Low Risk
24,Female,Urban,Midlands,Secondary,Formal,5,1,1,1,1,4,Low,0.6,1,1,0,0,18.0,0.0,6.3,Low Risk
47,Male,Urban,Harare,Secondary,Informal,4,0,1,1,1,3,Low,1.4,0,0,0,40,12.0,50.0,32.2,Moderate Risk
28,Female,Urban,Harare,Secondary,Informal,3,1,1,0,1,3,Low,3.2,1,0,1,20,22.0,20.0,20.7,Low Risk
30,Female,Urban,Matabeleland South,Secondary,Informal,3,1,1,0,1,3,Low,10.6,1,1,0,20,22.0,35.0,23.7,Low Risk
30,Female,Rural,Mashonaland West,Secondary,Informal,3,1,1,0,1,3,Low,3.5,1,1,0,20,42.0,0.0,23.7,Low Risk
24,Male,Urban,Harare,Tertiary,Formal,5,1,1,0,1,3,Low,4.8,1,1,0,20,8.0,0.0,11.8,Low Risk
18,Female,Rural,Mashonaland East,Primary,Informal,1,1,0,0,1,2,Medium,7.0,1,0,1,50,71.0,25.0,52.35,High Risk
31,Male,Urban,Harare,Secondary,Informal,2,0,1,1,0,2,Medium,1.0,1,1,0,50,20.0,0.0,29.5,Moderate Risk
50,Female,Urban,Harare,Tertiary,Informal,3,1,0,0,0,1,High,0.2,1,0,0,60,22.0,20.0,38.7,Moderate Risk
40,Male,Urban,Harare,Primary,Informal,3,0,0,0,0,0,High,1.1,0,1,0,100,18.0,30.0,57.3,High Risk
59,Female,Urban,Bulawayo,Primary,Informal,4,0,1,0,1,2,Medium,1.9,1,1,1,60,28.0,0.0,36.8,Moderate Risk
48,Female,Urban,Bulawayo,Secondary,Informal,3,1,1,0,0,2,Medium,0.8,1,1,0,30,22.0,0.0,21.2,Low Risk
45,Female,Urban,Masvingo,Tertiary,Formal,5,0,1,1,1,3,Low,0.6,1,0,1,40,10.0,40.0,29.5,Moderate Risk
64,Female,Urban,Matabeleland North,Secondary,Informal,4,1,1,0,1,3,Low,2.6,1,1,0,20,22.0,20.0,20.7,Low Risk
36,Male,Urban,Harare,Primary,Informal,2,1,1,0,0,2,Medium,1.7,1,1,1,30,26.0,0.0,22.6,Low Risk
38,Male,Rural,Midlands,Tertiary,Formal,4,1,0,1,1,3,Low,14.6,0,1,0,30,20.0,45.0,29.5,Moderate Risk
37,Male,Urban,Masvingo,Tertiary,Formal,5,1,1,1,0,3,Low,0.8,1,1,0,10,0.0,20.0,8.5,Low Risk
59,Female,Rural,Midlands,Secondary,Formal,2,1,1,0,1,3,Low,9.7,1,0,0,20,38.0,25.0,27.3,Moderate Risk
38,Female,Urban,Manicaland,Secondary,Informal,5,0,1,0,1,2,Medium,0.1,1,1,0,60,22.0,0.0,34.7,Moderate Risk
28,Male,Rural,Mashonaland Central,Tertiary,Formal,4,0,0,1,1,2,Medium,18.5,1,1,1,70,20.0,35.0,45.5,High Risk
46,Male,Rural,Mashonaland Central,Secondary,Unemployed,1,1,1,0,0,2,Medium,17.3,0,0,1,30,55.0,85.0,49.75,High Risk
26,Male,Rural,Midlands,Secondary,Unemployed,2,1,1,0,0,2,Medium,6.4,0,0,0,30,48.0,55.0,41.3,Moderate Risk
45,Female,Rural,Mashonaland West,Secondary,Unemployed,2,1,0,0,0,1,High,4.3,0,1,1,60,58.0,30.0,53.3,High Risk
43,Male,Urban,Masvingo,Secondary,Formal,5,1,1,1,1,4,Low,0.8,1,1,0,0,0.0,20.0,4.0,Low Risk
35,Male,Urban,Manicaland,Tertiary,Informal,4,1,1,0,1,3,Low,0.2,0,1,0,20,12.0,30.0,19.2,Low Risk
45,Male,Urban,Harare,Secondary,Unemployed,5,1,1,0,0,2,Medium,2.4,1,1,0,30,20.0,0.0,20.5,Low Risk
18,Male,Rural,Mashonaland East,Primary,Informal,2,1,1,0,0,2,Medium,1.0,0,1,0,30,54.0,30.0,38.4,Moderate Risk
40,Male,Rural,Midlands,Secondary,Informal,5,0,0,1,1,2,Medium,13.2,1,0,1,70,32.0,35.0,49.7,High Risk
31,Male,Urban,Harare,Tertiary,Informal,5,1,0,0,0,1,High,1.4,1,1,0,60,12.0,0.0,31.2,Moderate Risk
78,Female,Rural,Matabeleland North,Primary,Informal,1,1,1,0,1,3,Low,9.1,0,0,1,20,71.0,75.0,48.85,High Risk
40,Female,Urban,Midlands,Tertiary,Informal,4,1,1,0,0,2,Medium,5.3,1,1,0,30,22.0,5.0,22.2,Low Risk
29,Male,Rural,Manicaland,None,Unemployed,1,0,1,0,0,1,High,1.0,0,1,1,70,67.0,30.0,60.95,High Risk
18,Female,Rural,Mashonaland East,Secondary,Unemployed,2,1,0,0,0,1,High,4.9,1,1,1,60,66.0,0.0,50.1,High Risk
56,Female,Urban,Bulawayo,Tertiary,Informal,4,1,1,1,1,4,Low,3.0,1,1,0,0,22.0,0.0,7.7,Low Risk
33,Female,Rural,Midlands,Secondary,Informal,2,0,1,1,0,2,Medium,2.8,1,1,0,50,50.0,0.0,40.0,Moderate Risk
26,Female,Rural,Mashonaland West,Secondary,Informal,1,1,1,0,0,2,Medium,19.4,1,0,0,30,57.0,35.0,40.45,Moderate Risk
42,Male,Urban,Harare,Secondary,Informal,4,0,1,1,1,3,Low,2.2,1,1,0,40,12.0,0.0,22.2,Low Risk
47,Female,Urban,Harare,Secondary,Informal,4,1,0,0,0,1,High,2.7,1,1,1,60,22.0,0.0,34.7,Moderate Risk
46,Female,Urban,Harare,Secondary,Informal,2,1,1,0,1,3,Low,4.6,1,1,0,20,30.0,0.0,19.5,Low Risk
38,Female,Rural,Mashonaland East,Primary,Informal,2,0,1,0,1,2,Medium,37.7,0,1,1,60,56.0,60.0,58.6,High Risk
40,Male,Urban,Harare,Secondary,Informal,4,1,1,0,1,3,Low,2.7,1,1,0,20,12.0,0.0,13.2,Low Risk
41,Male,Rural,Midlands,Secondary,Unemployed,2,0,0,0,0,0,High,79.9,1,0,1,100,48.0,50.0,71.8,Critical Risk
42,Male,Rural,Bulawayo,Secondary,Unemployed,1,1,0,1,0,2,Medium,14.9,1,0,1,40,55.0,35.0,44.25,Moderate Risk
43,Female,Urban,Mashonaland West,Secondary,Formal,5,1,1,0,1,3,Low,2.0,1,1,0,20,10.0,0.0,12.5,Low Risk
53,Female,Urban,Matabeleland North,Secondary,Informal,3,1,1,0,1,3,Low,6.2,1,0,0,20,22.0,45.0,25.7,Moderate Risk
38,Male,Rural,Masvingo,Primary,Informal,2,1,1,0,1,3,Low,6.6,1,0,0,20,46.0,45.0,34.1,Moderate Risk
26,Female,Rural,Masvingo,Primary,Informal,1,0,1,0,0,1,High,24.6,0,0,0,70,63.0,100.0,73.55,Critical Risk
35,Male,Urban,Harare,Secondary,Formal,1,1,0,1,1,3,Low,7.0,1,1,1,30,15.0,5.0,19.75,Low Risk
48,Male,Urban,Bulawayo,Primary,Informal,2,1,0,0,0,1,High,0.9,1,0,0,60,26.0,20.0,40.1,Moderate Risk
18,Female,Urban,Harare,Tertiary,Informal,4,1,1,0,0,2,Medium,0.1,1,1,0,30,30.0,0.0,24.0,Low Risk
18,Female,Rural,Mashonaland Central,None,Informal,1,0,1,1,0,2,Medium,22.0,1,0,1,50,77.0,70.0,63.45,High Risk
50,Female,Urban,Bulawayo,Tertiary,Unemployed,4,1,1,1,0,3,Low,1.0,1,1,0,10,30.0,0.0,15.0,Low Risk
59,Female,Rural,Harare,Primary,Unemployed,2,1,0,0,0,1,High,24.2,0,0,0,60,64.0,80.0,65.4,Critical Risk
20,Female,Urban,Harare,Tertiary,Informal,4,0,1,0,1,2,Medium,1.5,1,1,0,60,30.0,0.0,37.5,Moderate Risk
39,Female,Rural,Matabeleland North,Secondary,Unemployed,1,1,1,0,0,2,Medium,17.0,1,0,1,30,65.0,55.0,47.25,High Risk
32,Male,Urban,Bulawayo,Tertiary,Informal,2,1,1,1,1,4,Low,1.1,0,1,0,0,20.0,30.0,13.0,Low Risk
34,Female,Urban,Harare,Tertiary,Unemployed,2,1,1,0,0,2,Medium,4.8,1,1,0,30,38.0,0.0,26.8,Moderate Risk
42,Female,Rural,Harare,Secondary,Unemployed,1,1,1,0,0,2,Medium,82.1,0,0,1,30,65.0,80.0,52.25,High Risk
19,Male,Rural,Mashonaland East,Primary,Informal,2,0,0,0,1,1,High,10.9,1,1,1,90,54.0,15.0,62.4,High Risk
22,Male,Urban,Bulawayo,Secondary,Formal,5,1,1,1,1,4,Low,0.1,1,1,0,0,8.0,0.0,2.8,Low Risk
33,Male,Urban,Bulawayo,Secondary,Formal,5,1,1,1,1,4,Low,0.4,1,1,0,0,0.0,0.0,0.0,Low Risk
35,Male,Urban,Harare,Tertiary,Informal,3,0,0,0,1,1,High,2.1,1,0,1,90,12.0,20.0,48.7,High Risk
22,Female,Urban,Bulawayo,Tertiary,Informal,3,1,1,0,1,3,Low,4.1,0,1,0,20,30.0,30.0,25.5,Moderate Risk
49,Male,Urban,Midlands,Secondary,Informal,4,1,1,1,1,4,Low,5.1,1,1,0,0,12.0,5.0,5.2,Low Risk
32,Female,Rural,Masvingo,Secondary,Unemployed,2,1,1,1,0,3,Low,3.5,0,0,1,10,58.0,70.0,38.8,Moderate Risk
32,Male,Urban,Bulawayo,Secondary,Informal,4,1,1,0,1,3,Low,1.3,0,1,0,20,12.0,30.0,19.2,Low Risk
41,Male,Rural,Masvingo,Secondary,Informal,1,1,1,0,0,2,Medium,12.2,1,0,0,30,47.0,55.0,40.95,Moderate Risk
36,Male,Urban,Masvingo,Secondary,Formal,5,1,1,1,1,4,Low,4.5,1,1,0,0,0.0,20.0,4.0,Low Risk
49,Male,Urban,Matabeleland South,Secondary,Informal,3,1,1,0,0,2,Medium,3.9,1,1,0,30,12.0,20.0,21.7,Low Risk
24,Female,Rural,Manicaland,Secondary,Informal,2,1,0,0,1,2,Medium,1.0,1,1,1,50,58.0,0.0,42.8,Moderate Risk
18,Male,Urban,Harare,Secondary,Unemployed,4,1,1,0,0,2,Medium,1.6,1,1,1,30,28.0,0.0,23.3,Low Risk
33,Male,Rural,Manicaland,Secondary,Unemployed,1,1,1,1,0,3,Low,3.7,0,1,1,10,55.0,30.0,29.75,Moderate Risk
38,Male,Urban,Mashonaland Central,Secondary,Informal,4,0,1,0,1,2,Medium,0.5,1,1,1,60,12.0,20.0,35.2,Moderate Risk
20,Male,Rural,Manicaland,Primary,Informal,1,1,0,1,0,2,Medium,1.0,1,0,1,40,61.0,20.0,43.35,Moderate Risk
18,Female,Rural,Midlands,Secondary,Unemployed,1,0,1,0,0,1,High,28.1,0,0,1,70,73.0,80.0,73.05,Critical Risk
40,Female,Rural,Bulawayo,None,Unemployed,1,1,1,1,0,3,Low,11.9,1,0,1,10,77.0,35.0,38.45,Moderate Risk
27,Male,Urban,Bulawayo,Secondary,Informal,3,1,1,1,0,3,Low,6.7,1,1,0,10,12.0,5.0,9.7,Low Risk
18,Female,Urban,Harare,Tertiary,Unemployed,4,1,1,0,0,2,Medium,6.8,1,1,0,30,38.0,5.0,27.8,Moderate Risk
51,Male,Urban,Bulawayo,Primary,Informal,4,1,1,0,1,3,Low,4.0,0,1,0,20,18.0,30.0,21.3,Low Risk
29,Female,Urban,Harare,Primary,Formal,4,1,1,1,1,4,Low,1.4,1,1,0,0,16.0,0.0,5.6,Low Risk
54,Female,Urban,Mashonaland Central,Secondary,Informal,3,1,0,0,1,2,Medium,13.1,1,1,0,50,22.0,35.0,37.2,Moderate Risk
38,Male,Urban,Bulawayo,Secondary,Informal,3,1,1,0,1,3,Low,0.9,1,1,0,20,12.0,0.0,13.2,Low Risk
42,Female,Urban,Harare,Secondary,Unemployed,3,1,1,0,0,2,Medium,0.2,1,1,0,30,30.0,0.0,24.0,Low Risk
35,Female,Urban,Manicaland,Secondary,Formal,4,1,1,1,1,4,Low,9.1,1,1,0,0,10.0,5.0,4.5,Low Risk
18,Male,Urban,Matabeleland North,Secondary,Informal,1,1,1,0,1,3,Low,1.3,1,1,0,20,35.0,20.0,25.25,Moderate Risk
22,Female,Urban,Mashonaland East,Tertiary,Informal,3,0,0,0,1,1,High,0.8,1,0,1,90,30.0,20.0,55.0,High Risk
36,Female,Urban,Manicaland,Secondary,Unemployed,3,1,1,0,0,2,Medium,0.9,1,1,0,30,30.0,0.0,24.0,Low Risk
43,Male,Rural,Mashonaland West,Secondary,Informal,2,1,1,0,0,2,Medium,33.2,0,0,0,30,40.0,80.0,43.5,Moderate Risk
18,Female,Urban,Matabeleland North,Secondary,Formal,5,1,1,1,1,4,Low,0.3,1,1,0,0,18.0,20.0,10.3,Low Risk
37,Female,Urban,Bulawayo,Secondary,Unemployed,4,1,1,0,0,2,Medium,4.1,1,1,0,30,30.0,0.0,24.0,Low Risk
22,Female,Urban,Matabeleland South,Secondary,Informal,3,1,1,0,1,3,Low,1.1,1,1,0,20,30.0,20.0,23.5,Low Risk
41,Female,Rural,Matabeleland South,Secondary,Unemployed,1,1,1,0,0,2,Medium,9.9,1,0,1,30,65.0,45.0,45.25,High Risk
37,Female,Urban,Harare,Tertiary,Informal,4,0,1,0,1,2,Medium,4.4,0,0,1,60,22.0,50.0,44.7,Moderate Risk
48,Female,Rural,Manicaland,None,Informal,1,0,1,1,0,2,Medium,2.8,1,0,1,50,69.0,20.0,50.65,High Risk
52,Female,Rural,Matabeleland South,Secondary,Unemployed,1,1,1,0,0,2,Medium,3.5,1,0,1,30,65.0,40.0,44.25,Moderate Risk
44,Male,Urban,Bulawayo,Secondary,Informal,4,1,1,1,0,3,Low,0.6,1,1,0,10,12.0,0.0,8.7,Low Risk
50,Male,Rural,Masvingo,None,Unemployed,1,1,1,1,0,3,Low,9.8,1,1,1,10,67.0,25.0,32.95,Moderate Risk
33,Female,Rural,Midlands,Secondary,Informal,2,1,1,0,0,2,Medium,4.2,1,0,1,30,50.0,20.0,35.0,Moderate Risk
77,Female,Urban,Bulawayo,Secondary,Informal,4,0,1,0,0,1,High,0.1,1,1,0,70,30.0,0.0,42.0,Moderate Risk
20,Male,Urban,Harare,Tertiary,Formal,5,1,1,1,1,4,Low,1.2,1,1,0,0,8.0,0.0,2.8,Low Risk
30,Female,Rural,Masvingo,Secondary,Formal,3,1,1,1,1,4,Low,34.0,0,1,1,0,30.0,80.0,26.5,Moderate Risk
50,Female,Rural,Bulawayo,Primary,Unemployed,1,1,0,0,0,1,High,27.2,1,1,1,60,71.0,30.0,57.85,High Risk
48,Female,Urban,Bulawayo,Tertiary,Formal,5,1,1,1,1,4,Low,4.0,1,0,0,0,10.0,20.0,7.5,Low Risk
44,Male,Urban,Matabeleland North,Secondary,Formal,4,1,1,1,1,4,Low,3.3,1,1,0,0,0.0,20.0,4.0,Low Risk
47,Female,Rural,Harare,Secondary,Unemployed,1,1,1,1,0,3,Low,1.4,1,0,0,10,65.0,20.0,31.25,Moderate Risk
18,Male,Urban,Mashonaland West,Tertiary,Informal,4,1,0,0,0,1,High,0.5,1,1,0,60,20.0,0.0,34.0,Moderate Risk
60,Male,Rural,Matabeleland South,Secondary,Informal,2,1,1,0,1,3,Low,19.9,1,1,0,20,40.0,35.0,30.0,Moderate Risk
35,Female,Urban,Harare,Secondary,Unemployed,3,1,1,0,0,2,Medium,1.3,0,1,0,30,30.0,30.0,30.0,Moderate Risk
55,Female,Rural,Midlands,Secondary,Informal,4,0,0,1,0,1,High,3.3,1,1,1,80,42.0,0.0,50.7,High Risk
18,Male,Rural,Matabeleland South,Secondary,Formal,5,1,1,1,1,4,Low,14.3,1,1,0,0,28.0,35.0,16.8,Low Risk
41,Female,Rural,Mashonaland West,Secondary,Informal,2,1,0,1,0,2,Medium,2.1,1,1,0,40,50.0,0.0,35.5,Moderate Risk
30,Female,Rural,Mashonaland Central,Secondary,Informal,2,1,1,0,1,3,Low,109.2,1,1,1,20,50.0,50.0,36.5,Moderate Risk
46,Male,Rural,Mashonaland East,Secondary,Informal,3,1,1,0,0,2,Medium,3.2,1,0,0,30,32.0,20.0,28.7,Moderate Risk
42,Male,Rural,Masvingo,Secondary,Informal,1,1,1,1,0,3,Low,5.5,1,0,0,10,47.0,45.0,29.95,Moderate Risk
43,Female,Rural,Mashonaland Central,Secondary,Informal,1,1,0,0,1,2,Medium,101.7,0,0,1,50,57.0,100.0,62.45,High Risk
23,Female,Urban,Harare,Secondary,Formal,5,1,1,1,1,4,Low,2.3,0,1,0,0,18.0,30.0,12.3,Low Risk
37,Male,Rural,Midlands,Primary,Informal,2,1,1,0,0,2,Medium,24.6,1,0,0,30,46.0,50.0,39.6,Moderate Risk
35,Female,Urban,Manicaland,Secondary,Unemployed,3,1,1,0,0,2,Medium,4.2,0,0,0,30,30.0,50.0,34.0,Moderate Risk
44,Female,Rural,Matabeleland North,Secondary,Informal,3,1,1,0,0,2,Medium,100.5,1,0,0,30,42.0,70.0,42.2,Moderate Risk
51,Female,Rural,Midlands,Secondary,Informal,1,0,1,1,1,3,Low,3.4,1,1,1,40,57.0,0.0,37.95,Moderate Risk
40,Female,Urban,Harare,Tertiary,Unemployed,2,0,1,0,0,1,High,0.5,1,1,1,70,38.0,0.0,44.8,Moderate Risk
20,Male,Urban,Harare,Tertiary,Formal,5,1,1,0,1,3,Low,2.4,1,1,0,20,8.0,0.0,11.8,Low Risk
39,Male,Urban,Bulawayo,Secondary,Unemployed,4,1,0,0,0,1,High,0.8,1,1,1,60,20.0,0.0,34.0,Moderate Risk
74,Male,Rural,Mashonaland West,Secondary,Unemployed,1,1,0,0,0,1,High,10.3,0,1,1,60,63.0,45.0,58.05,High Risk
61,Female,Urban,Harare,Tertiary,Informal,2,1,1,0,1,3,Low,1.3,1,1,0,20,30.0,0.0,19.5,Low Risk
18,Female,Urban,Mashonaland East,Secondary,Formal,5,1,1,1,1,4,Low,1.7,1,1,0,0,18.0,0.0,6.3,Low Risk
38,Female,Rural,Manicaland,None,Informal,1,0,1,0,1,2,Medium,94.3,0,0,1,60,69.0,80.0,67.15,Critical Risk
51,Male,Rural,Masvingo,None,Informal,1,0,0,0,0,0,High,1.0,1,0,1,100,59.0,40.0,73.65,Critical Risk
35,Female,Urban,Bulawayo,Secondary,Formal,5,1,1,1,1,4,Low,1.3,1,1,0,0,10.0,0.0,3.5,Low Risk
31,Male,Urban,Bulawayo,Secondary,Informal,3,1,1,0,1,3,Low,3.2,1,1,0,20,12.0,0.0,13.2,Low Risk
34,Male,Rural,Mashonaland East,Primary,Informal,3,1,1,1,1,4,Low,5.3,0,1,1,0,38.0,35.0,20.3,Low Risk
45,Male,Rural,Bulawayo,Secondary,Unemployed,2,0,0,0,0,0,High,7.6,0,0,1,100,48.0,55.0,72.8,Critical Risk
21,Female,Rural,Midlands,Secondary,Informal,3,1,0,1,0,2,Medium,15.7,1,0,1,40,50.0,35.0,42.5,Moderate Risk
54,Male,Urban,Matabeleland North,Tertiary,Informal,4,0,1,0,1,2,Medium,0.1,1,1,0,60,12.0,20.0,35.2,Moderate Risk
37,Female,Urban,Bulawayo,Tertiary,Formal,5,1,1,0,1,3,Low,2.5,1,1,0,20,10.0,0.0,12.5,Low Risk
24,Female,Urban,Harare,Tertiary,Formal,5,1,1,0,1,3,Low,9.4,1,1,0,20,18.0,5.0,16.3,Low Risk
53,Female,Rural,Masvingo,Secondary,Unemployed,3,1,0,0,0,1,High,20.8,0,0,0,60,50.0,100.0,64.5,High Risk
18,Male,Urban,Harare,Tertiary,Informal,4,1,1,0,1,3,Low,6.7,0,1,1,20,20.0,35.0,23.0,Low Risk
30,Female,Urban,Harare,Secondary,Formal,4,0,1,1,1,3,Low,4.8,1,1,0,40,10.0,0.0,21.5,Low Risk
29,Female,Rural,Mashonaland Central,Secondary,Informal,1,1,1,0,0,2,Medium,1.0,1,1,0,30,57.0,20.0,37.45,Moderate Risk
68,Male,Rural,Mashonaland Central,Secondary,Informal,1,0,0,1,1,2,Medium,15.7,1,0,1,70,55.0,55.0,61.75,High Risk
28,Female,Rural,Mashonaland East,Secondary,Unemployed,3,1,1,0,0,2,Medium,9.2,0,0,0,30,50.0,55.0,42.0,Moderate Risk
18,Female,Urban,Harare,Secondary,Formal,4,1,1,1,1,4,Low,3.4,1,1,0,0,18.0,0.0,6.3,Low Risk
29,Male,Urban,Mashonaland West,Secondary,Informal,4,1,1,0,0,2,Medium,2.0,1,1,0,30,12.0,0.0,17.7,Low Risk
44,Female,Urban,Bulawayo,Secondary,Formal,5,1,1,1,1,4,Low,7.2,1,0,0,0,10.0,25.0,8.5,Low Risk
48,Male,Urban,Harare,Primary,Informal,3,1,1,0,0,2,Medium,11.7,1,0,0,30,18.0,35.0,26.8,Moderate Risk
69,Male,Urban,Harare,Primary,Informal,2,0,1,0,0,1,High,3.4,1,0,1,70,34.0,20.0,47.4,High Risk
57,Female,Urban,Masvingo,Secondary,Formal,5,1,0,1,1,3,Low,1.6,0,1,0,30,10.0,50.0,27.0,Moderate Risk
40,Male,Rural,Manicaland,None,Informal,1,1,0,0,1,2,Medium,24.4,0,0,1,50,59.0,80.0,59.15,High Risk
25,Male,Rural,Mashonaland Central,Secondary,Informal,1,1,1,1,0,3,Low,8.2,1,1,0,10,47.0,25.0,25.95,Moderate Risk
60,Male,Rural,Masvingo,Secondary,Informal,1,1,1,0,1,3,Low,7.8,0,0,1,20,47.0,75.0,40.45,Moderate Risk
32,Male,Urban,Manicaland,Tertiary,Unemployed,2,1,1,0,0,2,Medium,16.7,1,0,0,30,28.0,35.0,30.3,Moderate Risk
28,Male,Urban,Mashonaland East,Secondary,Formal,5,1,1,1,1,4,Low,1.0,1,1,0,0,0.0,0.0,0.0,Low Risk
32,Female,Urban,Harare,Secondary,Unemployed,4,1,1,0,0,2,Medium,4.4,1,1,0,30,30.0,0.0,24.0,Low Risk
20,Male,Urban,Harare,Secondary,Informal,4,1,1,0,1,3,Low,3.3,0,1,0,20,20.0,30.0,22.0,Low Risk
31,Male,Urban,Harare,Tertiary,Formal,5,0,1,0,1,2,Medium,2.0,1,0,1,60,0.0,20.0,31.0,Moderate Risk
34,Female,Urban,Bulawayo,Primary,Formal,4,0,1,1,1,3,Low,9.6,1,1,1,40,16.0,5.0,24.6,Low Risk
48,Female,Rural,Mashonaland East,Secondary,Informal,1,1,0,0,0,1,High,51.1,1,0,1,60,57.0,50.0,56.95,High Risk
32,Male,Urban,Harare,Secondary,Informal,2,1,1,0,1,3,Low,0.3,1,1,0,20,20.0,0.0,16.0,Low Risk
20,Male,Rural,Harare,Primary,Informal,1,0,1,0,0,1,High,22.4,1,0,0,70,61.0,50.0,62.85,High Risk
18,Male,Urban,Matabeleland South,None,Informal,4,1,1,0,0,2,Medium,9.4,1,0,0,30,32.0,45.0,33.7,Moderate Risk
40,Male,Urban,Harare,Secondary,Formal,5,1,1,1,1,4,Low,0.1,1,1,0,0,0.0,0.0,0.0,Low Risk
39,Male,Urban,Harare,Primary,Informal,2,1,1,0,1,3,Low,4.6,1,1,0,20,26.0,0.0,18.1,Low Risk
30,Female,Urban,Matabeleland North,Tertiary,Unemployed,1,1,0,1,0,2,Medium,2.9,1,1,1,40,45.0,20.0,37.75,Moderate Risk
31,Female,Urban,Manicaland,Primary,Informal,2,1,0,0,1,2,Medium,2.3,1,1,0,50,36.0,0.0,35.1,Moderate Risk
43,Male,Rural,Masvingo,Primary,Unemployed,2,1,1,0,0,2,Medium,42.9,1,0,0,30,54.0,70.0,46.4,High Risk
57,Female,Urban,Bulawayo,None,Informal,3,0,0,0,1,1,High,0.7,1,1,1,90,34.0,0.0,52.4,High Risk
27,Male,Urban,Harare,Tertiary,Informal,4,1,0,1,0,2,Medium,1.2,1,0,0,40,12.0,20.0,26.2,Moderate Risk
39,Male,Rural,Matabeleland South,Secondary,Informal,1,1,1,0,0,2,Medium,48.7,0,0,0,30,47.0,100.0,49.95,High Risk
51,Male,Urban,Harare,Secondary,Formal,4,1,1,1,1,4,Low,2.4,1,1,0,0,0.0,0.0,0.0,Low Risk
27,Male,Rural,Midlands,Secondary,Informal,1,1,0,0,0,1,High,25.9,1,0,1,60,47.0,50.0,53.45,High Risk
37,Female,Urban,Harare,Tertiary,Informal,5,1,1,0,0,2,Medium,0.2,1,1,0,30,22.0,0.0,21.2,Low Risk
37,Male,Rural,Masvingo,Primary,Unemployed,3,1,0,0,0,1,High,14.3,1,1,0,60,46.0,35.0,50.1,High Risk
19,Female,Urban,Bulawayo,Tertiary,Informal,3,0,1,0,0,1,High,1.1,1,1,0,70,30.0,0.0,42.0,Moderate Risk
40,Male,Urban,Harare,Tertiary,Formal,4,1,1,1,0,3,Low,1.0,1,1,0,10,0.0,0.0,4.5,Low Risk
38,Female,Rural,Mashonaland East,None,Formal,3,1,1,1,1,4,Low,12.1,0,0,1,0,42.0,65.0,27.7,Moderate Risk
45,Female,Rural,Matabeleland South,Primary,Informal,1,1,1,0,0,2,Medium,42.7,1,1,0,30,63.0,50.0,45.55,High Risk
21,Male,Urban,Harare,Secondary,Informal,4,1,1,0,1,3,Low,2.2,1,1,0,20,20.0,0.0,16.0,Low Risk
38,Male,Rural,Midlands,None,Informal,2,1,1,1,1,4,Low,2.3,0,0,1,0,52.0,50.0,28.2,Moderate Risk
57,Female,Urban,Harare,Secondary,Formal,4,1,1,1,1,4,Low,3.3,1,1,0,0,10.0,0.0,3.5,Low Risk
67,Female,Urban,Bulawayo,Secondary,Informal,4,1,0,0,1,2,Medium,2.9,1,1,0,50,30.0,0.0,33.0,Moderate Risk
55,Male,Urban,Bulawayo,Secondary,Formal,5,1,1,1,1,4,Low,0.2,1,1,0,0,0.0,0.0,0.0,Low Risk
21,Female,Rural,Mashonaland West,Secondary,Informal,3,1,1,0,0,2,Medium,19.0,1,1,0,30,50.0,15.0,34.0,Moderate Risk
44,Male,Urban,Bulawayo,Secondary,Informal,3,1,0,0,1,2,Medium,0.2,1,1,0,50,12.0,0.0,26.7,Moderate Risk
31,Male,Rural,Matabeleland South,Secondary,Informal,3,1,0,0,0,1,High,36.4,1,0,0,60,32.0,70.0,52.2,High Risk
41,Female,Urban,Bulawayo,Secondary,Informal,1,1,1,0,1,3,Low,4.4,1,1,0,20,37.0,0.0,21.95,Low Risk
27,Male,Rural,Masvingo,Secondary,Informal,3,0,1,0,1,2,Medium,53.8,1,0,0,60,32.0,70.0,52.2,High Risk
18,Male,Rural,Masvingo,Secondary,Informal,1,1,1,0,1,3,Low,49.6,0,1,1,20,55.0,80.0,44.25,Moderate Risk
33,Male,Urban,Harare,Tertiary,Unemployed,4,1,1,1,0,3,Low,0.4,1,1,0,10,20.0,0.0,11.5,Low Risk
48,Male,Urban,Harare,Secondary,Informal,4,1,1,0,0,2,Medium,0.5,1,1,0,30,12.0,0.0,17.7,Low Risk
42,Male,Urban,Harare,Secondary,Formal,4,1,1,0,1,3,Low,0.2,1,1,0,20,0.0,0.0,9.0,Low Risk
43,Male,Rural,Masvingo,Secondary,Informal,1,0,1,0,1,2,Medium,21.8,0,0,1,60,47.0,100.0,63.45,High Risk
41,Female,Urban,Matabeleland North,Secondary,Formal,5,1,1,1,0,3,Low,3.7,1,1,0,10,10.0,20.0,12.0,Low Risk
43,Female,Urban,Harare,Secondary,Unemployed,3,1,1,0,0,2,Medium,5.9,1,1,1,30,30.0,5.0,25.0,Low Risk
45,Male,Urban,Bulawayo,Primary,Informal,2,1,0,1,0,2,Medium,4.4,1,1,1,40,26.0,0.0,27.1,Moderate Risk
34,Male,Rural,Mashonaland Central,Secondary,Informal,2,0,1,0,1,2,Medium,17.3,1,1,1,60,40.0,35.0,48.0,High Risk
39,Female,Urban,Bulawayo,Tertiary,Formal,5,1,1,1,1,4,Low,7.7,1,1,0,0,10.0,5.0,4.5,Low Risk
62,Male,Urban,Mashonaland Central,Tertiary,Unemployed,4,1,1,0,0,2,Medium,0.1,1,1,0,30,20.0,20.0,24.5,Low Risk
39,Male,Rural,Matabeleland North,Secondary,Unemployed,1,1,0,0,0,1,High,57.4,1,0,1,60,55.0,70.0,60.25,High Risk
38,Female,Urban,Manicaland,None,Informal,1,1,0,1,1,3,Low,6.5,0,0,0,30,49.0,55.0,41.65,Moderate Risk
39,Male,Rural,Matabeleland South,Secondary,Informal,2,1,1,1,0,3,Low,58.7,1,0,1,10,40.0,70.0,32.5,Moderate Risk
34,Female,Urban,Harare,Secondary,Informal,3,1,1,0,1,3,Low,6.2,0,1,0,20,22.0,35.0,23.7,Low Risk
31,Female,Urban,Bulawayo,Tertiary,Informal,4,1,1,0,0,2,Medium,0.9,0,1,0,30,22.0,30.0,27.2,Moderate Risk
40,Female,Rural,Mashonaland Central,Secondary,Informal,1,1,1,0,0,2,Medium,18.0,1,1,1,30,57.0,35.0,40.45,Moderate Risk
30,Male,Rural,Midlands,Secondary,Informal,2,1,0,1,0,2,Medium,46.2,0,1,0,40,40.0,60.0,44.0,Moderate Risk
35,Male,Rural,Matabeleland South,Secondary,Informal,1,1,1,0,0,2,Medium,28.8,1,0,0,30,47.0,70.0,43.95,Moderate Risk
26,Male,Urban,Harare,Secondary,Informal,3,1,0,1,1,3,Low,0.8,1,1,0,30,12.0,0.0,17.7,Low Risk
39,Female,Urban,Harare,Secondary,Informal,3,1,1,1,1,4,Low,3.0,1,1,0,0,22.0,0.0,7.7,Low Risk
46,Female,Urban,Bulawayo,Secondary,Informal,3,1,1,0,0,2,Medium,10.7,1,1,0,30,22.0,15.0,24.2,Low Risk
35,Female,Urban,Midlands,Secondary,Formal,5,1,1,1,1,4,Low,4.2,1,1,0,0,10.0,0.0,3.5,Low Risk
18,Male,Urban,Harare,Primary,Informal,2,1,1,0,1,3,Low,4.3,1,1,0,20,34.0,0.0,20.9,Low Risk
46,Female,Urban,Bulawayo,Tertiary,Informal,2,1,1,0,1,3,Low,12.9,0,1,1,20,30.0,45.0,28.5,Moderate Risk
39,Female,Urban,Harare,Secondary,Informal,3,1,1,0,0,2,Medium,2.5,1,1,0,30,22.0,0.0,21.2,Low Risk
24,Female,Urban,Bulawayo,Tertiary,Unemployed,2,0,1,0,0,1,High,0.7,0,0,1,70,46.0,50.0,57.6,High Risk
48,Female,Urban,Bulawayo,Secondary,Informal,1,1,1,0,1,3,Low,1.7,1,1,0,20,37.0,0.0,21.95,Low Risk
18,Male,Urban,Harare,Tertiary,Informal,5,1,1,1,0,3,Low,2.6,1,1,0,10,20.0,0.0,11.5,Low Risk
52,Male,Rural,Matabeleland South,Secondary,Informal,3,1,0,1,1,3,Low,2.6,1,0,0,30,32.0,40.0,32.7,Moderate Risk
37,Female,Rural,Manicaland,Secondary,Informal,3,0,1,0,1,2,Medium,20.7,0,1,1,60,42.0,60.0,53.7,High Risk
18,Male,Urban,Mashonaland East,Secondary,Unemployed,3,1,1,0,0,2,Medium,1.0,1,0,1,30,28.0,20.0,27.3,Moderate Risk
40,Male,Rural,Mashonaland Central,Tertiary,Informal,3,1,1,0,1,3,Low,47.0,1,1,0,20,32.0,50.0,30.2,Moderate Risk
32,Male,Rural,Masvingo,Secondary,Unemployed,1,0,0,0,0,0,High,9.3,1,0,1,100,55.0,45.0,73.25,Critical Risk
30,Male,Urban,Harare,Tertiary,Informal,4,1,1,1,1,4,Low,1.6,1,1,0,0,12.0,0.0,4.2,Low Risk
27,Female,Urban,Bulawayo,Secondary,Informal,4,1,1,0,0,2,Medium,2.0,1,1,0,30,22.0,0.0,21.2,Low Risk
36,Male,Urban,Harare,Secondary,Formal,5,1,1,1,1,4,Low,1.4,1,1,0,0,0.0,0.0,0.0,Low Risk
31,Male,Urban,Bulawayo,Secondary,Formal,5,1,1,0,1,3,Low,1.0,1,1,0,20,0.0,0.0,9.0,Low Risk
18,Female,Rural,Harare,Secondary,Informal,3,1,1,1,0,3,Low,13.7,1,0,0,10,50.0,35.0,29.0,Moderate Risk
55,Female,Rural,Mashonaland East,Primary,Unemployed,1,1,1,0,0,2,Medium,12.8,0,0,0,30,71.0,65.0,51.35,High Risk
34,Male,Urban,Mashonaland West,Secondary,Informal,2,1,1,0,0,2,Medium,5.1,1,1,1,30,20.0,5.0,21.5,Low Risk
27,Male,Rural,Mashonaland West,Primary,Informal,2,1,1,0,1,3,Low,18.7,1,0,0,20,46.0,35.0,32.1,Moderate Risk
22,Male,Urban,Bulawayo,Tertiary,Informal,4,1,1,0,1,3,Low,6.7,1,1,0,20,20.0,5.0,17.0,Low Risk
48,Male,Rural,Masvingo,Secondary,Formal,4,0,1,1,1,3,Low,23.4,1,1,1,40,20.0,50.0,35.0,Moderate Risk
19,Male,Rural,Mashonaland West,Primary,Informal,1,0,1,0,1,2,Medium,37.1,1,0,0,60,61.0,50.0,58.35,High Risk
39,Male,Urban,Masvingo,Tertiary,Unemployed,2,1,1,0,0,2,Medium,0.4,1,1,0,30,28.0,20.0,27.3,Moderate Risk
29,Female,Urban,Harare,Secondary,Informal,4,1,1,0,1,3,Low,4.1,1,1,0,20,22.0,0.0,16.7,Low Risk
30,Female,Rural,Midlands,Secondary,Informal,1,0,1,0,0,1,High,33.9,1,0,1,70,57.0,50.0,61.45,High Risk
22,Female,Rural,Midlands,Secondary,Unemployed,1,1,0,0,0,1,High,37.6,1,0,1,60,73.0,50.0,62.55,High Risk
29,Male,Urban,Harare,Primary,Formal,4,1,1,1,1,4,Low,0.3,1,1,0,0,6.0,0.0,2.1,Low Risk
38,Male,Urban,Harare,Secondary,Unemployed,4,1,0,0,0,1,High,1.7,1,1,0,60,20.0,0.0,34.0,Moderate Risk
41,Female,Urban,Bulawayo,Tertiary,Informal,5,1,1,0,1,3,Low,13.8,0,0,0,20,22.0,65.0,29.7,Moderate Risk
27,Female,Rural,Matabeleland South,Secondary,Formal,3,1,1,0,1,3,Low,7.5,1,1,0,20,30.0,25.0,24.5,Low Risk
36,Female,Rural,Mashonaland Central,Secondary,Informal,2,0,1,1,1,3,Low,2.9,1,0,1,40,50.0,40.0,43.5,Moderate Risk
50,Male,Rural,Mashonaland Central,None,Formal,3,1,1,1,1,4,Low,55.3,1,0,1,0,32.0,70.0,25.2,Moderate Risk
18,Male,Rural,Manicaland,Secondary,Informal,2,0,1,0,0,1,High,3.2,1,0,0,70,48.0,20.0,52.3,High Risk
37,Female,Rural,Matabeleland South,Secondary,Informal,2,0,0,0,1,1,High,35.4,0,0,1,90,50.0,100.0,78.0,Critical Risk
24,Female,Rural,Matabeleland North,Secondary,Informal,2,1,1,1,0,3,Low,1.0,0,0,0,10,58.0,70.0,38.8,Moderate Risk
23,Male,Urban,Harare,Secondary,Informal,4,0,1,0,1,2,Medium,2.0,1,1,0,60,20.0,0.0,34.0,Moderate Risk
41,Female,Rural,Masvingo,Secondary,Informal,2,1,1,0,1,3,Low,5.1,0,0,0,20,50.0,75.0,41.5,Moderate Risk
30,Female,Urban,Mashonaland Central,Tertiary,Formal,5,0,1,1,1,3,Low,3.9,1,1,1,40,10.0,20.0,25.5,Moderate Risk
20,Female,Urban,Matabeleland South,Secondary,Informal,3,1,1,1,0,3,Low,1.8,1,1,0,10,30.0,20.0,19.0,Low Risk
56,Male,Rural,Mashonaland Central,Secondary,Informal,2,1,1,0,1,3,Low,6.4,0,0,1,20,40.0,75.0,38.0,Moderate Risk
50,Female,Rural,Mashonaland East,Secondary,Informal,2,0,0,0,0,0,High,19.3,1,1,1,100,50.0,15.0,65.5,Critical Risk
18,Female,Rural,Mashonaland East,Primary,Informal,2,0,1,0,0,1,High,77.5,1,0,0,70,64.0,50.0,63.9,High Risk
18,Male,Urban,Bulawayo,Secondary,Formal,5,0,1,1,1,3,Low,3.6,1,1,0,40,8.0,0.0,20.8,Low Risk
46,Female,Urban,Harare,Tertiary,Unemployed,4,1,1,1,0,3,Low,6.1,1,0,1,10,30.0,25.0,20.0,Low Risk
34,Female,Urban,Harare,Secondary,Informal,1,0,1,0,0,1,High,3.1,1,0,0,70,37.0,20.0,48.45,High Risk
59,Female,Urban,Mashonaland East,Primary,Formal,4,1,1,1,1,4,Low,1.5,1,1,0,0,16.0,0.0,5.6,Low Risk
46,Male,Urban,Bulawayo,Tertiary,Informal,4,1,1,0,1,3,Low,1.2,1,1,0,20,12.0,0.0,13.2,Low Risk
42,Female,Urban,Harare,Secondary,Informal,3,1,1,0,1,3,Low,4.3,1,1,0,20,22.0,0.0,16.7,Low Risk
23,Male,Urban,Harare,Tertiary,Formal,5,1,1,1,1,4,Low,0.3,1,1,0,0,8.0,0.0,2.8,Low Risk
44,Male,Rural,Manicaland,Secondary,Informal,1,1,1,0,1,3,Low,2.7,1,1,1,20,47.0,0.0,25.45,Moderate Risk
20,Male,Urban,Harare,Secondary,Informal,3,0,1,0,0,1,High,6.5,1,0,0,70,20.0,25.0,43.5,Moderate Risk
56,Male,Urban,Harare,Tertiary,Informal,4,1,1,1,1,4,Low,5.8,1,0,0,0,12.0,25.0,9.2,Low Risk
43,Male,Rural,Manicaland,None,Informal,2,1,1,1,1,4,Low,8.2,1,0,0,0,52.0,25.0,23.2,Low Risk
26,Female,Urban,Harare,Secondary,Formal,5,1,1,1,1,4,Low,1.8,1,1,0,0,10.0,0.0,3.5,Low Risk
49,Female,Rural,Midlands,Secondary,Informal,3,1,1,0,1,3,Low,3.4,0,1,0,20,42.0,30.0,29.7,Moderate Risk
69,Male,Rural,Midlands,Tertiary,Informal,1,1,0,0,1,2,Medium,10.0,0,1,1,50,55.0,35.0,48.75,High Risk
34,Female,Urban,Harare,Secondary,Informal,4,1,1,1,1,4,Low,0.7,1,1,0,0,22.0,0.0,7.7,Low Risk
45,Male,Rural,Matabeleland North,Tertiary,Informal,4,0,1,0,0,1,High,23.1,1,0,1,70,32.0,70.0,56.7,High Risk
31,Female,Rural,Manicaland,Secondary,Informal,3,0,0,0,1,1,High,34.9,1,1,1,90,42.0,30.0,61.2,High Risk
39,Female,Rural,Matabeleland South,Secondary,Informal,3,1,1,0,0,2,Medium,50.9,1,0,0,30,42.0,70.0,42.2,Moderate Risk
18,Female,Rural,Midlands,Secondary,Informal,1,1,1,0,0,2,Medium,44.6,0,0,1,30,65.0,80.0,52.25,High Risk
37,Female,Rural,Masvingo,Primary,Informal,2,0,1,1,1,3,Low,5.1,0,0,0,40,56.0,75.0,52.6,High Risk
38,Female,Rural,Masvingo,Secondary,Informal,1,1,0,1,0,2,Medium,5.9,0,0,1,40,57.0,75.0,52.95,High Risk
63,Male,Urban,Harare,Primary,Informal,4,1,1,0,1,3,Low,0.8,1,1,0,20,18.0,0.0,15.3,Low Risk
18,Male,Rural,Mashonaland Central,Secondary,Informal,3,1,1,1,0,3,Low,50.6,0,0,0,10,40.0,100.0,38.5,Moderate Risk
34,Male,Rural,Mashonaland West,Primary,Formal,3,1,0,1,1,3,Low,5.1,0,1,0,30,26.0,35.0,29.6,Moderate Risk
56,Male,Rural,Manicaland,Tertiary,Informal,1,1,0,0,0,1,High,4.8,0,1,1,60,47.0,30.0,49.45,High Risk
34,Male,Rural,Matabeleland North,Primary,Informal,3,1,0,0,1,2,Medium,1.0,0,0,0,50,38.0,70.0,49.8,High Risk
35,Male,Urban,Bulawayo,Secondary,Informal,4,1,1,0,1,3,Low,1.3,1,0,0,20,12.0,20.0,17.2,Low Risk
26,Female,Rural,Mashonaland Central,Primary,Informal,1,1,0,0,0,1,High,3.7,1,0,1,60,63.0,40.0,57.05,High Risk
24,Female,Rural,Masvingo,Primary,Informal,1,1,0,0,0,1,High,7.8,1,0,1,60,71.0,45.0,60.85,High Risk
18,Female,Urban,Mashonaland East,Secondary,Informal,1,1,1,0,1,3,Low,1.2,1,0,0,20,45.0,20.0,28.75,Moderate Risk
29,Female,Urban,Bulawayo,Tertiary,Informal,4,1,1,0,0,2,Medium,1.5,1,0,0,30,22.0,20.0,25.2,Moderate Risk
24,Male,Urban,Bulawayo,Secondary,Informal,3,1,1,0,0,2,Medium,5.5,1,1,0,30,20.0,5.0,21.5,Low Risk
39,Male,Urban,Mashonaland West,Secondary,Formal,5,1,1,1,1,4,Low,8.1,1,1,0,0,0.0,5.0,1.0,Low Risk
26,Female,Rural,Harare,Secondary,Informal,2,0,1,0,1,2,Medium,8.5,0,1,1,60,50.0,35.0,51.5,High Risk
31,Female,Urban,Bulawayo,None,Informal,1,1,1,0,0,2,Medium,0.5,1,1,0,30,49.0,0.0,30.65,Moderate Risk
31,Male,Urban,Harare,Tertiary,Informal,4,1,1,0,1,3,Low,2.5,1,1,0,20,12.0,0.0,13.2,Low Risk
37,Male,Rural,Mashonaland Central,None,Unemployed,1,1,0,0,0,1,High,8.3,0,0,1,60,67.0,75.0,65.45,Critical Risk
30,Male,Rural,Midlands,Secondary,Informal,2,1,1,1,1,4,Low,10.0,1,0,1,0,40.0,25.0,19.0,Low Risk
23,Male,Rural,Mashonaland West,Tertiary,Informal,2,1,0,0,1,2,Medium,10.7,1,1,0,50,48.0,15.0,42.3,Moderate Risk
39,Male,Rural,Mashonaland East,Secondary,Informal,2,1,1,0,0,2,Medium,35.9,1,0,0,30,40.0,50.0,37.5,Moderate Risk
52,Male,Rural,Mashonaland Central,None,Unemployed,1,1,0,0,0,1,High,28.8,0,0,1,60,67.0,100.0,70.45,Critical Risk
39,Female,Rural,Midlands,Secondary,Informal,2,1,1,0,0,2,Medium,1.7,0,1,0,30,50.0,30.0,37.0,Moderate Risk
29,Female,Rural,Midlands,Secondary,Informal,2,0,1,0,1,2,Medium,17.0,1,0,1,60,50.0,35.0,51.5,High Risk
36,Female,Urban,Harare,Secondary,Informal,4,1,0,0,1,2,Medium,0.9,1,1,1,50,22.0,0.0,30.2,Moderate Risk
18,Female,Rural,Masvingo,Primary,Informal,3,0,1,0,0,1,High,38.0,0,0,1,70,56.0,100.0,71.1,Critical Risk
36,Female,Urban,Harare,Secondary,Formal,4,1,1,1,1,4,Low,2.1,1,1,0,0,10.0,0.0,3.5,Low Risk
32,Male,Urban,Manicaland,Primary,Informal,3,1,1,0,1,3,Low,4.0,0,1,0,20,18.0,30.0,21.3,Low Risk
24,Female,Urban,Bulawayo,Secondary,Informal,5,1,1,1,0,3,Low,6.8,0,0,0,10,30.0,55.0,26.0,Moderate Risk
27,Male,Rural,Manicaland,None,Informal,1,0,1,0,1,2,Medium,1.7,0,0,1,60,59.0,50.0,57.65,High Risk
32,Female,Rural,Masvingo,Secondary,Unemployed,2,0,1,1,0,2,Medium,7.1,0,0,1,50,58.0,75.0,57.8,High Risk
51,Male,Urban,Matabeleland North,Secondary,Unemployed,3,1,1,0,0,2,Medium,0.5,0,0,0,30,20.0,70.0,34.5,Moderate Risk
53,Female,Rural,Mashonaland East,Primary,Informal,1,0,0,0,0,0,High,5.5,1,0,1,100,63.0,25.0,72.05,Critical Risk
25,Female,Urban,Harare,None,Informal,3,1,0,0,0,1,High,0.6,1,1,0,60,34.0,0.0,38.9,Moderate Risk
30,Male,Rural,Midlands,Tertiary,Unemployed,2,1,0,0,0,1,High,49.9,1,0,1,60,48.0,50.0,53.8,High Risk
31,Male,Rural,Manicaland,Secondary,Informal,1,1,0,0,0,1,High,14.6,0,0,1,60,47.0,65.0,56.45,High Risk
49,Male,Rural,Mashonaland West,Secondary,Unemployed,2,1,0,0,0,1,High,3.0,1,0,1,60,48.0,20.0,47.8,High Risk
40,Female,Rural,Masvingo,Secondary,Informal,1,1,1,0,0,2,Medium,34.6,0,0,1,30,57.0,100.0,53.45,High Risk
39,Female,Urban,Harare,Secondary,Informal,4,1,1,1,0,3,Low,1.6,1,0,0,10,22.0,20.0,16.2,Low Risk
45,Male,Urban,Harare,Secondary,Informal,5,1,1,1,1,4,Low,2.7,1,1,0,0,12.0,0.0,4.2,Low Risk
29,Female,Rural,Manicaland,Secondary,Informal,4,1,1,0,0,2,Medium,4.3,1,1,0,30,42.0,0.0,28.2,Moderate Risk
57,Male,Rural,Manicaland,Primary,Informal,2,1,1,0,0,2,Medium,15.2,1,0,0,30,46.0,35.0,36.6,Moderate Risk
37,Male,Urban,Bulawayo,Secondary,Formal,5,1,1,1,1,4,Low,3.4,0,1,0,0,0.0,30.0,6.0,Low Risk
26,Male,Urban,Mashonaland West,Secondary,Formal,5,1,0,1,1,3,Low,3.6,0,1,1,30,0.0,30.0,19.5,Low Risk
34,Female,Urban,Harare,Tertiary,Formal,5,1,1,1,1,4,Low,5.3,1,1,0,0,10.0,5.0,4.5,Low Risk
55,Male,Urban,Manicaland,Secondary,Formal,5,1,1,1,1,4,Low,1.1,1,1,0,0,0.0,0.0,0.0,Low Risk
32,Male,Urban,Harare,Secondary,Formal,5,1,1,1,1,4,Low,1.1,1,0,1,0,0.0,20.0,4.0,Low Risk
51,Male,Urban,Harare,Secondary,Formal,5,1,1,1,1,4,Low,6.3,1,1,0,0,0.0,5.0,1.0,Low Risk
29,Female,Rural,Masvingo,None,Informal,2,0,1,0,1,2,Medium,102.3,1,1,1,60,62.0,50.0,58.7,High Risk
27,Female,Urban,Harare,Secondary,Formal,5,1,1,1,1,4,Low,6.3,1,0,0,0,10.0,25.0,8.5,Low Risk
47,Female,Urban,Bulawayo,Tertiary,Formal,5,1,1,1,0,3,Low,1.3,1,0,0,10,10.0,20.0,12.0,Low Risk
25,Female,Urban,Harare,Tertiary,Informal,2,1,1,0,0,2,Medium,0.9,1,1,1,30,30.0,0.0,24.0,Low Risk
49,Female,Urban,Bulawayo,Tertiary,Formal,5,1,1,1,1,4,Low,0.1,1,1,1,0,10.0,0.0,3.5,Low Risk
42,Male,Rural,Midlands,Secondary,Informal,2,1,0,0,0,1,High,2.1,0,1,0,60,40.0,30.0,47.0,High Risk
25,Female,Urban,Harare,Secondary,Formal,5,1,1,1,1,4,Low,4.9,1,1,0,0,10.0,0.0,3.5,Low Risk
36,Male,Rural,Midlands,None,Formal,3,1,1,1,1,4,Low,1.0,0,1,0,0,32.0,30.0,17.2,Low Risk
30,Male,Rural,Mashonaland Central,Secondary,Informal,2,0,1,1,0,2,Medium,7.9,1,0,1,50,40.0,45.0,45.5,High Risk
42,Male,Urban,Harare,Secondary,Formal,5,1,1,1,1,4,Low,3.4,1,1,0,0,0.0,0.0,0.0,Low Risk
64,Male,Rural,Mashonaland Central,None,Informal,1,1,1,0,1,3,Low,1.7,0,1,0,20,59.0,50.0,39.65,Moderate Risk
32,Female,Rural,Matabeleland South,Primary,Informal,2,0,1,0,0,1,High,2.1,0,1,1,70,56.0,50.0,61.1,High Risk
45,Female,Urban,Bulawayo,None,Informal,2,1,1,0,0,2,Medium,1.4,1,0,0,30,42.0,20.0,32.2,Moderate Risk
38,Female,Urban,Midlands,Secondary,Formal,5,1,1,1,1,4,Low,7.3,1,1,0,0,10.0,5.0,4.5,Low Risk
38,Male,Rural,Matabeleland North,None,Unemployed,1,0,1,1,0,2,Medium,30.4,1,0,1,50,67.0,70.0,59.95,High Risk
35,Female,Rural,Mashonaland West,Secondary,Informal,3,1,1,0,1,3,Low,19.6,1,0,0,20,42.0,35.0,30.7,Moderate Risk
25,Female,Urban,Masvingo,Secondary,Informal,4,1,1,0,0,2,Medium,0.1,1,1,0,30,22.0,20.0,25.2,Moderate Risk
42,Male,Rural,Midlands,Secondary,Informal,2,1,1,0,1,3,Low,1.3,1,1,1,20,40.0,0.0,23.0,Low Risk
33,Female,Urban,Mashonaland East,Secondary,Formal,5,1,1,1,1,4,Low,2.2,1,0,0,0,10.0,20.0,7.5,Low Risk
25,Female,Rural,Masvingo,Secondary,Informal,1,1,1,0,0,2,Medium,13.9,0,1,0,30,57.0,65.0,46.45,High Risk
52,Male,Urban,Mashonaland West,Tertiary,Formal,5,1,1,1,1,4,Low,1.3,1,1,0,0,0.0,0.0,0.0,Low Risk
39,Female,Urban,Harare,Secondary,Informal,3,1,1,1,0,3,Low,1.5,1,1,0,10,22.0,0.0,12.2,Low Risk
34,Female,Rural,Midlands,Primary,Unemployed,1,0,1,0,0,1,High,45.7,0,0,1,70,71.0,80.0,72.35,Critical Risk
56,Male,Rural,Midlands,Secondary,Informal,2,1,0,0,1,2,Medium,15.2,0,0,1,50,40.0,65.0,49.5,High Risk
18,Male,Rural,Matabeleland North,Primary,Unemployed,1,1,1,0,0,2,Medium,53.8,0,1,1,30,69.0,80.0,53.65,High Risk
55,Female,Urban,Harare,Secondary,Formal,5,1,1,1,1,4,Low,0.2,1,1,1,0,10.0,0.0,3.5,Low Risk
25,Female,Urban,Harare,Secondary,Formal,5,1,1,1,1,4,Low,4.9,1,1,0,0,10.0,0.0,3.5,Low Risk
40,Female,Rural,Midlands,Primary,Informal,3,1,1,0,0,2,Medium,10.7,1,0,0,30,48.0,35.0,37.3,Moderate Risk
29,Female,Rural,Midlands,Secondary,Unemployed,2,1,0,0,0,1,High,2.3,0,1,1,60,58.0,30.0,53.3,High Risk
25,Female,Urban,Mashonaland Central,Tertiary,Informal,4,1,1,1,0,3,Low,5.0,1,1,0,10,22.0,20.0,16.2,Low Risk
56,Female,Rural,Midlands,Secondary,Unemployed,1,1,1,0,0,2,Medium,17.2,0,0,1,30,65.0,65.0,49.25,High Risk
63,Female,Urban,Bulawayo,Secondary,Informal,3,1,1,0,0,2,Medium,0.5,1,1,0,30,22.0,0.0,21.2,Low Risk
34,Female,Urban,Masvingo,Tertiary,Unemployed,3,1,1,0,0,2,Medium,1.9,1,1,0,30,30.0,20.0,28.0,Moderate Risk
42,Male,Urban,Harare,Secondary,Informal,5,0,1,0,0,1,High,0.5,1,1,1,70,12.0,0.0,35.7,Moderate Risk
38,Female,Urban,Harare,Tertiary,Informal,2,0,1,0,0,1,High,1.5,0,1,1,70,30.0,30.0,48.0,High Risk
62,Female,Urban,Bulawayo,Tertiary,Informal,3,1,1,0,0,2,Medium,0.8,1,1,0,30,22.0,0.0,21.2,Low Risk
18,Female,Rural,Mashonaland East,Primary,Informal,1,1,0,0,0,1,High,53.7,1,0,1,60,71.0,50.0,61.85,High Risk
43,Female,Urban,Harare,Secondary,Unemployed,3,1,1,0,0,2,Medium,3.7,1,1,0,30,30.0,0.0,24.0,Low Risk
27,Female,Urban,Mashonaland East,Secondary,Informal,4,1,1,0,1,3,Low,1.3,0,1,0,20,22.0,30.0,22.7,Low Risk
18,Male,Urban,Harare,Tertiary,Formal,5,1,1,1,1,4,Low,3.3,1,1,0,0,8.0,0.0,2.8,Low Risk
32,Male,Urban,Manicaland,Secondary,Unemployed,4,1,1,0,0,2,Medium,0.2,0,1,1,30,20.0,30.0,26.5,Moderate Risk
63,Male,Urban,Harare,Secondary,Informal,4,1,1,0,1,3,Low,1.5,1,1,0,20,12.0,0.0,13.2,Low Risk
28,Male,Rural,Midlands,Secondary,Informal,3,1,1,0,1,3,Low,17.7,1,1,1,20,32.0,15.0,23.2,Low Risk
49,Male,Urban,Harare,Tertiary,Informal,5,0,1,1,1,3,Low,3.4,1,1,0,40,12.0,0.0,22.2,Low Risk
54,Male,Rural,Matabeleland North,Secondary,Informal,1,1,0,0,0,1,High,1.3,1,0,1,60,47.0,40.0,51.45,High Risk
37,Male,Rural,Masvingo,None,Informal,2,1,0,0,0,1,High,14.3,1,0,0,60,52.0,55.0,56.2,High Risk
39,Male,Urban,Harare,Secondary,Formal,4,1,1,1,1,4,Low,3.6,1,1,0,0,0.0,0.0,0.0,Low Risk
18,Female,Rural,Mashonaland Central,Secondary,Unemployed,2,1,0,0,0,1,High,8.1,1,0,1,60,66.0,45.0,59.1,High Risk
27,Female,Rural,Manicaland,Secondary,Informal,2,1,1,0,1,3,Low,25.0,1,0,0,20,50.0,50.0,36.5,Moderate Risk
50,Male,Rural,Mashonaland East,Secondary,Unemployed,1,1,1,0,0,2,Medium,1.5,1,0,1,30,55.0,20.0,36.75,Moderate Risk
38,Male,Rural,Mashonaland Central,Secondary,Informal,1,1,1,0,1,3,Low,9.6,1,0,0,20,47.0,45.0,34.45,Moderate Risk
43,Male,Rural,Manicaland,Secondary,Unemployed,2,1,0,0,0,1,High,110.2,0,0,1,60,48.0,80.0,59.8,High Risk
39,Male,Rural,Matabeleland North,Secondary,Informal,1,0,0,0,0,0,High,53.8,0,1,1,100,47.0,80.0,77.45,Critical Risk
68,Male,Rural,Mashonaland Central,None,Informal,2,1,1,0,1,3,Low,5.5,0,0,0,20,60.0,75.0,45.0,Moderate Risk
31,Male,Urban,Harare,Tertiary,Unemployed,2,0,1,0,0,1,High,0.7,1,0,0,70,28.0,20.0,45.3,High Risk
60,Male,Rural,Mashonaland East,Secondary,Informal,2,1,0,0,0,1,High,13.9,1,1,0,60,40.0,15.0,44.0,Moderate Risk
39,Female,Rural,Mashonaland West,Secondary,Unemployed,3,0,1,0,0,1,High,12.3,1,0,1,70,50.0,35.0,56.0,High Risk
61,Female,Rural,Masvingo,Primary,Informal,4,1,0,1,0,2,Medium,9.1,0,1,0,40,48.0,55.0,45.8,High Risk
20,Female,Urban,Bulawayo,Secondary,Formal,4,1,1,1,1,4,Low,8.3,1,1,0,0,18.0,5.0,7.3,Low Risk
40,Male,Urban,Bulawayo,Secondary,Formal,4,0,1,0,1,2,Medium,1.1,1,1,0,60,0.0,0.0,27.0,Moderate Risk
32,Male,Urban,Bulawayo,Secondary,Unemployed,2,1,1,0,0,2,Medium,3.1,1,1,0,30,28.0,0.0,23.3,Low Risk
39,Female,Urban,Harare,Primary,Informal,5,0,1,1,0,2,Medium,0.7,0,0,0,50,28.0,50.0,42.3,Moderate Risk
55,Male,Urban,Harare,Tertiary,Informal,4,1,1,1,1,4,Low,2.5,1,1,0,0,12.0,0.0,4.2,Low Risk
43,Female,Urban,Manicaland,Secondary,Formal,5,1,1,0,1,3,Low,0.8,1,1,0,20,10.0,0.0,12.5,Low Risk
55,Female,Urban,Harare,Secondary,Formal,5,1,1,1,0,3,Low,0.2,1,1,0,10,10.0,0.0,8.0,Low Risk
28,Female,Urban,Mashonaland West,Secondary,Informal,2,1,1,0,1,3,Low,4.0,1,0,0,20,30.0,20.0,23.5,Low Risk
26,Male,Urban,Bulawayo,Secondary,Unemployed,1,1,1,0,0,2,Medium,9.7,1,0,1,30,35.0,25.0,30.75,Moderate Risk
38,Female,Rural,Masvingo,Secondary,Informal,1,1,0,0,0,1,High,35.6,1,0,1,60,57.0,70.0,60.95,High Risk
37,Male,Urban,Bulawayo,Secondary,Formal,5,1,1,1,1,4,Low,4.4,1,1,0,0,0.0,0.0,0.0,Low Risk
35,Male,Urban,Matabeleland North,Secondary,Formal,5,1,1,1,1,4,Low,2.4,1,1,0,0,0.0,20.0,4.0,Low Risk
24,Male,Urban,Harare,Secondary,Formal,5,1,1,1,1,4,Low,1.5,1,1,0,0,8.0,0.0,2.8,Low Risk
54,Female,Urban,Harare,Secondary,Informal,2,1,1,0,0,2,Medium,4.5,1,0,0,30,30.0,20.0,28.0,Moderate Risk
32,Female,Urban,Masvingo,Primary,Informal,3,1,1,0,0,2,Medium,5.7,1,1,0,30,28.0,25.0,28.3,Moderate Risk
57,Male,Rural,Masvingo,Secondary,Informal,3,1,1,0,1,3,Low,80.5,1,1,0,20,32.0,50.0,30.2,Moderate Risk
38,Male,Rural,Mashonaland West,Secondary,Unemployed,1,1,0,0,0,1,High,4.9,1,0,1,60,55.0,20.0,50.25,High Risk
47,Female,Urban,Harare,Secondary,Informal,3,0,1,0,0,1,High,0.1,1,1,1,70,22.0,0.0,39.2,Moderate Risk
45,Female,Rural,Mashonaland Central,Tertiary,Informal,2,1,0,0,0,1,High,45.0,0,0,1,60,50.0,100.0,64.5,High Risk
26,Male,Urban,Mashonaland East,Secondary,Unemployed,4,1,0,0,0,1,High,0.2,1,1,1,60,20.0,0.0,34.0,Moderate Risk
43,Male,Urban,Harare,Tertiary,Informal,4,0,1,0,0,1,High,2.5,1,0,0,70,12.0,20.0,39.7,Moderate Risk
64,Female,Urban,Harare,Tertiary,Formal,5,0,1,1,1,3,Low,0.7,0,1,0,40,10.0,30.0,27.5,Moderate Risk
41,Female,Urban,Harare,Secondary,Unemployed,4,1,1,1,0,3,Low,3.4,1,1,0,10,30.0,0.0,15.0,Low Risk
50,Female,Rural,Midlands,Secondary,Informal,2,1,0,0,0,1,High,38.6,1,0,1,60,50.0,50.0,54.5,High Risk
47,Male,Rural,Masvingo,None,Unemployed,1,1,1,0,0,2,Medium,13.0,0,0,1,30,67.0,85.0,53.95,High Risk
42,Male,Rural,Mashonaland West,Secondary,Informal,1,1,1,0,1,3,Low,36.1,1,0,1,20,47.0,50.0,35.45,Moderate Risk
40,Male,Urban,Matabeleland North,Secondary,Unemployed,4,1,1,0,0,2,Medium,1.7,1,1,0,30,20.0,20.0,24.5,Low Risk
45,Male,Rural,Mashonaland East,Secondary,Informal,1,1,0,0,1,2,Medium,26.9,1,1,1,50,47.0,30.0,44.95,Moderate Risk
48,Female,Urban,Mashonaland East,Primary,Informal,2,1,1,0,0,2,Medium,0.8,1,1,0,30,36.0,0.0,26.1,Moderate Risk
19,Male,Urban,Manicaland,Secondary,Unemployed,5,1,1,0,0,2,Medium,1.4,1,1,0,30,28.0,0.0,23.3,Low Risk
41,Female,Urban,Bulawayo,Tertiary,Informal,4,1,1,0,1,3,Low,0.3,1,1,0,20,22.0,0.0,16.7,Low Risk
35,Female,Rural,Matabeleland South,Primary,Unemployed,2,1,1,1,0,3,Low,10.9,0,0,1,10,64.0,85.0,43.9,Moderate Risk
32,Female,Rural,Midlands,Primary,Informal,1,0,0,0,0,0,High,25.1,0,1,1,100,63.0,60.0,79.05,Critical Risk
56,Female,Urban,Harare,Secondary,Informal,2,1,1,0,1,3,Low,3.0,0,1,0,20,30.0,30.0,25.5,Moderate Risk
27,Female,Rural,Harare,Secondary,Informal,2,1,1,0,0,2,Medium,56.4,0,0,0,30,50.0,80.0,47.0,High Risk
18,Male,Rural,Matabeleland South,Secondary,Informal,2,1,1,1,0,3,Low,1.0,0,0,0,10,48.0,70.0,35.3,Moderate Risk
49,Male,Rural,Mashonaland West,Tertiary,Informal,4,0,1,0,0,1,High,76.0,1,1,0,70,32.0,30.0,48.7,High Risk
18,Male,Urban,Bulawayo,Secondary,Informal,4,1,1,1,1,4,Low,0.6,1,1,0,0,20.0,0.0,7.0,Low Risk
18,Female,Rural,Mashonaland Central,Primary,Informal,2,1,1,1,0,3,Low,7.7,1,1,1,10,64.0,25.0,31.9,Moderate Risk
50,Female,Rural,Midlands,None,Informal,1,1,1,0,0,2,Medium,25.6,1,0,1,30,69.0,50.0,47.65,High Risk
40,Male,Rural,Matabeleland North,Primary,Unemployed,2,1,1,0,0,2,Medium,4.9,1,1,0,30,54.0,20.0,36.4,Moderate Risk
44,Male,Urban,Matabeleland South,Secondary,Unemployed,2,1,1,0,0,2,Medium,4.1,1,1,0,30,28.0,20.0,27.3,Moderate Risk
31,Male,Rural,Mashonaland West,Tertiary,Informal,1,1,1,0,0,2,Medium,3.6,0,1,1,30,47.0,30.0,35.95,Moderate Risk
18,Male,Urban,Midlands,Primary,Unemployed,3,1,1,0,0,2,Medium,0.3,1,1,0,30,34.0,0.0,25.4,Moderate Risk
21,Female,Rural,Masvingo,Primary,Unemployed,1,1,0,0,0,1,High,56.6,0,1,1,60,79.0,80.0,70.65,Critical Risk
34,Male,Urban,Bulawayo,Secondary,Formal,4,1,1,1,1,4,Low,2.8,1,1,0,0,0.0,0.0,0.0,Low Risk
20,Female,Urban,Bulawayo,Secondary,Informal,1,1,1,0,1,3,Low,9.1,1,0,1,20,45.0,25.0,29.75,Moderate Risk
42,Female,Urban,Bulawayo,Secondary,Unemployed,4,1,1,0,0,2,Medium,9.5,1,0,0,30,30.0,25.0,29.0,Moderate Risk
31,Male,Urban,Bulawayo,Secondary,Informal,3,1,1,0,1,3,Low,2.5,1,1,0,20,12.0,0.0,13.2,Low Risk
40,Male,Urban,Harare,Secondary,Formal,5,1,1,1,1,4,Low,9.7,1,0,0,0,0.0,25.0,5.0,Low Risk
40,Female,Urban,Harare,Secondary,Informal,3,1,1,0,1,3,Low,6.5,1,1,0,20,22.0,5.0,17.7,Low Risk
43,Female,Urban,Manicaland,Secondary,Informal,3,1,0,0,0,1,High,0.9,1,1,0,60,22.0,0.0,34.7,Moderate Risk
44,Male,Urban,Harare,Tertiary,Informal,3,1,1,0,1,3,Low,19.4,1,1,0,20,12.0,15.0,16.2,Low Risk
33,Male,Rural,Matabeleland North,Primary,Formal,3,0,0,1,1,2,Medium,15.1,1,0,1,70,26.0,55.0,51.6,High Risk
40,Female,Rural,Mashonaland East,Secondary,Informal,3,1,1,0,1,3,Low,29.4,1,0,0,20,42.0,50.0,33.7,Moderate Risk
41,Female,Rural,Mashonaland East,Tertiary,Unemployed,2,1,1,0,0,2,Medium,12.6,0,0,1,30,58.0,65.0,46.8,High Risk
18,Female,Urban,Bulawayo,Secondary,Informal,3,1,1,0,0,2,Medium,3.7,1,1,0,30,30.0,0.0,24.0,Low Risk
47,Female,Urban,Harare,Secondary,Unemployed,4,1,1,0,0,2,Medium,1.9,0,0,0,30,30.0,50.0,34.0,Moderate Risk
40,Female,Rural,Midlands,Tertiary,Informal,3,1,1,1,1,4,Low,43.3,1,1,0,0,42.0,30.0,20.7,Low Risk
45,Male,Urban,Midlands,Secondary,Informal,2,0,1,0,0,1,High,15.3,1,1,0,70,20.0,15.0,41.5,Moderate Risk
19,Female,Urban,Bulawayo,Tertiary,Formal,5,1,1,1,0,3,Low,1.1,1,1,0,10,18.0,0.0,10.8,Low Risk
33,Male,Rural,Mashonaland West,None,Unemployed,1,1,0,1,0,2,Medium,9.3,1,1,1,40,67.0,5.0,42.45,Moderate Risk
22,Female,Rural,Manicaland,Secondary,Unemployed,1,1,1,0,0,2,Medium,59.3,0,1,0,30,73.0,60.0,51.05,High Risk
48,Female,Urban,Mashonaland Central,Secondary,Formal,5,1,1,1,1,4,Low,4.9,1,1,0,0,10.0,20.0,7.5,Low Risk
18,Female,Rural,Mashonaland Central,Primary,Informal,2,1,1,0,0,2,Medium,29.4,1,1,1,30,64.0,50.0,45.9,High Risk
24,Female,Urban,Matabeleland South,Tertiary,Unemployed,5,1,1,0,0,2,Medium,13.9,1,1,0,30,38.0,35.0,33.8,Moderate Risk
45,Female,Rural,Midlands,Secondary,Unemployed,2,1,1,1,0,3,Low,9.1,1,1,0,10,58.0,5.0,25.8,Moderate Risk
29,Female,Urban,Harare,Secondary,Informal,3,1,1,0,1,3,Low,8.8,1,1,0,20,22.0,5.0,17.7,Low Risk
25,Female,Urban,Bulawayo,None,Informal,2,1,1,1,1,4,Low,0.9,0,1,1,0,42.0,30.0,20.7,Low Risk
50,Female,Rural,Mashonaland West,None,Unemployed,1,1,1,0,0,2,Medium,45.1,1,0,1,30,77.0,50.0,50.45,High Risk
51,Male,Urban,Bulawayo,Secondary,Informal,4,1,1,0,0,2,Medium,0.1,1,1,0,30,12.0,0.0,17.7,Low Risk
48,Male,Rural,Mashonaland Central,Secondary,Informal,1,1,1,0,0,2,Medium,44.8,0,1,0,30,47.0,80.0,45.95,High Risk
49,Female,Urban,Manicaland,Secondary,Informal,3,1,1,0,1,3,Low,1.1,1,1,0,20,22.0,0.0,16.7,Low Risk
34,Female,Rural,Mashonaland Central,Tertiary,Formal,4,1,0,1,1,3,Low,4.6,0,1,0,30,30.0,50.0,34.0,Moderate Risk
35,Female,Rural,Midlands,Secondary,Unemployed,2,0,1,0,0,1,High,19.4,1,1,1,70,58.0,15.0,54.8,High Risk
28,Female,Urban,Bulawayo,Tertiary,Unemployed,1,1,1,1,0,3,Low,1.9,1,1,0,10,45.0,0.0,20.25,Low Risk
40,Male,Rural,Masvingo,Secondary,Informal,2,1,0,0,1,2,Medium,61.9,1,0,0,50,40.0,70.0,50.5,High Risk
30,Male,Urban,Matabeleland North,Secondary,Formal,4,1,1,1,1,4,Low,1.1,0,1,0,0,0.0,50.0,10.0,Low Risk
31,Female,Urban,Manicaland,Secondary,Formal,5,1,1,1,1,4,Low,5.1,1,1,0,0,10.0,5.0,4.5,Low Risk
46,Male,Urban,Bulawayo,Secondary,Formal,5,1,1,1,1,4,Low,2.8,1,1,0,0,0.0,0.0,0.0,Low Risk
54,Female,Rural,Mashonaland West,Primary,Unemployed,1,1,0,0,0,1,High,26.5,0,1,1,60,71.0,60.0,63.85,High Risk
43,Female,Rural,Mashonaland West,Secondary,Unemployed,2,1,0,0,0,1,High,8.9,0,0,0,60,58.0,55.0,58.3,High Risk
63,Female,Rural,Mashonaland East,Secondary,Informal,1,1,0,0,0,1,High,17.7,1,0,1,60,57.0,35.0,53.95,High Risk
28,Male,Rural,Midlands,Primary,Informal,1,1,1,0,1,3,Low,15.8,0,0,1,20,53.0,65.0,40.55,Moderate Risk
18,Female,Rural,Mashonaland Central,Secondary,Informal,3,1,1,0,1,3,Low,9.2,0,0,0,20,50.0,75.0,41.5,Moderate Risk
48,Male,Urban,Harare,Secondary,Informal,5,1,1,1,1,4,Low,1.5,1,0,0,0,12.0,20.0,8.2,Low Risk
27,Male,Rural,Matabeleland South,Secondary,Informal,1,1,0,1,0,2,Medium,10.3,1,0,1,40,47.0,55.0,45.45,High Risk
34,Male,Rural,Mashonaland East,Primary,Informal,1,1,1,0,1,3,Low,43.8,1,0,0,20,53.0,50.0,37.55,Moderate Risk
18,Male,Urban,Masvingo,Tertiary,Unemployed,4,1,1,0,0,2,Medium,0.7,1,1,0,30,28.0,20.0,27.3,Moderate Risk
25,Female,Rural,Mashonaland Central,Secondary,Informal,3,1,0,1,1,3,Low,2.1,0,0,0,30,42.0,70.0,42.2,Moderate Risk
18,Female,Urban,Harare,Secondary,Informal,4,1,1,0,0,2,Medium,6.6,0,1,1,30,30.0,35.0,31.0,Moderate Risk
31,Male,Urban,Bulawayo,Tertiary,Formal,5,1,1,1,1,4,Low,0.6,1,1,0,0,0.0,0.0,0.0,Low Risk
32,Female,Urban,Bulawayo,Tertiary,Formal,5,1,1,0,1,3,Low,4.6,1,1,0,20,10.0,0.0,12.5,Low Risk
39,Female,Urban,Matabeleland South,Tertiary,Unemployed,4,1,0,1,0,2,Medium,0.2,1,1,0,40,30.0,20.0,32.5,Moderate Risk
55,Female,Urban,Harare,Secondary,Informal,3,1,0,0,0,1,High,0.9,1,1,0,60,22.0,0.0,34.7,Moderate Risk
47,Female,Rural,Manicaland,Primary,Informal,1,1,1,0,0,2,Medium,20.6,0,1,0,30,63.0,60.0,47.55,High Risk
18,Female,Rural,Mashonaland East,Secondary,Informal,2,1,0,1,1,3,Low,26.3,1,0,0,30,58.0,50.0,43.8,Moderate Risk
46,Male,Urban,Harare,Tertiary,Formal,4,0,0,1,1,2,Medium,8.0,1,1,1,70,0.0,5.0,32.5,Moderate Risk
39,Male,Urban,Bulawayo,Tertiary,Informal,3,1,1,0,1,3,Low,0.4,1,0,0,20,12.0,20.0,17.2,Low Risk
36,Female,Urban,Harare,Secondary,Formal,4,1,1,1,1,4,Low,1.7,1,1,0,0,10.0,0.0,3.5,Low Risk
37,Female,Urban,Bulawayo,Secondary,Formal,5,1,1,1,1,4,Low,2.4,1,1,0,0,10.0,0.0,3.5,Low Risk
40,Female,Rural,Midlands,Primary,Informal,1,1,0,0,0,1,High,46.1,0,1,1,60,63.0,60.0,61.05,High Risk
28,Male,Urban,Harare,Primary,Formal,3,1,1,1,1,4,Low,0.6,1,1,0,0,6.0,0.0,2.1,Low Risk
35,Male,Rural,Matabeleland North,Primary,Informal,2,1,1,0,1,3,Low,3.6,0,1,1,20,46.0,50.0,35.1,Moderate Risk
54,Female,Rural,Mashonaland Central,None,Informal,1,0,1,0,0,1,High,2.5,0,1,1,70,69.0,50.0,65.65,Critical Risk
28,Male,Rural,Matabeleland South,Secondary,Informal,1,0,0,0,0,0,High,17.1,1,0,1,100,47.0,55.0,72.45,Critical Risk
23,Female,Rural,Mashonaland Central,Primary,Unemployed,1,1,1,0,0,2,Medium,12.1,1,0,0,30,79.0,55.0,52.15,High Risk
37,Female,Urban,Bulawayo,Secondary,Unemployed,4,1,1,1,0,3,Low,2.4,1,1,0,10,30.0,0.0,15.0,Low Risk
22,Male,Rural,Mashonaland East,Secondary,Informal,2,0,1,0,1,2,Medium,91.9,1,0,1,60,48.0,50.0,53.8,High Risk
18,Male,Rural,Manicaland,Primary,Informal,1,1,0,0,1,2,Medium,1.0,1,0,1,50,61.0,20.0,47.85,High Risk
33,Male,Rural,Mashonaland East,Secondary,Unemployed,1,1,1,0,0,2,Medium,9.2,1,1,0,30,55.0,5.0,33.75,Moderate Risk
58,Male,Rural,Mashonaland Central,Primary,Informal,4,0,0,0,1,1,High,10.1,1,1,0,90,38.0,35.0,60.8,High Risk
37,Female,Rural,Midlands,None,Informal,3,0,0,0,0,0,High,26.6,1,1,1,100,54.0,30.0,69.9,Critical Risk
40,Female,Rural,Mashonaland Central,Tertiary,Formal,5,1,1,1,1,4,Low,61.8,0,1,1,0,30.0,80.0,26.5,Moderate Risk
18,Male,Urban,Midlands,None,Informal,2,1,1,0,1,3,Low,3.4,1,1,0,20,40.0,0.0,23.0,Low Risk
44,Female,Rural,Mashonaland West,Primary,Informal,1,1,1,0,1,3,Low,50.2,1,0,1,20,63.0,50.0,41.05,Moderate Risk
39,Male,Rural,Mashonaland Central,Secondary,Informal,2,1,1,1,0,3,Low,21.4,0,0,0,10,40.0,100.0,38.5,Moderate Risk
28,Male,Urban,Harare,Secondary,Informal,3,1,1,1,1,4,Low,1.4,1,1,0,0,12.0,0.0,4.2,Low Risk
40,Female,Rural,Mashonaland Central,Primary,Informal,1,1,0,0,1,2,Medium,10.3,0,0,1,50,63.0,85.0,61.55,High Risk
40,Female,Urban,Mashonaland West,Tertiary,Formal,5,1,1,1,1,4,Low,0.2,1,1,0,0,10.0,0.0,3.5,Low Risk
23,Female,Rural,Manicaland,Secondary,Informal,2,1,0,0,0,1,High,19.9,1,0,1,60,58.0,35.0,54.3,High Risk
42,Male,Urban,Masvingo,Secondary,Unemployed,2,1,1,1,0,3,Low,3.1,1,1,0,10,28.0,20.0,18.3,Low Risk
54,Female,Urban,Harare,Tertiary,Informal,5,1,0,0,1,2,Medium,6.1,1,0,0,50,22.0,25.0,35.2,Moderate Risk
34,Male,Rural,Mashonaland East,None,Informal,1,0,0,0,1,1,High,7.5,1,0,0,90,59.0,25.0,66.15,Critical Risk
25,Female,Urban,Harare,Secondary,Informal,1,1,1,0,0,2,Medium,0.1,1,0,0,30,37.0,20.0,30.45,Moderate Risk
35,Female,Urban,Bulawayo,Secondary,Formal,4,1,0,1,1,3,Low,0.3,1,1,0,30,10.0,0.0,17.0,Low Risk
49,Female,Urban,Bulawayo,Primary,Unemployed,2,1,1,0,0,2,Medium,5.3,1,1,0,30,44.0,5.0,29.9,Moderate Risk
20,Male,Urban,Matabeleland South,Tertiary,Informal,4,1,1,1,0,3,Low,1.6,1,1,0,10,20.0,20.0,15.5,Low Risk
46,Male,Rural,Mashonaland East,Secondary,Informal,2,0,0,0,0,0,High,82.7,1,1,0,100,40.0,30.0,65.0,High Risk
28,Female,Rural,Manicaland,Primary,Informal,3,1,1,1,0,3,Low,6.1,0,0,1,10,48.0,55.0,32.3,Moderate Risk
41,Male,Urban,Mashonaland Central,Secondary,Informal,3,1,1,0,1,3,Low,5.4,0,1,0,20,12.0,55.0,24.2,Low Risk
30,Female,Rural,Masvingo,Primary,Informal,1,0,0,1,1,2,Medium,19.1,1,0,1,70,63.0,55.0,64.55,High Risk
30,Female,Urban,Mashonaland West,Secondary,Informal,4,1,1,0,1,3,Low,1.8,1,0,0,20,22.0,20.0,20.7,Low Risk
59,Female,Rural,Mashonaland West,Primary,Informal,2,1,1,0,1,3,Low,27.0,1,0,1,20,56.0,50.0,38.6,Moderate Risk
18,Male,Urban,Manicaland,Tertiary,Informal,4,1,1,0,1,3,Low,4.5,1,0,0,20,20.0,20.0,20.0,Low Risk
44,Female,Urban,Harare,Secondary,Informal,4,0,1,0,1,2,Medium,5.5,1,1,1,60,22.0,5.0,35.7,Moderate Risk
62,Male,Urban,Midlands,Secondary,Informal,3,1,1,0,0,2,Medium,1.9,1,0,0,30,12.0,20.0,21.7,Low Risk
47,Male,Rural,Mashonaland Central,Tertiary,Informal,1,1,0,0,0,1,High,1.3,0,1,0,60,47.0,50.0,53.45,High Risk
19,Female,Urban,Mashonaland West,Tertiary,Informal,5,1,0,1,1,3,Low,0.7,0,1,1,30,30.0,30.0,30.0,Moderate Risk
20,Male,Urban,Harare,Secondary,Informal,3,1,1,0,1,3,Low,4.5,1,1,0,20,20.0,0.0,16.0,Low Risk
27,Female,Rural,Matabeleland South,Secondary,Informal,2,1,1,0,0,2,Medium,7.5,0,0,1,30,50.0,75.0,46.0,High Risk
40,Female,Rural,Midlands,Secondary,Informal,1,1,1,0,0,2,Medium,8.1,1,1,1,30,57.0,5.0,34.45,Moderate Risk
41,Female,Urban,Masvingo,Secondary,Formal,5,0,1,0,1,2,Medium,2.1,1,1,0,60,10.0,20.0,34.5,Moderate Risk
20,Female,Rural,Mashonaland West,Secondary,Informal,1,1,1,0,0,2,Medium,32.4,1,1,0,30,65.0,30.0,42.25,Moderate Risk
25,Female,Rural,Mashonaland West,Secondary,Informal,4,0,1,0,1,2,Medium,19.3,0,0,1,60,42.0,65.0,54.7,High Risk
26,Male,Urban,Mashonaland West,Tertiary,Formal,5,1,1,1,1,4,Low,4.9,1,1,0,0,0.0,0.0,0.0,Low Risk
35,Female,Rural,Masvingo,Secondary,Formal,4,1,1,1,1,4,Low,40.8,1,1,0,0,30.0,50.0,20.5,Low Risk
65,Male,Urban,Bulawayo,Secondary,Informal,4,1,1,0,0,2,Medium,4.4,1,1,0,30,20.0,0.0,20.5,Low Risk
24,Female,Rural,Mashonaland Central,Secondary,Formal,4,1,1,1,1,4,Low,3.1,1,1,0,0,38.0,20.0,17.3,Low Risk
24,Female,Urban,Harare,Tertiary,Formal,5,1,1,1,1,4,Low,3.2,0,1,0,0,18.0,30.0,12.3,Low Risk
22,Female,Rural,Mashonaland East,Secondary,Informal,2,1,0,0,0,1,High,37.9,1,0,1,60,58.0,50.0,57.3,High Risk
46,Male,Urban,Bulawayo,Secondary,Informal,4,1,1,0,0,2,Medium,0.4,1,1,0,30,12.0,0.0,17.7,Low Risk
37,Male,Urban,Harare,Secondary,Unemployed,4,1,1,1,0,3,Low,9.3,1,1,0,10,20.0,5.0,12.5,Low Risk
25,Male,Rural,Mashonaland West,Secondary,Unemployed,1,1,0,0,0,1,High,8.4,1,0,1,60,55.0,25.0,51.25,High Risk
32,Male,Urban,Mashonaland West,Tertiary,Unemployed,5,1,1,0,0,2,Medium,4.3,1,1,1,30,20.0,0.0,20.5,Low Risk
26,Male,Rural,Masvingo,Primary,Unemployed,1,1,0,0,0,1,High,24.7,0,0,0,60,61.0,100.0,68.35,Critical Risk
42,Male,Rural,Midlands,Secondary,Formal,3,1,1,1,1,4,Low,13.8,0,1,1,0,20.0,45.0,16.0,Low Risk
75,Male,Rural,Mashonaland Central,Secondary,Informal,2,0,0,0,1,1,High,6.7,1,0,1,90,48.0,45.0,66.3,Critical Risk
45,Female,Urban,Harare,Primary,Informal,3,1,1,0,1,3,Low,3.1,1,1,0,20,28.0,0.0,18.8,Low Risk
36,Male,Rural,Mashonaland West,Secondary,Formal,2,1,1,1,1,4,Low,64.7,1,1,0,0,28.0,30.0,15.8,Low Risk
28,Female,Urban,Harare,None,Unemployed,1,1,0,0,0,1,High,1.1,1,1,0,60,57.0,0.0,46.95,High Risk
19,Male,Urban,Bulawayo,Tertiary,Unemployed,1,1,1,0,0,2,Medium,0.5,0,1,1,30,43.0,30.0,34.55,Moderate Risk
48,Female,Rural,Manicaland,Secondary,Informal,1,1,1,0,1,3,Low,1.0,1,1,0,20,57.0,0.0,28.95,Moderate Risk
47,Male,Rural,Masvingo,None,Unemployed,1,1,1,0,0,2,Medium,18.4,1,0,0,30,67.0,55.0,47.95,High Risk
31,Female,Urban,Harare,Secondary,Informal,4,1,1,1,1,4,Low,2.1,1,0,0,0,22.0,20.0,11.7,Low Risk
54,Female,Urban,Bulawayo,Tertiary,Informal,3,1,1,0,1,3,Low,0.2,1,1,0,20,22.0,0.0,16.7,Low Risk
38,Female,Rural,Matabeleland South,Primary,Informal,1,1,0,0,0,1,High,12.7,0,0,1,60,63.0,85.0,66.05,Critical Risk
48,Male,Rural,Harare,Tertiary,Unemployed,3,1,1,0,0,2,Medium,37.7,0,0,0,30,40.0,80.0,43.5,Moderate Risk
42,Female,Urban,Bulawayo,Secondary,Informal,5,1,1,0,1,3,Low,5.3,1,1,0,20,22.0,5.0,17.7,Low Risk
35,Male,Rural,Mashonaland West,None,Informal,1,1,1,0,0,2,Medium,24.9,0,0,0,30,59.0,80.0,50.15,High Risk
24,Male,Urban,Manicaland,Secondary,Formal,5,1,1,0,1,3,Low,3.8,1,1,0,20,8.0,0.0,11.8,Low Risk
35,Male,Urban,Harare,Secondary,Informal,4,1,1,0,0,2,Medium,4.8,1,0,0,30,12.0,20.0,21.7,Low Risk
49,Female,Rural,Mashonaland West,Secondary,Unemployed,1,1,1,0,0,2,Medium,49.4,1,1,0,30,65.0,30.0,42.25,Moderate Risk
30,Male,Rural,Matabeleland South,Secondary,Informal,1,1,1,1,0,3,Low,1.0,0,0,0,10,47.0,70.0,34.95,Moderate Risk
44,Female,Urban,Bulawayo,Secondary,Unemployed,1,1,1,0,0,2,Medium,3.6,1,1,0,30,45.0,0.0,29.25,Moderate Risk
22,Male,Urban,Mashonaland Central,Secondary,Formal,5,1,1,1,1,4,Low,2.9,1,0,0,0,8.0,40.0,10.8,Low Risk
48,Male,Urban,Harare,Secondary,Unemployed,2,1,1,0,0,2,Medium,0.3,1,0,0,30,28.0,20.0,27.3,Moderate Risk
42,Male,Rural,Midlands,Secondary,Informal,2,0,0,0,1,1,High,1.7,1,0,1,90,40.0,20.0,58.5,High Risk
21,Male,Urban,Harare,Secondary,Informal,5,1,1,1,1,4,Low,0.1,1,1,0,0,20.0,0.0,7.0,Low Risk
34,Female,Urban,Harare,Tertiary,Unemployed,5,1,1,0,0,2,Medium,6.6,1,1,0,30,30.0,5.0,25.0,Low Risk
51,Female,Rural,Masvingo,Secondary,Unemployed,1,1,1,0,0,2,Medium,9.0,0,1,0,30,65.0,55.0,47.25,High Risk
20,Female,Urban,Bulawayo,Secondary,Formal,4,1,1,1,1,4,Low,1.4,0,1,0,0,18.0,30.0,12.3,Low Risk
23,Male,Rural,Masvingo,Secondary,Unemployed,3,1,1,0,0,2,Medium,6.7,1,1,0,30,48.0,25.0,35.3,Moderate Risk
37,Male,Urban,Harare,Secondary,Informal,2,1,1,0,1,3,Low,3.1,1,0,0,20,20.0,20.0,20.0,Low Risk
67,Female,Rural,Mashonaland Central,Primary,Formal,4,1,1,0,1,3,Low,78.1,1,1,0,20,44.0,50.0,34.4,Moderate Risk
28,Male,Urban,Mashonaland Central,Secondary,Informal,5,0,1,0,1,2,Medium,2.7,1,1,0,60,12.0,20.0,35.2,Moderate Risk
44,Male,Urban,Harare,Secondary,Informal,4,1,1,1,0,3,Low,1.6,1,1,0,10,12.0,0.0,8.7,Low Risk
41,Female,Urban,Manicaland,Primary,Informal,4,1,1,0,1,3,Low,0.4,1,1,0,20,28.0,0.0,18.8,Low Risk
29,Male,Rural,Matabeleland North,Secondary,Informal,3,1,1,0,0,2,Medium,53.0,0,1,0,30,32.0,80.0,40.7,Moderate Risk
40,Male,Rural,Manicaland,Secondary,Formal,3,1,1,1,1,4,Low,1.0,1,1,0,0,20.0,0.0,7.0,Low Risk
31,Male,Urban,Manicaland,Secondary,Formal,5,1,0,1,1,3,Low,0.1,1,1,0,30,0.0,0.0,13.5,Low Risk
32,Female,Urban,Masvingo,Tertiary,Informal,3,1,1,0,1,3,Low,1.0,0,0,0,20,22.0,70.0,30.7,Moderate Risk
18,Male,Rural,Matabeleland South,Tertiary,Formal,5,1,1,1,1,4,Low,31.5,1,1,0,0,28.0,50.0,19.8,Low Risk
37,Female,Urban,Harare,Tertiary,Informal,3,0,1,0,1,2,Medium,5.1,1,1,1,60,22.0,5.0,35.7,Moderate Risk
50,Male,Urban,Bulawayo,None,Informal,3,1,0,0,1,2,Medium,1.6,1,1,0,50,24.0,0.0,30.9,Moderate Risk
38,Male,Rural,Midlands,Primary,Informal,3,1,1,0,1,3,Low,8.7,1,0,0,20,38.0,25.0,27.3,Moderate Risk
53,Male,Urban,Bulawayo,Secondary,Formal,5,1,1,0,1,3,Low,3.9,1,1,0,20,0.0,0.0,9.0,Low Risk
46,Female,Urban,Harare,Tertiary,Formal,5,1,1,1,1,4,Low,1.6,1,0,0,0,10.0,20.0,7.5,Low Risk
37,Male,Urban,Harare,Secondary,Unemployed,3,1,1,1,0,3,Low,3.8,1,1,0,10,20.0,0.0,11.5,Low Risk
29,Female,Urban,Bulawayo,Secondary,Unemployed,2,0,1,0,0,1,High,1.3,1,1,1,70,38.0,0.0,44.8,Moderate Risk
31,Male,Urban,Mashonaland Central,Tertiary,Formal,5,1,1,1,1,4,Low,2.5,1,1,0,0,0.0,20.0,4.0,Low Risk
18,Male,Rural,Midlands,Tertiary,Formal,4,0,0,1,1,2,Medium,26.0,1,0,1,70,28.0,50.0,51.3,High Risk
34,Male,Rural,Midlands,Secondary,Informal,1,0,1,0,1,2,Medium,4.8,1,1,1,60,47.0,0.0,43.45,Moderate Risk
40,Female,Urban,Harare,Tertiary,Formal,5,1,1,1,1,4,Low,0.9,1,1,0,0,10.0,0.0,3.5,Low Risk
62,Male,Rural,Masvingo,Secondary,Informal,3,1,0,1,1,3,Low,3.1,1,0,1,30,32.0,40.0,32.7,Moderate Risk
45,Female,Urban,Harare,Secondary,Informal,3,1,1,0,0,2,Medium,8.0,0,1,1,30,22.0,35.0,28.2,Moderate Risk
25,Female,Rural,Manicaland,Secondary,Informal,1,1,0,0,0,1,High,26.0,1,0,1,60,57.0,50.0,56.95,High Risk
18,Female,Urban,Harare,Primary,Informal,4,1,1,1,1,4,Low,0.5,1,1,0,0,36.0,0.0,12.6,Low Risk
35,Female,Rural,Midlands,Primary,Unemployed,1,0,1,0,0,1,High,13.1,0,0,1,70,71.0,65.0,69.35,Critical Risk
49,Female,Urban,Harare,Tertiary,Informal,5,1,1,0,1,3,Low,6.6,1,1,0,20,22.0,5.0,17.7,Low Risk
34,Female,Urban,Bulawayo,Secondary,Formal,5,1,1,1,1,4,Low,2.2,1,1,0,0,10.0,0.0,3.5,Low Risk
45,Male,Urban,Harare,Secondary,Unemployed,3,1,1,0,0,2,Medium,1.9,1,1,0,30,20.0,0.0,20.5,Low Risk
35,Female,Urban,Harare,Tertiary,Formal,5,1,1,1,1,4,Low,2.5,1,1,0,0,10.0,0.0,3.5,Low Risk
48,Female,Urban,Bulawayo,Secondary,Formal,5,1,1,1,1,4,Low,2.7,1,1,0,0,10.0,0.0,3.5,Low Risk
18,Male,Rural,Harare,Primary,Informal,5,0,1,0,1,2,Medium,37.0,0,1,1,60,46.0,60.0,55.1,High Risk
60,Female,Rural,Mashonaland East,None,Informal,1,1,1,0,0,2,Medium,74.7,0,1,1,30,69.0,60.0,49.65,High Risk
22,Female,Urban,Bulawayo,Secondary,Informal,4,1,1,0,1,3,Low,5.4,0,1,0,20,30.0,35.0,26.5,Moderate Risk
49,Male,Rural,Matabeleland South,Primary,Informal,2,1,1,1,0,3,Low,19.9,0,1,1,10,46.0,65.0,33.6,Moderate Risk
34,Female,Rural,Matabeleland North,None,Formal,4,1,1,1,1,4,Low,31.8,1,1,1,0,42.0,50.0,24.7,Low Risk
36,Male,Rural,Midlands,Secondary,Informal,1,1,1,1,0,3,Low,1.0,1,1,1,10,47.0,0.0,20.95,Low Risk
34,Male,Rural,Mashonaland East,Primary,Informal,3,1,0,1,0,2,Medium,4.8,0,1,1,40,38.0,30.0,37.3,Moderate Risk
41,Male,Rural,Manicaland,Secondary,Informal,2,1,0,0,0,1,High,13.1,0,0,1,60,40.0,65.0,54.0,High Risk
44,Female,Urban,Harare,Primary,Informal,3,1,0,0,0,1,High,0.3,1,1,1,60,28.0,0.0,36.8,Moderate Risk
52,Male,Rural,Midlands,Secondary,Informal,3,1,0,0,0,1,High,1.8,1,0,0,60,32.0,20.0,42.2,Moderate Risk
57,Female,Rural,Mashonaland Central,Secondary,Informal,2,0,0,0,1,1,High,91.9,0,0,1,90,50.0,100.0,78.0,Critical Risk
42,Male,Urban,Harare,Secondary,Informal,2,1,1,0,1,3,Low,2.0,1,1,0,20,20.0,0.0,16.0,Low Risk
61,Male,Urban,Matabeleland South,Secondary,Informal,1,1,1,0,1,3,Low,5.6,0,1,1,20,27.0,55.0,29.45,Moderate Risk
39,Female,Urban,Matabeleland South,Secondary,Informal,5,1,1,0,0,2,Medium,7.6,1,1,0,30,22.0,25.0,26.2,Moderate Risk
53,Male,Rural,Manicaland,None,Informal,1,1,1,0,0,2,Medium,7.5,1,0,1,30,59.0,25.0,39.15,Moderate Risk
44,Female,Urban,Mashonaland Central,Primary,Informal,2,1,1,1,1,4,Low,1.0,1,0,0,0,36.0,40.0,20.6,Low Risk
30,Male,Rural,Mashonaland West,Secondary,Informal,1,1,0,1,0,2,Medium,1.0,1,0,1,40,47.0,20.0,38.45,Moderate Risk
40,Female,Rural,Mashonaland West,Primary,Informal,3,1,0,0,1,2,Medium,8.7,1,0,1,50,48.0,25.0,44.3,Moderate Risk
45,Female,Rural,Mashonaland West,Primary,Informal,1,1,1,0,0,2,Medium,1.4,0,1,1,30,63.0,30.0,41.55,Moderate Risk
37,Male,Urban,Midlands,Secondary,Informal,4,1,1,0,1,3,Low,5.7,1,1,0,20,12.0,5.0,14.2,Low Risk
43,Male,Rural,Mashonaland Central,Secondary,Unemployed,1,1,0,1,0,2,Medium,34.5,1,0,0,40,55.0,70.0,51.25,High Risk
50,Male,Rural,Matabeleland South,Secondary,Informal,1,1,1,0,1,3,Low,11.9,0,0,1,20,47.0,85.0,42.45,Moderate Risk
37,Female,Urban,Harare,Secondary,Formal,5,1,1,1,1,4,Low,1.2,1,1,0,0,10.0,0.0,3.5,Low Risk
18,Female,Rural,Masvingo,Secondary,Unemployed,3,0,1,0,0,1,High,22.0,1,0,1,70,58.0,70.0,65.8,Critical Risk
61,Male,Urban,Bulawayo,Secondary,Formal,4,1,1,1,1,4,Low,1.4,1,1,0,0,0.0,0.0,0.0,Low Risk
33,Male,Rural,Matabeleland South,Primary,Informal,1,1,1,0,1,3,Low,2.3,1,0,0,20,53.0,40.0,35.55,Moderate Risk
26,Female,Urban,Matabeleland North,Secondary,Formal,5,0,1,1,1,3,Low,9.9,1,1,0,40,10.0,25.0,26.5,Moderate Risk
22,Male,Urban,Mashonaland Central,Secondary,Informal,4,1,1,1,0,3,Low,1.0,0,1,0,10,20.0,50.0,21.5,Low Risk
33,Female,Urban,Manicaland,Secondary,Informal,5,1,1,1,1,4,Low,3.3,1,1,0,0,22.0,0.0,7.7,Low Risk
30,Female,Urban,Harare,Primary,Unemployed,2,1,1,0,0,2,Medium,6.6,1,0,1,30,44.0,25.0,33.9,Moderate Risk
27,Male,Urban,Midlands,Tertiary,Informal,4,1,1,0,1,3,Low,2.5,1,1,1,20,12.0,0.0,13.2,Low Risk
28,Female,Rural,Mashonaland West,Secondary,Informal,2,0,1,1,0,2,Medium,16.8,0,1,1,50,50.0,45.0,49.0,High Risk
45,Male,Urban,Harare,Primary,Informal,2,0,1,0,1,2,Medium,1.0,1,0,1,60,26.0,20.0,40.1,Moderate Risk
66,Male,Urban,Bulawayo,Tertiary,Unemployed,2,1,1,0,0,2,Medium,8.2,1,0,1,30,36.0,25.0,31.1,Moderate Risk
49,Female,Rural,Mashonaland West,Primary,Formal,4,1,1,1,1,4,Low,9.1,0,1,1,0,36.0,35.0,19.6,Low Risk
53,Female,Rural,Masvingo,None,Informal,1,1,0,0,1,2,Medium,2.3,0,0,1,50,69.0,70.0,60.65,High Risk
32,Female,Urban,Harare,Secondary,Formal,5,1,0,1,1,3,Low,4.7,1,1,0,30,10.0,0.0,17.0,Low Risk
39,Female,Rural,Mashonaland Central,Tertiary,Informal,2,0,0,1,0,1,High,34.0,0,0,1,80,50.0,100.0,73.5,Critical Risk
43,Male,Urban,Matabeleland North,Secondary,Informal,3,1,1,0,0,2,Medium,0.7,1,1,0,30,12.0,20.0,21.7,Low Risk
28,Female,Rural,Midlands,Secondary,Unemployed,2,1,0,1,0,2,Medium,20.5,0,1,1,40,58.0,60.0,50.3,High Risk
32,Female,Urban,Bulawayo,Secondary,Unemployed,3,1,0,1,0,2,Medium,1.8,1,1,1,40,30.0,0.0,28.5,Moderate Risk
49,Male,Rural,Midlands,Secondary,Informal,2,0,0,0,1,1,High,49.7,0,1,1,90,40.0,60.0,66.5,Critical Risk
53,Male,Rural,Mashonaland West,Primary,Formal,4,1,1,1,1,4,Low,22.0,1,0,0,0,26.0,50.0,19.1,Low Risk
38,Female,Rural,Mashonaland East,None,Informal,1,1,1,0,1,3,Low,9.6,1,0,0,20,69.0,25.0,38.15,Moderate Risk
21,Female,Rural,Midlands,Secondary,Informal,3,1,1,0,1,3,Low,6.6,1,1,0,20,50.0,5.0,27.5,Moderate Risk
33,Male,Rural,Masvingo,Primary,Informal,2,1,0,0,0,1,High,30.8,0,0,1,60,46.0,100.0,63.1,High Risk
18,Female,Urban,Mashonaland Central,Secondary,Informal,4,0,1,0,0,1,High,13.3,1,0,0,70,30.0,55.0,53.0,High Risk
39,Male,Rural,Mashonaland West,None,Informal,1,1,1,0,0,2,Medium,47.5,1,0,1,30,59.0,50.0,44.15,Moderate Risk
41,Male,Rural,Mashonaland West,Secondary,Informal,3,1,0,1,0,2,Medium,26.4,1,1,1,40,32.0,30.0,35.2,Moderate Risk
34,Male,Rural,Manicaland,Secondary,Informal,2,1,0,0,1,2,Medium,11.8,1,0,0,50,40.0,35.0,43.5,Moderate Risk
41,Female,Urban,Midlands,Secondary,Formal,5,1,1,1,1,4,Low,1.1,1,1,1,0,10.0,0.0,3.5,Low Risk
43,Male,Urban,Harare,Secondary,Informal,2,1,1,0,0,2,Medium,0.1,1,1,0,30,20.0,0.0,20.5,Low Risk
41,Male,Rural,Mashonaland West,Primary,Informal,4,1,1,0,0,2,Medium,1.9,0,0,0,30,38.0,50.0,36.8,Moderate Risk
21,Male,Urban,Harare,Secondary,Formal,3,1,1,1,1,4,Low,2.1,1,1,0,0,8.0,0.0,2.8,Low Risk
34,Female,Urban,Bulawayo,Primary,Informal,4,1,1,1,0,3,Low,0.1,1,1,0,10,28.0,0.0,14.3,Low Risk
43,Female,Urban,Harare,Secondary,Formal,5,1,1,1,1,4,Low,3.4,1,1,0,0,10.0,0.0,3.5,Low Risk
60,Male,Rural,Matabeleland South,None,Informal,1,0,1,0,1,2,Medium,35.5,0,1,1,60,59.0,80.0,63.65,High Risk
34,Female,Urban,Bulawayo,None,Unemployed,4,1,1,0,0,2,Medium,8.5,0,1,0,30,42.0,35.0,35.2,Moderate Risk
45,Male,Urban,Harare,Primary,Informal,3,1,0,0,1,2,Medium,3.7,0,1,1,50,18.0,30.0,34.8,Moderate Risk
50,Male,Urban,Harare,Secondary,Formal,3,1,1,1,1,4,Low,7.8,1,1,0,0,0.0,5.0,1.0,Low Risk
35,Female,Rural,Mashonaland Central,Secondary,Informal,1,1,1,0,0,2,Medium,8.9,1,1,0,30,57.0,25.0,38.45,Moderate Risk
54,Female,Rural,Matabeleland North,Secondary,Formal,4,1,1,1,0,3,Low,14.6,1,0,0,10,30.0,55.0,26.0,Moderate Risk
54,Male,Urban,Mashonaland West,Secondary,Unemployed,4,1,1,1,0,3,Low,2.5,0,1,0,10,20.0,30.0,17.5,Low Risk
57,Female,Urban,Harare,Secondary,Informal,3,1,1,0,1,3,Low,0.5,1,0,0,20,22.0,20.0,20.7,Low Risk
44,Male,Rural,Masvingo,Secondary,Informal,1,1,1,1,0,3,Low,4.0,0,0,0,10,47.0,70.0,34.95,Moderate Risk
71,Female,Urban,Harare,Secondary,Informal,5,1,1,0,0,2,Medium,3.4,1,0,0,30,30.0,20.0,28.0,Moderate Risk
29,Female,Rural,Midlands,Secondary,Informal,2,1,1,0,0,2,Medium,2.5,1,1,0,30,50.0,0.0,31.0,Moderate Risk
67,Female,Urban,Midlands,Tertiary,Formal,4,1,1,1,1,4,Low,3.1,1,1,0,0,18.0,0.0,6.3,Low Risk
48,Male,Rural,Matabeleland South,Secondary,Informal,2,1,0,0,1,2,Medium,40.3,1,1,1,50,40.0,50.0,46.5,High Risk
56,Female,Urban,Harare,Tertiary,Informal,4,1,1,1,1,4,Low,2.0,1,1,0,0,22.0,0.0,7.7,Low Risk
33,Female,Rural,Mashonaland West,Secondary,Informal,2,1,1,0,1,3,Low,13.5,0,0,1,20,50.0,65.0,39.5,Moderate Risk
49,Male,Urban,Midlands,Secondary,Formal,4,1,1,1,1,4,Low,2.2,1,1,0,0,0.0,0.0,0.0,Low Risk
57,Male,Rural,Mashonaland Central,Secondary,Unemployed,1,1,1,0,0,2,Medium,12.7,1,0,0,30,55.0,55.0,43.75,Moderate Risk
22,Female,Rural,Matabeleland North,Secondary,Formal,4,1,1,1,1,4,Low,5.2,1,0,0,0,38.0,45.0,22.3,Low Risk
35,Male,Rural,Midlands,Primary,Informal,2,0,1,1,1,3,Low,16.3,1,0,0,40,46.0,35.0,41.1,Moderate Risk
18,Female,Urban,Mashonaland Central,Secondary,Formal,5,1,1,1,1,4,Low,5.9,1,1,0,0,18.0,25.0,11.3,Low Risk
35,Male,Urban,Bulawayo,Tertiary,Formal,4,1,1,1,1,4,Low,2.0,1,1,0,0,0.0,0.0,0.0,Low Risk
26,Female,Rural,Mashonaland West,Secondary,Informal,2,1,0,0,1,2,Medium,13.7,1,0,1,50,50.0,35.0,47.0,High Risk
34,Male,Rural,Midlands,None,Unemployed,1,1,1,0,0,2,Medium,2.0,0,1,0,30,67.0,30.0,42.95,Moderate Risk
78,Female,Urban,Harare,Secondary,Formal,5,1,1,1,1,4,Low,1.6,1,1,0,0,18.0,0.0,6.3,Low Risk
62,Female,Urban,Matabeleland North,Secondary,Formal,5,1,1,1,1,4,Low,1.9,1,1,0,0,10.0,20.0,7.5,Low Risk
18,Male,Urban,Harare,Secondary,Formal,5,1,1,1,1,4,Low,0.4,1,1,0,0,8.0,0.0,2.8,Low Risk
45,Female,Rural,Matabeleland South,Secondary,Formal,5,1,1,1,1,4,Low,24.4,1,0,1,0,30.0,70.0,24.5,Low Risk
49,Female,Rural,Midlands,Secondary,Informal,2,1,1,0,0,2,Medium,4.9,1,1,0,30,50.0,0.0,31.0,Moderate Risk
33,Male,Rural,Masvingo,Secondary,Informal,2,1,0,0,1,2,Medium,16.5,1,1,0,50,40.0,35.0,43.5,Moderate Risk
40,Male,Rural,Mashonaland East,None,Informal,2,0,1,0,0,1,High,57.5,1,1,1,70,52.0,30.0,55.7,High Risk
41,Female,Urban,Harare,Secondary,Formal,5,1,1,1,1,4,Low,9.7,1,1,0,0,10.0,5.0,4.5,Low Risk
19,Female,Urban,Mashonaland East,None,Formal,4,1,1,1,1,4,Low,0.1,1,1,1,0,30.0,0.0,10.5,Low Risk
23,Male,Urban,Bulawayo,Secondary,Informal,2,1,1,0,0,2,Medium,3.7,1,0,0,30,28.0,20.0,27.3,Moderate Risk
40,Female,Rural,Mashonaland Central,Secondary,Unemployed,2,1,1,0,0,2,Medium,23.8,1,0,0,30,58.0,70.0,47.8,High Risk
39,Male,Urban,Masvingo,Primary,Formal,4,1,1,1,1,4,Low,8.8,1,1,0,0,6.0,25.0,7.1,Low Risk
28,Male,Urban,Matabeleland North,Tertiary,Informal,2,1,1,0,0,2,Medium,2.6,1,0,0,30,20.0,40.0,28.5,Moderate Risk
26,Female,Urban,Masvingo,Secondary,Informal,3,1,1,0,1,3,Low,3.6,1,0,0,20,22.0,40.0,24.7,Low Risk
36,Male,Urban,Bulawayo,Secondary,Informal,4,1,1,0,1,3,Low,1.5,1,1,0,20,12.0,0.0,13.2,Low Risk
50,Male,Rural,Midlands,Primary,Informal,3,1,1,0,1,3,Low,55.5,1,1,1,20,38.0,30.0,28.3,Moderate Risk
36,Female,Urban,Masvingo,Primary,Informal,2,0,1,0,1,2,Medium,1.0,1,1,0,60,36.0,20.0,43.6,Moderate Risk
60,Male,Urban,Harare,None,Unemployed,2,1,1,0,0,2,Medium,0.5,1,0,0,30,40.0,20.0,31.5,Moderate Risk
28,Male,Rural,Midlands,Tertiary,Formal,4,1,1,1,1,4,Low,16.0,0,0,0,0,20.0,65.0,20.0,Low Risk
40,Female,Urban,Bulawayo,Secondary,Informal,3,1,1,1,1,4,Low,3.4,1,1,0,0,22.0,0.0,7.7,Low Risk
33,Female,Urban,Matabeleland North,Tertiary,Informal,3,1,1,0,1,3,Low,2.0,1,1,0,20,22.0,20.0,20.7,Low Risk
46,Female,Urban,Mashonaland Central,Secondary,Unemployed,3,1,1,0,0,2,Medium,9.8,1,1,0,30,30.0,25.0,29.0,Moderate Risk
27,Female,Rural,Matabeleland North,Tertiary,Informal,1,0,0,0,1,1,High,6.7,1,0,1,90,57.0,45.0,69.45,Critical Risk
64,Male,Urban,Harare,Tertiary,Unemployed,3,1,0,0,0,1,High,1.2,1,1,0,60,20.0,0.0,34.0,Moderate Risk
18,Male,Rural,Bulawayo,None,Informal,1,1,0,0,0,1,High,3.5,1,0,0,60,67.0,20.0,54.45,High Risk
62,Female,Rural,Mashonaland East,Primary,Informal,2,1,1,0,1,3,Low,12.6,1,0,1,20,56.0,35.0,35.6,Moderate Risk
39,Male,Rural,Matabeleland North,Primary,Unemployed,1,1,0,0,0,1,High,4.2,0,1,1,60,61.0,50.0,58.35,High Risk
45,Male,Urban,Masvingo,Secondary,Informal,3,1,1,0,0,2,Medium,3.4,1,1,1,30,12.0,20.0,21.7,Low Risk
56,Female,Rural,Harare,Secondary,Informal,1,0,1,0,1,2,Medium,8.1,1,0,1,60,57.0,25.0,51.95,High Risk
50,Female,Urban,Harare,Secondary,Informal,3,1,1,0,1,3,Low,6.6,1,0,0,20,22.0,25.0,21.7,Low Risk
27,Female,Urban,Bulawayo,Tertiary,Formal,5,0,1,1,1,3,Low,3.1,1,1,1,40,10.0,0.0,21.5,Low Risk
46,Male,Urban,Harare,None,Unemployed,2,1,1,0,0,2,Medium,2.1,1,1,1,30,40.0,0.0,27.5,Moderate Risk
64,Male,Urban,Harare,Tertiary,Informal,5,1,1,0,1,3,Low,0.3,1,1,0,20,12.0,0.0,13.2,Low Risk
25,Female,Urban,Harare,Secondary,Informal,3,1,1,0,0,2,Medium,0.4,1,0,0,30,22.0,20.0,25.2,Moderate Risk
67,Female,Urban,Bulawayo,None,Formal,5,1,1,0,1,3,Low,2.3,1,1,0,20,30.0,0.0,19.5,Low Risk
43,Male,Urban,Bulawayo,Tertiary,Formal,5,1,1,1,1,4,Low,2.9,1,1,0,0,0.0,0.0,0.0,Low Risk
31,Male,Urban,Mashonaland West,Secondary,Formal,5,1,1,1,1,4,Low,2.8,1,1,1,0,0.0,0.0,0.0,Low Risk
25,Male,Rural,Mashonaland East,Secondary,Informal,1,1,0,0,0,1,High,12.6,1,0,0,60,47.0,35.0,50.45,High Risk
34,Female,Rural,Manicaland,Secondary,Informal,2,0,1,0,1,2,Medium,2.6,1,0,1,60,50.0,20.0,48.5,High Risk
18,Female,Urban,Mashonaland East,Primary,Unemployed,2,1,1,0,0,2,Medium,4.1,0,1,0,30,52.0,30.0,37.7,Moderate Risk
32,Male,Rural,Midlands,Primary,Informal,1,1,1,1,1,4,Low,6.6,1,0,0,0,53.0,25.0,23.55,Low Risk
34,Male,Urban,Harare,Primary,Informal,3,1,1,0,0,2,Medium,6.5,0,1,0,30,18.0,35.0,26.8,Moderate Risk
22,Male,Urban,Masvingo,Primary,Unemployed,1,1,1,0,0,2,Medium,0.7,1,1,0,30,49.0,20.0,34.65,Moderate Risk
48,Male,Urban,Mashonaland Central,Tertiary,Unemployed,3,1,0,0,0,1,High,2.9,1,1,1,60,20.0,20.0,38.0,Moderate Risk
34,Female,Urban,Matabeleland North,Tertiary,Informal,3,1,1,1,0,3,Low,6.4,0,1,0,10,22.0,55.0,23.2,Low Risk
29,Male,Urban,Harare,Secondary,Formal,5,1,1,1,1,4,Low,4.9,1,1,0,0,0.0,0.0,0.0,Low Risk
33,Female,Urban,Harare,Secondary,Informal,3,1,1,0,1,3,Low,1.2,1,1,0,20,22.0,0.0,16.7,Low Risk
42,Female,Urban,Harare,Tertiary,Formal,5,1,1,0,1,3,Low,1.1,1,1,0,20,10.0,0.0,12.5,Low Risk
39,Female,Urban,Mashonaland Central,Secondary,Formal,5,0,1,0,1,2,Medium,3.0,1,1,1,60,10.0,20.0,34.5,Moderate Risk
28,Female,Urban,Masvingo,None,Informal,2,1,1,1,1,4,Low,2.4,0,1,0,0,42.0,50.0,24.7,Low Risk
39,Male,Urban,Bulawayo,Tertiary,Informal,4,1,1,0,0,2,Medium,1.0,1,1,0,30,12.0,0.0,17.7,Low Risk
37,Male,Urban,Harare,Tertiary,Formal,5,0,1,1,1,3,Low,18.4,1,1,0,40,0.0,15.0,21.0,Low Risk
22,Male,Urban,Harare,Secondary,Unemployed,2,1,1,0,0,2,Medium,0.2,1,0,0,30,36.0,20.0,30.1,Moderate Risk
33,Female,Urban,Bulawayo,Secondary,Unemployed,5,0,1,0,0,1,High,0.1,1,0,0,70,30.0,20.0,46.0,High Risk
46,Male,Urban,Matabeleland North,Secondary,Informal,3,0,1,0,1,2,Medium,3.6,1,1,1,60,12.0,20.0,35.2,Moderate Risk
46,Male,Urban,Harare,Secondary,Formal,3,1,1,0,1,3,Low,4.2,1,1,0,20,0.0,0.0,9.0,Low Risk
34,Male,Urban,Bulawayo,Secondary,Formal,5,1,1,1,1,4,Low,3.3,1,1,0,0,0.0,0.0,0.0,Low Risk
47,Male,Rural,Masvingo,Primary,Informal,1,0,0,0,1,1,High,45.6,1,0,1,90,53.0,70.0,73.05,Critical Risk
24,Female,Urban,Masvingo,Tertiary,Informal,4,1,1,0,1,3,Low,2.6,0,1,0,20,30.0,50.0,29.5,Moderate Risk
24,Female,Urban,Mashonaland West,Secondary,Informal,3,1,1,0,1,3,Low,9.9,1,0,0,20,30.0,25.0,24.5,Low Risk
34,Female,Urban,Harare,Tertiary,Formal,5,1,1,1,1,4,Low,7.6,1,1,0,0,10.0,5.0,4.5,Low Risk
58,Female,Rural,Matabeleland North,Secondary,Informal,2,1,1,0,1,3,Low,2.6,0,0,0,20,50.0,70.0,40.5,Moderate Risk
40,Male,Rural,Midlands,Secondary,Informal,2,1,0,0,1,2,Medium,4.3,1,0,0,50,40.0,20.0,40.5,Moderate Risk
34,Male,Rural,Midlands,Primary,Informal,3,0,1,0,0,1,High,32.4,1,1,1,70,38.0,30.0,50.8,High Risk
59,Male,Rural,Masvingo,Primary,Informal,1,1,1,0,0,2,Medium,25.6,0,0,1,30,53.0,100.0,52.05,High Risk
33,Female,Urban,Harare,Tertiary,Formal,4,1,1,0,1,3,Low,1.0,1,1,0,20,10.0,0.0,12.5,Low Risk
69,Female,Rural,Masvingo,Secondary,Informal,1,1,1,1,1,4,Low,24.5,1,1,0,0,65.0,50.0,32.75,Moderate Risk
30,Male,Urban,Bulawayo,Secondary,Unemployed,1,1,1,0,0,2,Medium,3.8,1,1,0,30,35.0,0.0,25.75,Moderate Risk
23,Female,Rural,Mashonaland East,Tertiary,Informal,2,0,0,0,1,1,High,1.0,1,0,1,90,58.0,20.0,64.8,High Risk
35,Male,Urban,Midlands,Tertiary,Formal,5,1,1,1,1,4,Low,4.7,1,1,0,0,0.0,0.0,0.0,Low Risk
34,Male,Urban,Harare,Primary,Informal,4,1,1,1,1,4,Low,0.4,1,1,0,0,18.0,0.0,6.3,Low Risk
26,Female,Rural,Midlands,Primary,Unemployed,1,1,1,0,0,2,Medium,7.5,1,0,0,30,71.0,25.0,43.35,Moderate Risk
74,Female,Urban,Harare,Secondary,Formal,5,1,1,1,1,4,Low,3.1,1,1,0,0,18.0,0.0,6.3,Low Risk
42,Female,Rural,Harare,None,Informal,1,1,1,0,1,3,Low,46.1,1,0,0,20,69.0,50.0,43.15,Moderate Risk
44,Female,Urban,Bulawayo,Tertiary,Informal,3,1,1,0,1,3,Low,1.0,1,1,0,20,22.0,0.0,16.7,Low Risk
31,Male,Rural,Masvingo,Secondary,Informal,3,1,1,0,1,3,Low,13.5,0,0,1,20,32.0,85.0,37.2,Moderate Risk
29,Female,Rural,Midlands,None,Unemployed,2,1,0,0,0,1,High,16.3,1,0,1,60,70.0,35.0,58.5,High Risk
52,Female,Urban,Bulawayo,Secondary,Informal,2,0,1,0,1,2,Medium,9.6,1,1,1,60,30.0,5.0,38.5,Moderate Risk
18,Female,Rural,Manicaland,Primary,Informal,3,0,0,0,0,0,High,9.5,1,0,1,100,56.0,25.0,69.6,Critical Risk
21,Male,Rural,Midlands,Secondary,Unemployed,1,1,0,0,0,1,High,10.2,1,0,1,60,63.0,35.0,56.05,High Risk
34,Female,Rural,Masvingo,Primary,Informal,1,1,1,0,1,3,Low,14.1,1,0,0,20,63.0,55.0,42.05,Moderate Risk
56,Male,Urban,Harare,Tertiary,Informal,4,1,1,1,0,3,Low,0.3,1,1,0,10,12.0,0.0,8.7,Low Risk
32,Male,Urban,Masvingo,Tertiary,Formal,5,0,1,1,1,3,Low,0.6,1,1,1,40,0.0,20.0,22.0,Low Risk
43,Female,Rural,Manicaland,Tertiary,Informal,2,0,1,0,1,2,Medium,4.1,0,0,1,60,50.0,50.0,54.5,High Risk
38,Female,Urban,Harare,Secondary,Unemployed,3,1,1,0,0,2,Medium,2.3,0,1,0,30,30.0,30.0,30.0,Moderate Risk
56,Female,Urban,Bulawayo,Secondary,Formal,5,1,1,1,1,4,Low,1.7,1,1,0,0,10.0,0.0,3.5,Low Risk
18,Female,Urban,Bulawayo,Tertiary,Formal,5,1,1,1,1,4,Low,2.2,1,1,0,0,18.0,0.0,6.3,Low Risk
48,Male,Rural,Masvingo,Primary,Unemployed,1,1,1,0,0,2,Medium,49.2,1,1,0,30,61.0,50.0,44.85,Moderate Risk
35,Female,Urban,Matabeleland North,Secondary,Formal,5,1,1,1,1,4,Low,4.4,1,1,0,0,10.0,20.0,7.5,Low Risk
50,Male,Rural,Mashonaland Central,Tertiary,Formal,3,1,1,1,1,4,Low,20.1,1,1,0,0,20.0,50.0,17.0,Low Risk
26,Female,Rural,Midlands,Secondary,Informal,1,0,0,0,1,1,High,28.6,0,1,1,90,57.0,60.0,72.45,Critical Risk
38,Male,Urban,Harare,Tertiary,Informal,5,1,1,0,1,3,Low,0.8,1,1,0,20,12.0,0.0,13.2,Low Risk
36,Female,Urban,Harare,Secondary,Informal,4,1,1,0,1,3,Low,2.6,1,1,0,20,22.0,0.0,16.7,Low Risk
23,Female,Rural,Mashonaland Central,Secondary,Informal,3,1,1,0,1,3,Low,8.7,0,1,1,20,50.0,55.0,37.5,Moderate Risk
20,Female,Urban,Harare,Secondary,Formal,4,1,1,1,1,4,Low,2.9,1,1,0,0,18.0,0.0,6.3,Low Risk
29,Male,Rural,Mashonaland West,Secondary,Informal,2,1,1,0,1,3,Low,35.1,1,0,0,20,40.0,50.0,33.0,Moderate Risk
39,Male,Rural,Midlands,Primary,Informal,1,0,0,0,0,0,High,27.6,0,1,1,100,53.0,60.0,75.55,Critical Risk
27,Male,Rural,Matabeleland South,Secondary,Informal,4,1,1,0,1,3,Low,8.9,0,0,0,20,32.0,75.0,35.2,Moderate Risk
33,Male,Urban,Mashonaland Central,Secondary,Informal,4,1,1,0,0,2,Medium,1.7,1,1,0,30,12.0,20.0,21.7,Low Risk
18,Female,Rural,Harare,Secondary,Informal,2,1,1,0,0,2,Medium,34.1,1,1,0,30,58.0,30.0,39.8,Moderate Risk
32,Male,Rural,Midlands,Secondary,Formal,4,1,0,1,1,3,Low,6.7,1,0,0,30,20.0,25.0,25.5,Moderate Risk
52,Female,Urban,Harare,Tertiary,Formal,5,0,1,1,0,2,Medium,0.1,0,1,1,50,10.0,30.0,32.0,Moderate Risk
47,Male,Rural,Matabeleland North,Primary,Unemployed,2,1,1,0,0,2,Medium,2.0,0,1,0,30,54.0,50.0,42.4,Moderate Risk
36,Male,Rural,Matabeleland North,Secondary,Unemployed,1,1,1,0,0,2,Medium,1.0,0,0,1,30,55.0,70.0,46.75,High Risk
41,Female,Rural,Mashonaland Central,Secondary,Informal,3,1,1,0,1,3,Low,5.8,1,1,1,20,42.0,25.0,28.7,Moderate Risk
26,Male,Urban,Bulawayo,Secondary,Unemployed,2,1,1,0,0,2,Medium,2.0,1,1,1,30,28.0,0.0,23.3,Low Risk
60,Male,Urban,Matabeleland North,Primary,Informal,3,1,1,1,0,3,Low,1.4,1,1,0,10,18.0,20.0,14.8,Low Risk
66,Male,Urban,Harare,Secondary,Unemployed,2,1,1,0,0,2,Medium,2.5,1,1,0,30,36.0,0.0,26.1,Moderate Risk
40,Male,Urban,Manicaland,Tertiary,Unemployed,3,1,1,1,0,3,Low,0.6,1,1,0,10,20.0,0.0,11.5,Low Risk
74,Female,Urban,Matabeleland South,Tertiary,Informal,5,1,1,0,0,2,Medium,1.1,1,1,0,30,30.0,20.0,28.0,Moderate Risk
28,Male,Rural,Mashonaland East,Primary,Informal,1,1,0,0,0,1,High,26.0,1,1,1,60,53.0,30.0,51.55,High Risk
20,Male,Urban,Harare,Secondary,Formal,5,1,1,0,1,3,Low,6.0,1,1,1,20,8.0,5.0,12.8,Low Risk
28,Female,Rural,Mashonaland West,Primary,Informal,1,0,1,1,1,3,Low,53.6,1,0,1,40,63.0,50.0,50.05,High Risk
34,Female,Urban,Mashonaland East,Tertiary,Formal,5,1,1,1,1,4,Low,0.1,1,1,0,0,10.0,0.0,3.5,Low Risk
70,Female,Urban,Harare,Tertiary,Informal,3,1,1,0,0,2,Medium,0.3,1,1,0,30,30.0,0.0,24.0,Low Risk
34,Male,Urban,Bulawayo,Tertiary,Formal,5,1,1,1,1,4,Low,0.3,1,1,0,0,0.0,0.0,0.0,Low Risk
25,Female,Urban,Harare,Secondary,Informal,3,1,0,0,1,2,Medium,0.8,0,1,0,50,22.0,30.0,36.2,Moderate Risk
25,Male,Rural,Midlands,Primary,Unemployed,2,1,0,0,0,1,High,4.8,0,0,1,60,54.0,50.0,55.9,High Risk
53,Male,Rural,Midlands,Secondary,Informal,3,1,1,0,0,2,Medium,1.6,1,1,0,30,32.0,0.0,24.7,Low Risk
51,Female,Rural,Masvingo,Primary,Informal,1,1,1,0,1,3,Low,44.7,0,0,1,20,63.0,100.0,51.05,High Risk
31,Female,Urban,Midlands,Secondary,Informal,4,1,1,0,0,2,Medium,3.3,1,0,1,30,22.0,20.0,25.2,Moderate Risk
18,Female,Rural,Matabeleland North,None,Informal,2,0,0,0,1,1,High,61.6,1,0,0,90,70.0,70.0,79.0,Critical Risk
22,Female,Urban,Matabeleland South,Primary,Unemployed,1,1,1,0,0,2,Medium,6.3,1,1,0,30,59.0,25.0,39.15,Moderate Risk
62,Male,Rural,Mashonaland Central,Primary,Informal,3,1,0,1,0,2,Medium,16.5,1,0,0,40,38.0,55.0,42.3,Moderate Risk
47,Female,Urban,Harare,Tertiary,Formal,5,1,1,1,1,4,Low,3.7,0,1,0,0,10.0,30.0,9.5,Low Risk
38,Female,Urban,Masvingo,Tertiary,Informal,3,1,0,0,0,1,High,2.2,0,1,0,60,22.0,50.0,44.7,Moderate Risk
64,Male,Urban,Harare,Tertiary,Informal,4,1,1,1,0,3,Low,5.9,0,1,0,10,12.0,35.0,15.7,Low Risk
65,Male,Urban,Harare,Secondary,Formal,5,1,1,1,1,4,Low,1.4,1,1,0,0,8.0,0.0,2.8,Low Risk
37,Male,Urban,Mashonaland Central,Tertiary,Informal,3,1,0,1,1,3,Low,5.9,1,1,0,30,12.0,25.0,22.7,Low Risk
37,Female,Rural,Masvingo,Secondary,Informal,1,0,1,0,1,2,Medium,16.5,1,0,1,60,57.0,55.0,57.95,High Risk
29,Male,Rural,Mashonaland East,None,Informal,3,1,1,1,0,3,Low,16.4,1,0,0,10,44.0,35.0,26.9,Moderate Risk
34,Male,Rural,Mashonaland West,Primary,Informal,2,0,0,0,1,1,High,13.9,0,1,1,90,46.0,45.0,65.6,Critical Risk
18,Female,Urban,Harare,Primary,Informal,4,1,1,0,1,3,Low,1.8,0,1,0,20,36.0,30.0,27.6,Moderate Risk
18,Female,Rural,Manicaland,Secondary,Informal,2,1,0,1,0,2,Medium,1.0,1,0,0,40,58.0,20.0,42.3,Moderate Risk
18,Male,Urban,Harare,Tertiary,Informal,3,1,1,1,0,3,Low,0.4,1,1,0,10,20.0,0.0,11.5,Low Risk
53,Female,Urban,Bulawayo,Secondary,Formal,4,1,1,1,0,3,Low,0.3,1,1,0,10,10.0,0.0,8.0,Low Risk
18,Female,Urban,Mashonaland East,Secondary,Informal,4,1,1,0,1,3,Low,4.8,1,1,0,20,30.0,0.0,19.5,Low Risk
65,Female,Urban,Harare,Secondary,Unemployed,3,1,1,0,0,2,Medium,0.4,1,1,0,30,38.0,0.0,26.8,Moderate Risk
27,Male,Rural,Mashonaland East,Primary,Informal,1,1,0,0,0,1,High,14.7,1,1,1,60,53.0,15.0,48.55,High Risk
62,Male,Urban,Bulawayo,Secondary,Informal,3,1,1,1,0,3,Low,9.4,1,1,0,10,12.0,5.0,9.7,Low Risk
32,Female,Urban,Harare,Tertiary,Unemployed,4,1,1,0,0,2,Medium,0.6,0,0,0,30,30.0,50.0,34.0,Moderate Risk
18,Male,Rural,Mashonaland East,Secondary,Informal,2,0,0,1,1,2,Medium,8.6,0,0,1,70,48.0,55.0,59.3,High Risk
55,Female,Urban,Harare,Primary,Formal,4,1,1,1,1,4,Low,2.2,1,1,0,0,16.0,0.0,5.6,Low Risk
57,Male,Rural,Matabeleland North,Secondary,Formal,3,0,1,1,1,3,Low,46.3,1,1,0,40,20.0,50.0,35.0,Moderate Risk
25,Female,Urban,Harare,None,Informal,2,1,1,0,1,3,Low,2.8,0,1,1,20,42.0,30.0,29.7,Moderate Risk
33,Female,Rural,Mashonaland West,None,Informal,1,1,0,0,1,2,Medium,10.3,1,1,0,50,69.0,15.0,49.65,High Risk
25,Female,Rural,Masvingo,None,Informal,1,1,1,0,0,2,Medium,1.0,1,0,1,30,69.0,40.0,45.65,High Risk
36,Female,Rural,Matabeleland South,None,Informal,1,0,0,1,1,2,Medium,12.5,1,0,1,70,69.0,55.0,66.65,Critical Risk
39,Female,Rural,Matabeleland North,Primary,Informal,2,0,0,0,0,0,High,10.9,1,0,1,100,56.0,55.0,75.6,Critical Risk
33,Male,Rural,Midlands,Primary,Informal,1,0,0,1,1,2,Medium,19.2,1,1,1,70,53.0,15.0,53.05,High Risk
18,Male,Rural,Matabeleland North,Secondary,Formal,5,1,1,1,1,4,Low,6.4,1,0,0,0,28.0,45.0,18.8,Low Risk
29,Female,Urban,Harare,Secondary,Informal,4,1,1,0,1,3,Low,2.1,1,1,0,20,22.0,0.0,16.7,Low Risk
47,Female,Urban,Harare,Primary,Informal,4,1,1,0,1,3,Low,1.3,1,1,0,20,28.0,0.0,18.8,Low Risk
35,Female,Rural,Manicaland,Tertiary,Formal,4,1,0,0,1,2,Medium,9.0,0,1,0,50,30.0,35.0,40.0,Moderate Risk
33,Female,Urban,Harare,Tertiary,Formal,5,1,1,1,1,4,Low,2.2,1,1,0,0,10.0,0.0,3.5,Low Risk
24,Male,Urban,Harare,Primary,Informal,3,1,1,0,1,3,Low,3.7,1,1,0,20,26.0,0.0,18.1,Low Risk
29,Female,Urban,Harare,Secondary,Formal,5,1,1,1,1,4,Low,4.4,1,1,0,0,10.0,0.0,3.5,Low Risk
57,Female,Urban,Manicaland,Secondary,Informal,3,1,1,0,0,2,Medium,2.8,0,1,0,30,22.0,30.0,27.2,Moderate Risk
22,Female,Urban,Bulawayo,Tertiary,Informal,3,1,1,0,1,3,Low,0.3,1,0,0,20,30.0,20.0,23.5,Low Risk
48,Female,Rural,Mashonaland East,Primary,Informal,4,0,1,0,1,2,Medium,24.2,1,0,1,60,48.0,50.0,53.8,High Risk
38,Female,Rural,Mashonaland West,None,Informal,1,1,0,1,0,2,Medium,3.6,0,0,1,40,69.0,50.0,52.15,High Risk
41,Female,Rural,Mashonaland Central,Secondary,Informal,3,0,1,0,1,2,Medium,14.9,1,0,1,60,42.0,55.0,52.7,High Risk
27,Male,Urban,Bulawayo,Tertiary,Formal,5,1,1,1,1,4,Low,6.2,1,1,0,0,0.0,5.0,1.0,Low Risk
33,Female,Urban,Bulawayo,Secondary,Informal,5,1,1,0,0,2,Medium,4.9,1,1,0,30,22.0,0.0,21.2,Low Risk
37,Male,Rural,Mashonaland East,Primary,Unemployed,1,0,1,0,0,1,High,19.4,1,1,1,70,61.0,15.0,55.85,High Risk
30,Male,Urban,Harare,Secondary,Formal,5,1,1,1,1,4,Low,2.1,1,1,0,0,0.0,0.0,0.0,Low Risk
42,Male,Rural,Midlands,Primary,Informal,1,1,1,0,1,3,Low,3.0,1,0,0,20,53.0,20.0,31.55,Moderate Risk
44,Male,Urban,Bulawayo,Secondary,Informal,4,1,1,1,0,3,Low,3.4,1,1,1,10,12.0,0.0,8.7,Low Risk
68,Male,Rural,Masvingo,Secondary,Informal,3,0,1,0,0,1,High,10.9,0,1,1,70,40.0,65.0,58.5,High Risk
41,Female,Urban,Harare,Tertiary,Formal,4,0,1,1,1,3,Low,2.8,0,1,0,40,10.0,30.0,27.5,Moderate Risk
18,Female,Rural,Mashonaland Central,Secondary,Unemployed,3,1,0,1,0,2,Medium,17.8,1,0,0,40,58.0,55.0,49.3,High Risk
54,Female,Rural,Mashonaland East,Secondary,Informal,1,1,1,0,1,3,Low,2.9,1,0,1,20,57.0,20.0,32.95,Moderate Risk
35,Male,Urban,Midlands,Secondary,Unemployed,4,1,1,0,0,2,Medium,2.0,1,1,0,30,20.0,0.0,20.5,Low Risk
66,Male,Rural,Mashonaland Central,Primary,Unemployed,1,1,1,0,0,2,Medium,14.0,0,1,1,30,69.0,65.0,50.65,High Risk
58,Female,Urban,Harare,Tertiary,Formal,5,1,1,1,1,4,Low,1.7,1,1,0,0,10.0,0.0,3.5,Low Risk
30,Female,Rural,Midlands,None,Informal,1,1,1,0,1,3,Low,32.5,1,0,1,20,69.0,50.0,43.15,Moderate Risk
48,Female,Rural,Mashonaland West,Primary,Informal,2,1,1,0,1,3,Low,3.2,1,0,0,20,56.0,20.0,32.6,Moderate Risk
29,Female,Urban,Harare,Primary,Unemployed,4,1,1,0,0,2,Medium,5.0,1,0,0,30,36.0,20.0,30.1,Moderate Risk
38,Female,Urban,Bulawayo,Tertiary,Formal,5,0,1,1,1,3,Low,0.9,1,1,0,40,10.0,0.0,21.5,Low Risk
47,Female,Rural,Mashonaland West,Secondary,Informal,2,1,1,1,0,3,Low,2.2,1,1,1,10,50.0,0.0,22.0,Low Risk
53,Female,Urban,Matabeleland South,Secondary,Informal,2,1,1,0,1,3,Low,2.9,1,1,1,20,30.0,20.0,23.5,Low Risk
50,Female,Rural,Manicaland,Secondary,Formal,4,1,1,1,1,4,Low,2.8,1,1,1,0,30.0,0.0,10.5,Low Risk
39,Female,Rural,Matabeleland South,Secondary,Formal,5,1,1,1,1,4,Low,7.0,0,1,0,0,30.0,55.0,21.5,Low Risk
72,Male,Rural,Mashonaland East,Primary,Unemployed,2,1,1,0,0,2,Medium,18.5,1,0,1,30,62.0,35.0,42.2,Moderate Risk
32,Male,Urban,Mashonaland East,Secondary,Informal,2,1,0,0,1,2,Medium,2.1,1,1,0,50,20.0,0.0,29.5,Moderate Risk
18,Male,Rural,Midlands,Secondary,Informal,4,1,1,0,1,3,Low,2.7,0,0,0,20,40.0,50.0,33.0,Moderate Risk
18,Female,Rural,Midlands,Secondary,Informal,2,0,0,1,1,2,Medium,3.5,0,0,1,70,58.0,50.0,61.8,High Risk
58,Female,Urban,Masvingo,Secondary,Informal,4,1,1,1,0,3,Low,1.9,1,1,0,10,22.0,20.0,16.2,Low Risk
36,Male,Urban,Manicaland,Secondary,Informal,4,1,1,1,0,3,Low,0.5,1,1,0,10,12.0,0.0,8.7,Low Risk
40,Female,Urban,Harare,Tertiary,Formal,5,1,1,1,1,4,Low,0.8,1,1,0,0,10.0,0.0,3.5,Low Risk
30,Male,Urban,Harare,Secondary,Unemployed,1,1,0,1,0,2,Medium,3.0,1,0,1,40,35.0,20.0,34.25,Moderate Risk
31,Male,Rural,Mashonaland East,Secondary,Formal,5,1,0,1,1,3,Low,22.8,1,1,1,30,20.0,30.0,26.5,Moderate Risk
26,Female,Urban,Bulawayo,Tertiary,Formal,4,1,1,1,1,4,Low,1.6,1,1,1,0,10.0,0.0,3.5,Low Risk
44,Male,Rural,Mashonaland East,Secondary,Unemployed,2,1,1,1,0,3,Low,7.1,0,1,0,10,48.0,35.0,28.3,Moderate Risk
36,Male,Urban,Mashonaland Central,None,Formal,4,1,1,0,1,3,Low,6.8,1,1,1,20,12.0,25.0,18.2,Low Risk
44,Male,Urban,Manicaland,Secondary,Unemployed,4,1,1,0,0,2,Medium,5.7,0,1,1,30,20.0,35.0,27.5,Moderate Risk
42,Male,Urban,Midlands,Secondary,Informal,4,1,1,0,1,3,Low,2.7,0,1,0,20,12.0,30.0,19.2,Low Risk
32,Female,Rural,Mashonaland West,Primary,Informal,2,1,0,0,0,1,High,39.4,1,1,1,60,56.0,30.0,52.6,High Risk
18,Female,Rural,Matabeleland South,Primary,Formal,3,1,1,1,1,4,Low,44.0,1,0,0,0,44.0,70.0,29.4,Moderate Risk
18,Female,Urban,Mashonaland Central,Secondary,Formal,5,0,1,1,0,2,Medium,1.1,1,1,0,50,18.0,20.0,32.8,Moderate Risk
80,Female,Rural,Midlands,Secondary,Unemployed,2,1,0,0,0,1,High,21.1,1,0,1,60,66.0,50.0,60.1,High Risk
58,Male,Urban,Mashonaland Central,Secondary,Unemployed,5,1,1,0,0,2,Medium,4.0,1,0,0,30,20.0,40.0,28.5,Moderate Risk
56,Female,Urban,Harare,Secondary,Informal,4,0,1,0,1,2,Medium,0.2,1,0,1,60,22.0,20.0,38.7,Moderate Risk
28,Male,Urban,Harare,Secondary,Formal,4,1,1,1,1,4,Low,8.9,1,1,0,0,0.0,5.0,1.0,Low Risk
38,Male,Rural,Midlands,Primary,Informal,1,1,0,0,1,2,Medium,42.4,0,0,1,50,53.0,80.0,57.05,High Risk
26,Female,Rural,Matabeleland North,Secondary,Informal,3,1,1,0,0,2,Medium,5.8,1,0,0,30,42.0,45.0,37.2,Moderate Risk
19,Male,Rural,Matabeleland South,None,Informal,2,1,1,0,0,2,Medium,6.6,1,0,0,30,60.0,45.0,43.5,Moderate Risk
29,Female,Urban,Mashonaland East,Tertiary,Formal,5,1,1,1,0,3,Low,0.5,1,1,0,10,10.0,0.0,8.0,Low Risk
56,Male,Urban,Manicaland,Secondary,Formal,5,1,1,1,1,4,Low,1.4,1,1,0,0,0.0,0.0,0.0,Low Risk
49,Female,Rural,Matabeleland South,Secondary,Informal,2,1,0,0,1,2,Medium,6.0,1,1,0,50,50.0,25.0,45.0,Moderate Risk
24,Male,Urban,Matabeleland North,Tertiary,Informal,4,1,1,0,0,2,Medium,0.5,1,0,0,30,20.0,40.0,28.5,Moderate Risk
33,Male,Rural,Midlands,Secondary,Informal,1,1,1,0,1,3,Low,53.4,1,1,0,20,47.0,30.0,31.45,Moderate Risk
48,Female,Rural,Mashonaland East,Secondary,Formal,5,1,1,1,1,4,Low,14.7,1,1,0,0,30.0,15.0,13.5,Low Risk
30,Male,Urban,Harare,Tertiary,Formal,5,0,1,1,1,3,Low,7.1,1,1,0,40,0.0,5.0,19.0,Low Risk
39,Female,Rural,Manicaland,None,Informal,1,1,1,1,0,3,Low,20.1,0,0,0,10,69.0,80.0,44.65,Moderate Risk
43,Male,Rural,Mashonaland West,Primary,Informal,1,0,1,0,0,1,High,7.5,1,1,0,70,53.0,5.0,51.05,High Risk
43,Female,Urban,Mashonaland West,Tertiary,Formal,5,0,1,1,1,3,Low,0.3,1,1,0,40,10.0,0.0,21.5,Low Risk
41,Female,Rural,Midlands,Secondary,Unemployed,2,1,0,1,0,2,Medium,2.1,1,0,0,40,58.0,20.0,42.3,Moderate Risk
28,Female,Rural,Mashonaland West,Secondary,Informal,1,1,1,0,1,3,Low,15.7,1,1,1,20,57.0,15.0,31.95,Moderate Risk
30,Female,Urban,Harare,Secondary,Formal,5,1,1,1,1,4,Low,0.2,1,1,0,0,10.0,0.0,3.5,Low Risk
22,Male,Rural,Mashonaland West,Primary,Informal,3,1,1,0,1,3,Low,22.6,1,0,0,20,46.0,50.0,35.1,Moderate Risk
18,Female,Urban,Mashonaland West,Tertiary,Unemployed,3,1,1,0,0,2,Medium,0.8,1,1,0,30,38.0,0.0,26.8,Moderate Risk
36,Female,Rural,Masvingo,Secondary,Informal,3,1,1,0,1,3,Low,2.5,1,0,0,20,42.0,40.0,31.7,Moderate Risk
49,Female,Rural,Manicaland,Primary,Informal,2,0,0,0,0,0,High,38.7,1,0,1,100,56.0,50.0,74.6,Critical Risk
18,Female,Rural,Mashonaland East,Primary,Informal,1,1,0,0,1,2,Medium,25.2,1,0,1,50,71.0,50.0,57.35,High Risk
41,Female,Urban,Bulawayo,Tertiary,Formal,5,1,1,1,1,4,Low,3.8,1,1,0,0,10.0,0.0,3.5,Low Risk
48,Female,Rural,Masvingo,Secondary,Unemployed,1,0,1,0,0,1,High,2.6,0,0,1,70,65.0,70.0,68.25,Critical Risk
18,Male,Urban,Mashonaland West,Tertiary,Informal,4,1,1,0,0,2,Medium,4.0,1,0,1,30,20.0,20.0,24.5,Low Risk
34,Female,Urban,Matabeleland South,Secondary,Informal,5,1,1,1,0,3,Low,3.0,1,1,0,10,22.0,20.0,16.2,Low Risk
61,Female,Urban,Harare,Secondary,Informal,5,1,1,0,0,2,Medium,0.1,1,1,0,30,22.0,0.0,21.2,Low Risk
45,Female,Rural,Mashonaland Central,Primary,Informal,2,0,1,0,0,1,High,6.8,1,1,1,70,56.0,25.0,56.1,High Risk
18,Male,Urban,Harare,Secondary,Formal,5,1,1,1,1,4,Low,1.0,1,1,0,0,8.0,0.0,2.8,Low Risk
47,Female,Urban,Harare,Secondary,Unemployed,4,1,1,1,0,3,Low,3.2,1,1,0,10,30.0,0.0,15.0,Low Risk
27,Female,Rural,Mashonaland West,None,Informal,2,1,1,1,0,3,Low,26.2,1,0,0,10,62.0,50.0,36.2,Moderate Risk
47,Female,Urban,Harare,Secondary,Formal,5,1,0,1,1,3,Low,2.6,1,1,0,30,10.0,0.0,17.0,Low Risk
28,Male,Urban,Harare,Secondary,Unemployed,3,1,1,1,0,3,Low,0.2,1,1,0,10,20.0,0.0,11.5,Low Risk
37,Male,Urban,Mashonaland West,Tertiary,Unemployed,3,1,1,0,0,2,Medium,4.8,0,1,1,30,20.0,30.0,26.5,Moderate Risk
30,Male,Urban,Harare,Secondary,Informal,3,1,1,0,1,3,Low,2.7,0,0,0,20,12.0,50.0,23.2,Low Risk
38,Male,Rural,Matabeleland South,Secondary,Informal,2,1,1,0,1,3,Low,36.1,1,0,1,20,40.0,70.0,37.0,Moderate Risk
30,Female,Urban,Harare,Secondary,Formal,5,1,1,1,1,4,Low,1.4,1,1,1,0,10.0,0.0,3.5,Low Risk
34,Male,Urban,Harare,Primary,Informal,2,1,1,0,0,2,Medium,3.3,1,0,0,30,26.0,20.0,26.6,Moderate Risk
21,Female,Rural,Manicaland,Secondary,Formal,4,0,1,1,0,2,Medium,13.0,1,1,0,50,38.0,15.0,38.8,Moderate Risk
44,Male,Rural,Harare,Secondary,Informal,1,1,1,0,0,2,Medium,19.5,0,1,1,30,47.0,45.0,38.95,Moderate Risk
40,Male,Rural,Mashonaland East,Secondary,Informal,2,1,0,0,0,1,High,19.3,1,1,0,60,40.0,15.0,44.0,Moderate Risk
18,Female,Rural,Matabeleland South,Secondary,Unemployed,2,0,1,0,0,1,High,22.5,0,0,1,70,66.0,100.0,74.6,Critical Risk
51,Male,Rural,Midlands,Secondary,Unemployed,2,0,1,0,0,1,High,22.7,1,0,1,70,48.0,50.0,58.3,High Risk
35,Male,Urban,Harare,Tertiary,Unemployed,4,1,1,0,0,2,Medium,0.6,1,1,0,30,20.0,0.0,20.5,Low Risk
40,Male,Rural,Manicaland,Secondary,Unemployed,2,1,0,0,0,1,High,23.5,1,0,1,60,48.0,50.0,53.8,High Risk
48,Female,Rural,Mashonaland Central,Secondary,Informal,4,1,1,0,1,3,Low,1.0,1,0,0,20,42.0,40.0,31.7,Moderate Risk
42,Female,Urban,Mashonaland Central,Secondary,Formal,5,1,1,0,1,3,Low,2.7,1,1,0,20,10.0,20.0,16.5,Low Risk
54,Male,Urban,Harare,Secondary,Informal,4,1,0,0,1,2,Medium,4.2,1,0,0,50,12.0,20.0,30.7,Moderate Risk
33,Female,Urban,Harare,Secondary,Formal,5,1,1,1,0,3,Low,1.9,1,1,0,10,10.0,0.0,8.0,Low Risk
52,Male,Rural,Midlands,Secondary,Informal,2,1,0,0,1,2,Medium,32.6,0,0,1,50,40.0,80.0,52.5,High Risk
39,Female,Rural,Midlands,Secondary,Informal,1,1,1,0,0,2,Medium,7.9,0,1,0,30,57.0,35.0,40.45,Moderate Risk
45,Male,Rural,Matabeleland North,Primary,Unemployed,1,1,0,0,0,1,High,1.0,1,0,0,60,61.0,40.0,56.35,High Risk
43,Female,Urban,Harare,Tertiary,Formal,5,1,1,1,1,4,Low,3.5,1,1,1,0,10.0,0.0,3.5,Low Risk
55,Female,Urban,Harare,Tertiary,Formal,4,1,1,1,1,4,Low,4.8,1,1,0,0,10.0,0.0,3.5,Low Risk
48,Male,Urban,Harare,Secondary,Informal,3,1,1,0,1,3,Low,0.8,1,1,0,20,12.0,0.0,13.2,Low Risk
31,Male,Urban,Bulawayo,Primary,Informal,2,1,1,0,0,2,Medium,14.6,1,1,0,30,26.0,15.0,25.6,Moderate Risk
29,Male,Rural,Matabeleland South,Tertiary,Formal,4,1,1,0,1,3,Low,25.8,0,1,0,20,20.0,80.0,32.0,Moderate Risk
37,Male,Rural,Manicaland,Primary,Informal,3,1,1,0,1,3,Low,6.4,1,0,0,20,38.0,25.0,27.3,Moderate Risk
27,Male,Rural,Midlands,Secondary,Informal,1,1,1,1,1,4,Low,3.2,1,0,1,0,47.0,20.0,20.45,Low Risk
23,Male,Rural,Mashonaland West,None,Informal,2,1,0,0,0,1,High,6.5,1,1,1,60,60.0,5.0,49.0,High Risk
18,Female,Rural,Matabeleland South,Primary,Informal,1,1,0,0,1,2,Medium,19.5,0,0,1,50,71.0,85.0,64.35,High Risk
18,Male,Urban,Harare,Secondary,Unemployed,3,1,0,0,0,1,High,1.6,1,0,0,60,28.0,20.0,40.8,Moderate Risk
65,Female,Urban,Harare,Secondary,Formal,5,1,1,1,1,4,Low,2.6,1,1,0,0,18.0,0.0,6.3,Low Risk
28,Male,Urban,Harare,Tertiary,Formal,5,1,1,1,1,4,Low,0.5,1,1,0,0,0.0,0.0,0.0,Low Risk
64,Female,Urban,Manicaland,Secondary,Formal,4,1,1,1,1,4,Low,0.3,1,1,0,0,10.0,0.0,3.5,Low Risk
43,Male,Urban,Harare,Secondary,Informal,3,0,1,0,1,2,Medium,0.7,1,0,0,60,12.0,20.0,35.2,Moderate Risk
37,Female,Urban,Harare,Secondary,Unemployed,1,1,1,1,0,3,Low,3.0,1,0,1,10,45.0,20.0,24.25,Low Risk
18,Male,Rural,Matabeleland South,Tertiary,Informal,3,1,1,0,0,2,Medium,17.8,1,0,1,30,40.0,55.0,38.5,Moderate Risk
38,Male,Urban,Mashonaland Central,Secondary,Informal,1,1,1,0,0,2,Medium,1.6,1,1,0,30,27.0,20.0,26.95,Moderate Risk
64,Female,Rural,Matabeleland North,Secondary,Unemployed,2,1,0,0,0,1,High,42.9,0,1,0,60,58.0,80.0,63.3,High Risk
59,Female,Rural,Matabeleland North,None,Informal,2,1,0,0,1,2,Medium,4.8,1,1,0,50,62.0,20.0,48.2,High Risk
41,Female,Rural,Matabeleland North,Secondary,Unemployed,3,0,1,1,0,2,Medium,58.2,1,0,1,50,50.0,70.0,54.0,High Risk
21,Male,Rural,Matabeleland North,Secondary,Unemployed,4,1,0,0,0,1,High,45.1,1,1,0,60,48.0,50.0,53.8,High Risk
24,Male,Urban,Harare,Tertiary,Unemployed,4,1,1,0,0,2,Medium,2.7,0,0,0,30,28.0,50.0,33.3,Moderate Risk
26,Female,Rural,Bulawayo,Secondary,Informal,1,1,0,0,0,1,High,49.5,0,1,1,60,57.0,60.0,58.95,High Risk
55,Female,Urban,Harare,Tertiary,Formal,5,1,1,1,1,4,Low,0.6,1,1,0,0,10.0,0.0,3.5,Low Risk
60,Female,Rural,Manicaland,Primary,Informal,1,1,0,0,1,2,Medium,19.6,1,0,1,50,63.0,35.0,51.55,High Risk
40,Male,Urban,Bulawayo,Tertiary,Formal,4,1,1,1,1,4,Low,1.3,1,1,0,0,0.0,0.0,0.0,Low Risk
33,Male,Urban,Bulawayo,Tertiary,Informal,5,0,1,0,1,2,Medium,2.5,0,0,0,60,12.0,50.0,41.2,Moderate Risk
59,Female,Rural,Mashonaland Central,Primary,Informal,2,1,1,1,1,4,Low,8.3,0,1,1,0,56.0,55.0,30.6,Moderate Risk
24,Female,Rural,Matabeleland South,Tertiary,Informal,1,1,0,0,1,2,Medium,9.0,1,0,1,50,65.0,45.0,54.25,High Risk
38,Male,Urban,Manicaland,Tertiary,Informal,3,1,1,0,1,3,Low,1.4,1,1,0,20,12.0,0.0,13.2,Low Risk
44,Female,Rural,Masvingo,Secondary,Informal,3,1,0,0,0,1,High,54.4,1,1,0,60,42.0,50.0,51.7,High Risk
25,Female,Urban,Matabeleland North,Secondary,Unemployed,2,1,1,0,0,2,Medium,1.5,0,1,0,30,38.0,50.0,36.8,Moderate Risk
29,Male,Rural,Mashonaland East,Secondary,Formal,3,1,0,1,1,3,Low,35.3,1,1,1,30,20.0,30.0,26.5,Moderate Risk
28,Male,Urban,Harare,Secondary,Formal,5,1,1,1,1,4,Low,1.6,0,1,0,0,0.0,30.0,6.0,Low Risk
57,Female,Urban,Harare,Tertiary,Informal,5,1,1,0,0,2,Medium,0.1,1,1,0,30,22.0,0.0,21.2,Low Risk
64,Male,Urban,Bulawayo,None,Formal,4,1,1,1,1,4,Low,0.2,1,1,0,0,12.0,0.0,4.2,Low Risk
39,Female,Urban,Harare,Secondary,Formal,5,1,0,1,1,3,Low,11.3,0,0,1,30,10.0,65.0,30.0,Moderate Risk
34,Female,Urban,Masvingo,Primary,Unemployed,3,1,1,0,0,2,Medium,2.2,1,1,0,30,36.0,20.0,30.1,Moderate Risk
29,Male,Urban,Harare,Tertiary,Unemployed,3,1,1,0,0,2,Medium,3.7,1,0,0,30,20.0,20.0,24.5,Low Risk
38,Female,Urban,Bulawayo,Secondary,Informal,1,1,1,0,1,3,Low,1.4,1,0,1,20,37.0,20.0,25.95,Moderate Risk
30,Male,Urban,Bulawayo,Tertiary,Formal,3,1,1,0,1,3,Low,3.0,0,1,0,20,0.0,30.0,15.0,Low Risk
36,Male,Urban,Harare,Tertiary,Formal,5,1,1,1,1,4,Low,3.0,1,1,0,0,0.0,0.0,0.0,Low Risk
43,Female,Urban,Manicaland,Secondary,Formal,5,1,1,1,0,3,Low,3.1,1,1,0,10,10.0,0.0,8.0,Low Risk
32,Female,Rural,Matabeleland North,Secondary,Informal,2,1,0,1,1,3,Low,97.4,1,1,0,30,50.0,50.0,41.0,Moderate Risk
35,Male,Rural,Matabeleland South,Secondary,Unemployed,2,0,0,1,0,1,High,35.2,0,0,1,80,48.0,100.0,72.8,Critical Risk
35,Female,Urban,Bulawayo,Secondary,Formal,5,1,1,1,1,4,Low,1.8,1,1,0,0,10.0,0.0,3.5,Low Risk
33,Female,Rural,Mashonaland West,Primary,Informal,3,1,0,0,0,1,High,115.4,0,0,1,60,48.0,80.0,59.8,High Risk
31,Female,Urban,Harare,Secondary,Formal,5,0,1,1,1,3,Low,3.1,1,1,1,40,10.0,0.0,21.5,Low Risk
48,Female,Urban,Manicaland,Primary,Informal,3,1,1,0,1,3,Low,2.1,1,0,0,20,28.0,20.0,22.8,Low Risk
18,Male,Rural,Mashonaland East,Secondary,Formal,4,1,1,1,1,4,Low,25.0,1,1,0,0,28.0,30.0,15.8,Low Risk
60,Male,Rural,Mashonaland West,Secondary,Formal,4,0,1,1,1,3,Low,3.9,1,1,0,40,20.0,0.0,25.0,Low Risk
39,Female,Rural,Mashonaland Central,Secondary,Informal,1,1,0,1,0,2,Medium,2.8,0,1,0,40,57.0,50.0,47.95,High Risk
46,Male,Urban,Bulawayo,Tertiary,Unemployed,4,1,1,0,0,2,Medium,0.2,1,1,0,30,20.0,0.0,20.5,Low Risk
48,Female,Rural,Manicaland,None,Informal,1,1,0,0,0,1,High,51.6,1,1,0,60,69.0,30.0,57.15,High Risk
28,Male,Urban,Midlands,Tertiary,Informal,3,1,1,1,1,4,Low,0.6,1,1,0,0,12.0,0.0,4.2,Low Risk
25,Male,Urban,Harare,Tertiary,Formal,5,0,1,0,1,2,Medium,0.1,1,1,0,60,0.0,0.0,27.0,Moderate Risk
23,Male,Urban,Harare,Tertiary,Informal,3,1,1,0,1,3,Low,0.1,1,1,0,20,20.0,0.0,16.0,Low Risk
34,Male,Rural,Mashonaland Central,Secondary,Informal,2,1,1,0,0,2,Medium,11.1,1,0,0,30,40.0,55.0,38.5,Moderate Risk
47,Male,Urban,Harare,Secondary,Informal,4,1,1,0,1,3,Low,0.7,1,0,0,20,12.0,20.0,17.2,Low Risk
29,Female,Rural,Mashonaland East,Secondary,Informal,1,1,1,1,0,3,Low,16.2,1,1,0,10,57.0,15.0,27.45,Moderate Risk
46,Female,Rural,Matabeleland North,Secondary,Unemployed,2,1,1,0,0,2,Medium,7.4,1,1,1,30,58.0,25.0,38.8,Moderate Risk
18,Male,Rural,Mashonaland Central,Secondary,Unemployed,1,1,1,0,0,2,Medium,17.8,1,0,0,30,63.0,55.0,46.55,High Risk
32,Male,Rural,Mashonaland Central,Primary,Unemployed,1,1,1,1,0,3,Low,15.6,0,1,1,10,61.0,65.0,38.85,Moderate Risk
54,Female,Rural,Manicaland,Secondary,Informal,3,0,1,1,0,2,Medium,40.8,0,0,1,50,42.0,80.0,53.2,High Risk
35,Male,Urban,Harare,Secondary,Formal,5,1,1,1,1,4,Low,2.0,1,1,0,0,0.0,0.0,0.0,Low Risk
26,Female,Urban,Matabeleland South,Secondary,Formal,5,1,1,1,1,4,Low,0.5,1,1,0,0,10.0,20.0,7.5,Low Risk
28,Female,Rural,Mashonaland East,Secondary,Informal,3,1,1,0,0,2,Medium,40.3,0,0,0,30,42.0,80.0,44.2,Moderate Risk
18,Female,Urban,Mashonaland Central,Secondary,Formal,4,1,1,1,1,4,Low,1.0,1,1,0,0,18.0,20.0,10.3,Low Risk
23,Female,Urban,Bulawayo,Secondary,Formal,5,1,1,1,1,4,Low,0.1,1,1,0,0,18.0,0.0,6.3,Low Risk
52,Female,Urban,Harare,Primary,Informal,4,0,1,0,0,1,High,1.3,1,1,1,70,28.0,0.0,41.3,Moderate Risk
29,Female,Urban,Mashonaland West,Secondary,Informal,5,1,1,1,0,3,Low,3.4,1,1,0,10,22.0,0.0,12.2,Low Risk
31,Female,Urban,Harare,Secondary,Informal,3,1,1,1,1,4,Low,3.7,1,1,0,0,22.0,0.0,7.7,Low Risk
18,Male,Urban,Masvingo,Primary,Unemployed,2,1,1,0,0,2,Medium,2.0,1,1,1,30,42.0,20.0,32.2,Moderate Risk
18,Male,Rural,Mashonaland West,Primary,Formal,5,1,1,1,1,4,Low,6.8,1,0,1,0,34.0,25.0,16.9,Low Risk
54,Male,Urban,Harare,Secondary,Formal,5,1,0,1,1,3,Low,0.2,1,1,0,30,0.0,0.0,13.5,Low Risk
46,Male,Rural,Midlands,Secondary,Informal,2,1,1,0,0,2,Medium,9.9,1,0,0,30,40.0,25.0,32.5,Moderate Risk
19,Female,Rural,Mashonaland East,Primary,Informal,1,1,1,0,1,3,Low,1.0,1,0,1,20,71.0,20.0,37.85,Moderate Risk
29,Male,Urban,Midlands,Primary,Informal,3,1,1,0,1,3,Low,0.9,1,0,0,20,18.0,20.0,19.3,Low Risk
37,Male,Rural,Midlands,Secondary,Unemployed,1,1,0,0,0,1,High,29.9,1,1,0,60,55.0,30.0,52.25,High Risk
21,Male,Rural,Mashonaland Central,Primary,Informal,1,1,1,0,1,3,Low,1.7,0,0,0,20,61.0,70.0,44.35,Moderate Risk
18,Female,Rural,Mashonaland East,Primary,Informal,1,1,0,0,1,2,Medium,7.9,0,1,1,50,71.0,35.0,54.35,High Risk
35,Female,Urban,Mashonaland East,Secondary,Unemployed,4,1,1,1,0,3,Low,4.7,1,0,0,10,30.0,20.0,19.0,Low Risk
46,Female,Urban,Harare,Tertiary,Informal,4,0,1,0,1,2,Medium,5.8,1,1,0,60,22.0,5.0,35.7,Moderate Risk
46,Male,Urban,Manicaland,Secondary,Informal,4,1,1,0,1,3,Low,10.5,1,1,0,20,12.0,15.0,16.2,Low Risk
50,Male,Rural,Manicaland,Tertiary,Formal,4,1,1,1,1,4,Low,43.5,0,1,1,0,20.0,60.0,19.0,Low Risk
18,Female,Rural,Mashonaland Central,Primary,Informal,1,0,1,0,0,1,High,23.0,1,0,1,70,71.0,70.0,70.35,Critical Risk
38,Female,Rural,Mashonaland West,None,Formal,4,1,1,0,1,3,Low,25.9,1,0,0,20,42.0,50.0,33.7,Moderate Risk
34,Female,Rural,Matabeleland South,Primary,Informal,2,1,0,0,1,2,Medium,30.9,0,0,1,50,56.0,100.0,62.1,High Risk
36,Female,Rural,Matabeleland North,Secondary,Informal,1,0,1,1,1,3,Low,6.8,1,0,1,40,57.0,45.0,46.95,High Risk
35,Male,Rural,Masvingo,Secondary,Unemployed,2,0,0,0,0,0,High,20.1,1,0,1,100,48.0,70.0,75.8,Critical Risk
28,Female,Urban,Harare,Secondary,Informal,3,1,1,0,0,2,Medium,1.5,0,0,0,30,22.0,50.0,31.2,Moderate Risk
18,Female,Rural,Mashonaland West,Tertiary,Formal,5,1,1,1,1,4,Low,17.3,1,0,0,0,38.0,35.0,20.3,Low Risk
54,Female,Urban,Harare,Secondary,Informal,5,1,1,1,1,4,Low,4.5,1,0,0,0,22.0,20.0,11.7,Low Risk
42,Female,Urban,Harare,Primary,Informal,1,0,1,0,0,1,High,0.4,1,1,0,70,43.0,0.0,46.55,High Risk
18,Male,Urban,Harare,Tertiary,Informal,3,1,0,1,1,3,Low,2.4,1,1,0,30,20.0,0.0,20.5,Low Risk
44,Male,Rural,Masvingo,Primary,Informal,2,1,0,0,0,1,High,10.8,0,0,1,60,46.0,85.0,60.1,High Risk
31,Female,Urban,Harare,Secondary,Informal,3,1,1,0,0,2,Medium,2.2,1,1,0,30,22.0,0.0,21.2,Low Risk
32,Female,Urban,Harare,Tertiary,Unemployed,4,1,1,0,0,2,Medium,1.3,1,1,0,30,30.0,0.0,24.0,Low Risk
27,Male,Urban,Bulawayo,Secondary,Formal,5,0,1,1,1,3,Low,3.2,1,1,1,40,0.0,0.0,18.0,Low Risk
45,Male,Urban,Harare,Secondary,Informal,3,1,1,0,1,3,Low,1.5,1,1,0,20,12.0,0.0,13.2,Low Risk
26,Female,Urban,Midlands,Secondary,Informal,2,1,1,1,0,3,Low,1.2,0,0,0,10,30.0,50.0,25.0,Low Risk
22,Male,Rural,Mashonaland East,Primary,Informal,1,1,1,0,1,3,Low,39.1,1,0,1,20,61.0,50.0,40.35,Moderate Risk
53,Male,Rural,Harare,Primary,Informal,1,1,0,0,1,2,Medium,27.2,1,0,0,50,53.0,50.0,51.05,High Risk
35,Female,Urban,Masvingo,Secondary,Informal,3,1,1,0,1,3,Low,1.4,1,1,0,20,22.0,20.0,20.7,Low Risk
35,Female,Urban,Bulawayo,Secondary,Formal,5,0,1,1,1,3,Low,2.4,1,1,1,40,10.0,0.0,21.5,Low Risk
47,Female,Urban,Mashonaland East,Primary,Formal,4,1,1,1,1,4,Low,5.5,1,0,0,0,16.0,25.0,10.6,Low Risk
28,Female,Urban,Harare,Secondary,Informal,3,1,1,0,1,3,Low,1.1,1,0,1,20,22.0,20.0,20.7,Low Risk
31,Male,Rural,Mashonaland East,Secondary,Informal,1,1,0,1,0,2,Medium,14.4,1,0,1,40,47.0,35.0,41.45,Moderate Risk
42,Female,Rural,Matabeleland North,Primary,Informal,1,1,0,1,1,3,Low,9.6,0,0,1,30,63.0,75.0,50.55,High Risk
18,Female,Rural,Mashonaland West,Tertiary,Unemployed,1,1,0,0,0,1,High,1.0,1,0,0,60,73.0,20.0,56.55,High Risk
41,Female,Urban,Bulawayo,Primary,Unemployed,2,1,1,0,0,2,Medium,1.2,1,1,0,30,44.0,0.0,28.9,Moderate Risk
27,Female,Rural,Mashonaland East,Primary,Unemployed,2,1,1,1,0,3,Low,132.2,1,0,0,10,64.0,50.0,36.9,Moderate Risk
49,Male,Urban,Harare,Tertiary,Informal,5,1,0,1,0,2,Medium,7.6,1,1,0,40,12.0,5.0,23.2,Low Risk
45,Male,Urban,Harare,Primary,Informal,2,1,1,0,1,3,Low,2.2,1,0,0,20,26.0,20.0,22.1,Low Risk
43,Male,Rural,Matabeleland South,Tertiary,Formal,5,1,1,1,1,4,Low,17.4,1,0,0,0,20.0,55.0,18.0,Low Risk
18,Male,Rural,Mashonaland East,Secondary,Unemployed,2,1,1,0,0,2,Medium,4.9,0,0,1,30,56.0,50.0,43.1,Moderate Risk
36,Female,Rural,Midlands,Secondary,Unemployed,2,1,1,0,0,2,Medium,12.2,0,0,1,30,58.0,65.0,46.8,High Risk
21,Male,Rural,Mashonaland Central,Primary,Informal,3,1,1,1,0,3,Low,6.7,1,0,0,10,46.0,45.0,29.6,Moderate Risk
37,Female,Rural,Mashonaland West,Primary,Informal,1,1,1,0,1,3,Low,24.3,0,1,1,20,63.0,60.0,43.05,Moderate Risk
18,Male,Rural,Mashonaland East,Secondary,Informal,2,0,1,0,1,2,Medium,7.2,0,1,1,60,48.0,35.0,50.8,High Risk
18,Male,Urban,Bulawayo,Primary,Informal,3,1,1,0,1,3,Low,0.4,1,0,0,20,26.0,20.0,22.1,Low Risk
54,Male,Urban,Mashonaland East,Tertiary,Formal,5,1,1,1,1,4,Low,3.5,1,1,0,0,0.0,0.0,0.0,Low Risk
43,Male,Urban,Bulawayo,Tertiary,Informal,4,0,1,0,0,1,High,0.6,1,1,0,70,12.0,0.0,35.7,Moderate Risk
33,Female,Urban,Harare,Tertiary,Informal,4,1,1,0,0,2,Medium,0.9,1,1,0,30,22.0,0.0,21.2,Low Risk
25,Female,Urban,Mashonaland Central,Primary,Informal,3,1,1,0,1,3,Low,0.9,0,1,0,20,28.0,50.0,28.8,Moderate Risk
22,Male,Urban,Harare,Tertiary,Informal,3,0,1,1,0,2,Medium,1.6,1,1,0,50,20.0,0.0,29.5,Moderate Risk
40,Female,Rural,Masvingo,Secondary,Informal,1,1,1,0,0,2,Medium,46.2,0,0,0,30,57.0,100.0,53.45,High Risk
33,Female,Rural,Matabeleland North,None,Formal,2,1,1,1,1,4,Low,30.3,1,0,1,0,50.0,70.0,31.5,Moderate Risk
59,Female,Rural,Mashonaland Central,Secondary,Informal,2,1,0,0,1,2,Medium,2.2,1,0,0,50,50.0,40.0,48.0,High Risk
35,Male,Urban,Bulawayo,Primary,Formal,5,1,1,1,1,4,Low,0.1,1,1,0,0,6.0,0.0,2.1,Low Risk
38,Male,Rural,Matabeleland North,Tertiary,Informal,2,0,0,0,1,1,High,2.3,1,0,0,90,40.0,40.0,62.5,High Risk
18,Female,Urban,Harare,Primary,Informal,4,1,1,0,0,2,Medium,4.6,1,1,0,30,36.0,0.0,26.1,Moderate Risk
32,Female,Urban,Harare,Secondary,Formal,5,1,1,1,1,4,Low,4.2,0,1,0,0,10.0,30.0,9.5,Low Risk
40,Male,Urban,Harare,Secondary,Informal,3,1,1,0,0,2,Medium,2.0,1,0,0,30,12.0,20.0,21.7,Low Risk
32,Female,Urban,Mashonaland Central,Primary,Informal,4,0,0,0,0,0,High,0.2,1,1,0,100,28.0,20.0,58.8,High Risk
31,Male,Urban,Bulawayo,Secondary,Informal,4,1,1,0,1,3,Low,0.6,1,1,0,20,12.0,0.0,13.2,Low Risk
42,Female,Rural,Mashonaland West,None,Unemployed,1,1,0,0,0,1,High,2.4,0,0,1,60,77.0,50.0,63.95,High Risk
59,Male,Rural,Mashonaland East,Secondary,Informal,2,1,0,0,0,1,High,3.2,1,0,1,60,40.0,20.0,45.0,Moderate Risk
40,Female,Rural,Harare,None,Informal,1,1,0,0,1,2,Medium,10.4,1,1,1,50,69.0,15.0,49.65,High Risk
54,Male,Urban,Harare,Secondary,Formal,4,1,1,1,1,4,Low,3.5,1,1,0,0,0.0,0.0,0.0,Low Risk
46,Male,Rural,Mashonaland Central,Secondary,Formal,3,1,1,1,1,4,Low,3.3,1,1,0,0,20.0,20.0,11.0,Low Risk
53,Female,Rural,Manicaland,Secondary,Informal,2,1,1,0,0,2,Medium,14.4,0,1,1,30,50.0,45.0,40.0,Moderate Risk
29,Male,Urban,Harare,Secondary,Unemployed,1,1,1,0,0,2,Medium,1.5,1,1,0,30,35.0,0.0,25.75,Moderate Risk
35,Female,Rural,Masvingo,Primary,Informal,1,1,1,0,1,3,Low,7.2,0,0,1,20,63.0,75.0,46.05,High Risk
35,Female,Urban,Bulawayo,Tertiary,Formal,5,1,1,1,1,4,Low,0.6,1,1,0,0,10.0,0.0,3.5,Low Risk
45,Male,Urban,Harare,Tertiary,Formal,5,1,1,1,1,4,Low,7.2,1,1,0,0,0.0,5.0,1.0,Low Risk
49,Male,Urban,Bulawayo,Tertiary,Formal,5,1,1,0,1,3,Low,2.3,0,1,0,20,0.0,30.0,15.0,Low Risk
39,Female,Urban,Harare,Tertiary,Unemployed,4,1,1,0,0,2,Medium,6.7,1,1,0,30,30.0,5.0,25.0,Low Risk
50,Female,Urban,Harare,Tertiary,Informal,3,1,1,0,1,3,Low,1.9,1,1,0,20,22.0,0.0,16.7,Low Risk
30,Female,Urban,Midlands,Tertiary,Informal,4,0,1,0,1,2,Medium,2.6,1,1,0,60,22.0,0.0,34.7,Moderate Risk
50,Male,Urban,Bulawayo,Secondary,Unemployed,1,1,1,0,0,2,Medium,1.6,0,1,0,30,35.0,30.0,31.75,Moderate Risk
52,Female,Rural,Manicaland,Tertiary,Informal,2,0,0,0,0,0,High,33.0,1,1,1,100,50.0,30.0,68.5,Critical Risk
47,Female,Urban,Harare,Primary,Formal,5,1,1,1,1,4,Low,5.5,0,1,0,0,16.0,35.0,12.6,Low Risk
39,Female,Urban,Bulawayo,Primary,Informal,1,1,1,1,1,4,Low,3.0,1,1,0,0,43.0,0.0,15.05,Low Risk
47,Male,Urban,Harare,Secondary,Informal,4,1,1,0,1,3,Low,0.8,1,0,0,20,12.0,20.0,17.2,Low Risk
25,Male,Rural,Midlands,Secondary,Informal,2,1,1,0,1,3,Low,27.6,1,0,1,20,40.0,50.0,33.0,Moderate Risk
40,Female,Rural,Mashonaland West,Secondary,Informal,1,1,0,0,0,1,High,12.9,1,0,1,60,57.0,35.0,53.95,High Risk
42,Female,Rural,Bulawayo,Secondary,Informal,1,1,1,0,0,2,Medium,1.0,0,0,1,30,57.0,50.0,43.45,Moderate Risk
19,Male,Urban,Bulawayo,Secondary,Formal,4,1,1,1,1,4,Low,1.3,1,1,0,0,8.0,0.0,2.8,Low Risk
44,Female,Urban,Bulawayo,Tertiary,Informal,4,1,1,0,1,3,Low,3.9,1,1,0,20,22.0,0.0,16.7,Low Risk
20,Male,Rural,Mashonaland West,Primary,Informal,1,1,1,1,0,3,Low,34.0,1,0,1,10,61.0,50.0,35.85,Moderate Risk
32,Male,Urban,Matabeleland North,Secondary,Formal,5,1,1,1,1,4,Low,0.7,1,1,0,0,0.0,20.0,4.0,Low Risk
38,Male,Rural,Midlands,Secondary,Informal,1,1,1,0,1,3,Low,96.2,0,1,0,20,47.0,60.0,37.45,Moderate Risk
27,Male,Rural,Manicaland,Secondary,Informal,4,1,1,0,0,2,Medium,1.4,1,1,1,30,32.0,0.0,24.7,Low Risk
39,Male,Urban,Harare,Tertiary,Unemployed,5,1,1,0,0,2,Medium,5.8,1,1,0,30,20.0,5.0,21.5,Low Risk
38,Male,Rural,Mashonaland East,Primary,Informal,2,1,1,0,1,3,Low,12.7,0,0,1,20,46.0,65.0,38.1,Moderate Risk
26,Male,Rural,Masvingo,None,Informal,1,1,1,0,1,3,Low,14.0,0,0,1,20,59.0,85.0,46.65,High Risk
45,Female,Urban,Bulawayo,Tertiary,Formal,5,1,1,0,1,3,Low,0.7,1,1,0,20,10.0,0.0,12.5,Low Risk
27,Female,Urban,Harare,Primary,Informal,3,0,1,0,1,2,Medium,1.1,1,0,1,60,28.0,20.0,40.8,Moderate Risk
70,Female,Urban,Matabeleland South,Secondary,Formal,5,0,1,1,1,3,Low,0.1,0,1,1,40,18.0,50.0,34.3,Moderate Risk
36,Male,Rural,Mashonaland East,Primary,Informal,1,1,1,1,1,4,Low,21.4,0,0,1,0,53.0,80.0,34.55,Moderate Risk
21,Female,Urban,Mashonaland East,Secondary,Informal,3,0,1,0,1,2,Medium,1.5,1,0,0,60,30.0,20.0,41.5,Moderate Risk
24,Male,Urban,Mashonaland West,Tertiary,Formal,5,1,1,1,1,4,Low,8.7,1,1,0,0,8.0,5.0,3.8,Low Risk
54,Female,Rural,Manicaland,Secondary,Unemployed,1,1,0,0,0,1,High,36.8,0,1,1,60,65.0,60.0,61.75,High Risk
32,Female,Urban,Harare,Primary,Informal,2,1,1,1,0,3,Low,1.4,1,1,0,10,36.0,0.0,17.1,Low Risk
18,Male,Urban,Harare,Tertiary,Informal,4,0,1,0,1,2,Medium,4.4,1,0,1,60,20.0,20.0,38.0,Moderate Risk
49,Male,Rural,Midlands,None,Informal,1,1,1,0,1,3,Low,8.6,0,1,1,20,59.0,35.0,36.65,Moderate Risk
32,Female,Urban,Harare,Secondary,Informal,3,1,1,0,0,2,Medium,0.6,1,1,0,30,22.0,0.0,21.2,Low Risk
47,Female,Urban,Mashonaland West,Secondary,Informal,3,1,1,0,1,3,Low,1.2,1,1,0,20,22.0,0.0,16.7,Low Risk
51,Female,Urban,Bulawayo,Secondary,Formal,5,1,1,1,0,3,Low,1.4,1,1,0,10,10.0,0.0,8.0,Low Risk
41,Female,Urban,Bulawayo,Secondary,Unemployed,2,1,0,0,0,1,High,4.0,1,1,1,60,38.0,0.0,40.3,Moderate Risk
71,Female,Urban,Matabeleland North,Secondary,Informal,4,1,1,0,1,3,Low,0.9,1,1,0,20,30.0,20.0,23.5,Low Risk
18,Male,Rural,Mashonaland West,Primary,Informal,1,1,0,0,1,2,Medium,15.2,0,0,1,50,61.0,65.0,56.85,High Risk
26,Female,Rural,Matabeleland South,Primary,Informal,3,1,0,0,0,1,High,3.2,1,0,0,60,48.0,40.0,51.8,High Risk
34,Male,Urban,Harare,Tertiary,Formal,5,1,1,1,1,4,Low,1.9,1,1,0,0,0.0,0.0,0.0,Low Risk
69,Male,Rural,Manicaland,None,Unemployed,1,0,0,0,0,0,High,6.1,0,0,1,100,75.0,55.0,82.25,Critical Risk
63,Male,Rural,Manicaland,Tertiary,Informal,4,1,1,1,1,4,Low,35.9,0,1,0,0,32.0,60.0,23.2,Low Risk
56,Female,Rural,Mashonaland Central,Primary,Unemployed,1,1,0,1,0,2,Medium,77.8,1,0,1,40,71.0,70.0,56.85,High Risk
26,Female,Rural,Matabeleland North,Primary,Informal,3,1,0,0,0,1,High,4.9,0,0,0,60,48.0,70.0,57.8,High Risk
28,Male,Rural,Mashonaland East,Secondary,Unemployed,2,0,1,0,0,1,High,1.0,1,0,1,70,48.0,20.0,52.3,High Risk
26,Male,Rural,Mashonaland West,Primary,Unemployed,1,1,0,0,0,1,High,18.3,0,0,0,60,61.0,65.0,61.35,High Risk
27,Male,Urban,Harare,Secondary,Unemployed,3,1,1,0,0,2,Medium,4.0,0,1,0,30,20.0,30.0,26.5,Moderate Risk
58,Female,Urban,Bulawayo,Tertiary,Informal,4,1,0,0,1,2,Medium,5.8,1,1,0,50,22.0,5.0,31.2,Moderate Risk
34,Female,Urban,Mashonaland East,Tertiary,Informal,4,1,1,1,1,4,Low,10.4,1,1,0,0,22.0,15.0,10.7,Low Risk
36,Male,Urban,Bulawayo,Secondary,Informal,3,1,1,0,1,3,Low,0.9,1,1,0,20,12.0,0.0,13.2,Low Risk
48,Male,Rural,Midlands,Secondary,Informal,2,1,1,0,1,3,Low,8.2,0,0,1,20,40.0,55.0,34.0,Moderate Risk
18,Female,Urban,Harare,Secondary,Informal,4,1,1,0,0,2,Medium,11.8,1,1,0,30,30.0,15.0,27.0,Moderate Risk
38,Male,Urban,Harare,Tertiary,Informal,3,1,1,0,1,3,Low,0.2,1,1,0,20,12.0,0.0,13.2,Low Risk
22,Female,Urban,Bulawayo,Secondary,Formal,5,1,1,1,1,4,Low,0.9,1,1,0,0,18.0,0.0,6.3,Low Risk
33,Male,Urban,Harare,Primary,Informal,4,1,1,1,0,3,Low,7.5,1,0,0,10,18.0,25.0,15.8,Low Risk
29,Male,Rural,Matabeleland North,Secondary,Informal,1,1,0,0,1,2,Medium,7.4,1,1,1,50,47.0,25.0,43.95,Moderate Risk
29,Male,Rural,Matabeleland South,Primary,Informal,1,1,1,0,1,3,Low,1.0,0,0,1,20,53.0,70.0,41.55,Moderate Risk
41,Female,Urban,Harare,Tertiary,Informal,5,1,1,0,0,2,Medium,3.8,1,1,1,30,22.0,0.0,21.2,Low Risk
41,Male,Urban,Matabeleland North,Primary,Unemployed,3,1,1,0,0,2,Medium,1.6,0,0,0,30,26.0,70.0,36.6,Moderate Risk
34,Male,Urban,Harare,None,Informal,4,1,1,1,0,3,Low,0.8,1,1,1,10,24.0,0.0,12.9,Low Risk
43,Female,Urban,Bulawayo,Secondary,Formal,5,1,1,1,1,4,Low,2.0,1,1,0,0,10.0,0.0,3.5,Low Risk
25,Female,Rural,Mashonaland East,Secondary,Informal,3,1,0,0,0,1,High,11.3,0,0,1,60,42.0,65.0,54.7,High Risk
47,Male,Rural,Matabeleland North,Tertiary,Informal,3,1,1,0,1,3,Low,42.0,1,1,0,20,32.0,50.0,30.2,Moderate Risk
35,Male,Urban,Harare,Secondary,Formal,5,1,1,1,1,4,Low,1.0,1,1,0,0,0.0,0.0,0.0,Low Risk
31,Female,Urban,Matabeleland South,Primary,Informal,3,0,1,0,0,1,High,0.1,1,1,1,70,28.0,20.0,45.3,High Risk
26,Male,Rural,Midlands,None,Unemployed,2,1,1,0,0,2,Medium,13.1,1,0,0,30,60.0,35.0,41.5,Moderate Risk
34,Female,Rural,Masvingo,Secondary,Informal,4,1,0,0,0,1,High,9.8,1,0,1,60,42.0,45.0,50.7,High Risk
64,Male,Urban,Bulawayo,Primary,Formal,4,1,0,1,1,3,Low,0.9,1,1,0,30,6.0,0.0,15.6,Low Risk
37,Male,Urban,Bulawayo,Tertiary,Formal,4,1,1,1,1,4,Low,2.0,1,1,0,0,0.0,0.0,0.0,Low Risk
21,Male,Urban,Bulawayo,Primary,Informal,4,0,1,0,1,2,Medium,4.5,0,1,1,60,26.0,30.0,42.1,Moderate Risk
50,Female,Rural,Masvingo,Tertiary,Informal,4,1,1,0,0,2,Medium,18.2,0,0,1,30,42.0,85.0,45.2,High Risk
31,Male,Urban,Bulawayo,Secondary,Unemployed,3,1,1,0,0,2,Medium,2.8,1,0,0,30,20.0,20.0,24.5,Low Risk
41,Male,Urban,Mashonaland West,Secondary,Formal,5,1,1,1,1,4,Low,1.9,0,0,0,0,0.0,50.0,10.0,Low Risk
29,Male,Rural,Masvingo,Primary,Informal,2,1,1,0,1,3,Low,1.0,1,1,1,20,46.0,20.0,29.1,Moderate Risk
55,Female,Rural,Mashonaland Central,None,Unemployed,1,0,1,0,0,1,High,2.4,0,1,1,70,77.0,50.0,68.45,Critical Risk
29,Male,Urban,Matabeleland North,Secondary,Formal,4,1,1,1,1,4,Low,4.2,1,1,0,0,0.0,20.0,4.0,Low Risk
57,Female,Urban,Harare,Secondary,Unemployed,2,1,1,0,0,2,Medium,0.8,1,1,0,30,38.0,0.0,26.8,Moderate Risk
23,Female,Urban,Harare,Secondary,Informal,3,1,1,0,0,2,Medium,0.1,0,1,0,30,30.0,30.0,30.0,Moderate Risk
33,Male,Rural,Midlands,Primary,Informal,1,1,0,0,1,2,Medium,2.7,1,0,1,50,53.0,20.0,45.05,High Risk
57,Female,Urban,Harare,Secondary,Informal,3,1,1,0,0,2,Medium,2.5,1,1,0,30,22.0,0.0,21.2,Low Risk
40,Female,Rural,Manicaland,Tertiary,Unemployed,2,1,1,0,0,2,Medium,24.1,1,1,1,30,58.0,30.0,39.8,Moderate Risk
69,Male,Rural,Masvingo,Primary,Unemployed,2,1,1,1,0,3,Low,10.2,0,1,0,10,62.0,65.0,39.2,Moderate Risk
34,Male,Urban,Mashonaland West,Primary,Formal,4,1,1,1,1,4,Low,2.6,1,1,0,0,6.0,0.0,2.1,Low Risk
41,Male,Rural,Manicaland,Primary,Informal,1,1,1,0,1,3,Low,7.0,0,0,1,20,53.0,55.0,38.55,Moderate Risk
64,Male,Urban,Bulawayo,Secondary,Formal,5,1,1,1,1,4,Low,0.2,1,1,0,0,0.0,0.0,0.0,Low Risk
18,Female,Urban,Harare,Secondary,Formal,5,1,1,1,1,4,Low,1.2,1,1,0,0,18.0,0.0,6.3,Low Risk
18,Female,Rural,Mashonaland West,Secondary,Informal,2,0,1,1,1,3,Low,11.0,1,1,1,40,58.0,15.0,41.3,Moderate Risk
26,Female,Urban,Harare,Secondary,Informal,4,1,1,1,0,3,Low,10.3,1,1,0,10,22.0,15.0,15.2,Low Risk
49,Male,Urban,Harare,Secondary,Formal,5,1,1,1,1,4,Low,2.6,1,1,0,0,0.0,0.0,0.0,Low Risk
18,Male,Urban,Matabeleland South,Secondary,Formal,5,0,0,1,1,2,Medium,0.2,1,0,0,70,8.0,40.0,42.3,Moderate Risk
46,Male,Urban,Bulawayo,Primary,Formal,5,1,1,1,1,4,Low,1.4,1,0,0,0,6.0,20.0,6.1,Low Risk
45,Female,Urban,Mashonaland West,Tertiary,Formal,5,1,1,1,1,4,Low,0.7,1,1,0,0,10.0,0.0,3.5,Low Risk
66,Male,Rural,Midlands,Primary,Informal,1,1,0,0,1,2,Medium,12.3,1,0,1,50,61.0,35.0,50.85,High Risk
52,Female,Rural,Midlands,Primary,Informal,2,0,0,0,0,0,High,17.6,0,1,1,100,56.0,45.0,73.6,Critical Risk
43,Female,Rural,Matabeleland South,Secondary,Unemployed,1,0,1,1,0,2,Medium,6.4,0,1,1,50,65.0,55.0,56.25,High Risk
57,Male,Rural,Mashonaland East,Secondary,Informal,3,1,0,0,0,1,High,25.5,1,1,0,60,32.0,30.0,44.2,Moderate Risk
45,Female,Urban,Mashonaland West,Secondary,Unemployed,3,1,1,0,0,2,Medium,0.5,1,0,0,30,30.0,20.0,28.0,Moderate Risk
31,Female,Rural,Masvingo,Tertiary,Formal,4,1,1,1,1,4,Low,28.7,1,1,0,0,30.0,50.0,20.5,Low Risk
21,Female,Urban,Harare,Secondary,Informal,4,1,1,0,1,3,Low,1.7,1,1,0,20,30.0,0.0,19.5,Low Risk
30,Male,Urban,Harare,Tertiary,Formal,5,1,1,1,1,4,Low,1.9,1,1,0,0,0.0,0.0,0.0,Low Risk
37,Male,Rural,Mashonaland East,Primary,Formal,5,0,1,0,1,2,Medium,17.4,1,1,1,60,26.0,15.0,39.1,Moderate Risk
40,Female,Urban,Bulawayo,Tertiary,Informal,5,1,1,0,1,3,Low,0.3,1,1,0,20,22.0,0.0,16.7,Low Risk
18,Male,Urban,Mashonaland East,Secondary,Formal,5,1,1,0,1,3,Low,2.6,1,1,0,20,8.0,0.0,11.8,Low Risk
34,Female,Urban,Bulawayo,Tertiary,Formal,5,0,1,1,0,2,Medium,0.3,0,1,0,50,10.0,30.0,32.0,Moderate Risk
38,Male,Urban,Harare,Secondary,Formal,5,1,1,1,1,4,Low,0.4,1,1,0,0,0.0,0.0,0.0,Low Risk
45,Female,Urban,Harare,Tertiary,Informal,3,1,1,1,1,4,Low,1.0,1,1,0,0,22.0,0.0,7.7,Low Risk
60,Female,Urban,Mashonaland West,Tertiary,Formal,5,1,1,0,1,3,Low,1.2,1,1,0,20,10.0,0.0,12.5,Low Risk
40,Male,Rural,Mashonaland West,Secondary,Formal,5,0,1,1,1,3,Low,3.4,0,1,1,40,20.0,30.0,31.0,Moderate Risk
25,Male,Urban,Harare,Secondary,Formal,5,1,1,1,1,4,Low,6.4,1,1,0,0,0.0,5.0,1.0,Low Risk
18,Female,Urban,Mashonaland Central,Secondary,Informal,4,1,1,0,1,3,Low,3.9,0,1,0,20,30.0,50.0,29.5,Moderate Risk
47,Male,Urban,Mashonaland West,Tertiary,Unemployed,4,1,0,0,0,1,High,2.2,0,0,0,60,20.0,50.0,44.0,Moderate Risk
25,Female,Rural,Masvingo,Tertiary,Formal,4,0,0,1,1,2,Medium,46.7,1,1,1,70,30.0,50.0,52.0,High Risk
50,Female,Urban,Bulawayo,Primary,Informal,1,1,1,1,0,3,Low,0.3,1,1,0,10,43.0,0.0,19.55,Low Risk
57,Male,Urban,Harare,Secondary,Informal,2,1,1,1,0,3,Low,1.5,1,1,0,10,20.0,0.0,11.5,Low Risk
18,Female,Urban,Matabeleland South,Primary,Unemployed,3,0,1,0,0,1,High,2.1,1,0,1,70,44.0,40.0,54.9,High Risk
45,Female,Rural,Masvingo,Primary,Informal,1,1,1,0,0,2,Medium,4.2,1,0,0,30,63.0,40.0,43.55,Moderate Risk
56,Female,Rural,Matabeleland North,Primary,Unemployed,1,1,1,0,0,2,Medium,5.0,0,0,1,30,71.0,70.0,52.35,High Risk
52,Male,Rural,Manicaland,Secondary,Informal,1,1,0,0,0,1,High,22.3,0,0,1,60,47.0,80.0,59.45,High Risk
18,Male,Rural,Masvingo,None,Informal,1,1,1,0,1,3,Low,1.0,1,1,1,20,67.0,20.0,36.45,Moderate Risk
26,Male,Urban,Harare,Tertiary,Informal,4,1,1,1,1,4,Low,1.3,1,1,0,0,12.0,0.0,4.2,Low Risk
20,Female,Urban,Bulawayo,Tertiary,Informal,5,1,1,0,0,2,Medium,2.8,1,0,0,30,30.0,20.0,28.0,Moderate Risk
45,Female,Urban,Bulawayo,Secondary,Formal,5,1,1,1,1,4,Low,1.4,1,1,0,0,10.0,0.0,3.5,Low Risk
43,Female,Urban,Mashonaland East,Secondary,Formal,4,1,1,0,1,3,Low,0.3,1,1,0,20,10.0,0.0,12.5,Low Risk
18,Male,Urban,Harare,Secondary,Formal,5,1,1,1,1,4,Low,8.5,1,1,0,0,8.0,5.0,3.8,Low Risk
33,Female,Urban,Masvingo,Secondary,Formal,4,1,1,0,1,3,Low,0.3,1,1,0,20,10.0,20.0,16.5,Low Risk
49,Female,Urban,Harare,Tertiary,Informal,4,1,1,0,1,3,Low,0.7,0,0,0,20,22.0,50.0,26.7,Moderate Risk
40,Female,Rural,Masvingo,Secondary,Informal,3,0,1,0,1,2,Medium,1.6,1,1,1,60,42.0,20.0,45.7,High Risk
40,Male,Urban,Harare,Primary,Unemployed,2,1,0,0,0,1,High,3.0,1,1,0,60,34.0,0.0,38.9,Moderate Risk
32,Female,Rural,Mashonaland East,Secondary,Informal,3,1,1,0,0,2,Medium,43.1,0,0,0,30,42.0,80.0,44.2,Moderate Risk
23,Male,Rural,Midlands,Primary,Informal,2,1,1,0,1,3,Low,40.5,0,1,1,20,54.0,60.0,39.9,Moderate Risk
37,Male,Urban,Harare,Secondary,Formal,5,1,1,1,1,4,Low,0.5,1,1,0,0,0.0,0.0,0.0,Low Risk
38,Female,Urban,Matabeleland North,Tertiary,Informal,4,1,1,0,0,2,Medium,12.8,1,1,0,30,22.0,35.0,28.2,Moderate Risk
46,Male,Rural,Mashonaland East,None,Formal,2,0,1,0,1,2,Medium,34.8,1,0,1,60,40.0,50.0,51.0,High Risk
47,Male,Rural,Matabeleland North,None,Informal,1,1,1,0,1,3,Low,15.6,1,1,0,20,59.0,35.0,36.65,Moderate Risk
39,Female,Urban,Harare,Secondary,Informal,2,1,1,1,0,3,Low,0.5,1,1,0,10,30.0,0.0,15.0,Low Risk
53,Female,Urban,Bulawayo,Secondary,Informal,4,1,1,0,0,2,Medium,2.2,1,0,0,30,22.0,20.0,25.2,Moderate Risk
32,Male,Rural,Midlands,Secondary,Formal,5,0,1,1,1,3,Low,5.0,1,1,0,40,20.0,0.0,25.0,Low Risk
18,Female,Rural,Masvingo,Secondary,Informal,1,1,1,0,0,2,Medium,42.7,0,1,1,30,65.0,80.0,52.25,High Risk
44,Male,Urban,Harare,Secondary,Formal,5,1,1,1,1,4,Low,2.8,1,1,1,0,0.0,0.0,0.0,Low Risk
39,Male,Urban,Mashonaland East,Secondary,Informal,2,1,1,0,1,3,Low,0.8,1,1,0,20,20.0,0.0,16.0,Low Risk
44,Male,Rural,Matabeleland North,None,Informal,1,1,0,0,0,1,High,1.0,1,0,1,60,59.0,40.0,55.65,High Risk
20,Female,Urban,Harare,Secondary,Informal,4,1,1,1,1,4,Low,0.2,0,0,0,0,30.0,50.0,20.5,Low Risk
63,Male,Rural,Matabeleland North,Tertiary,Formal,4,1,0,0,0,1,High,38.4,1,0,0,60,20.0,70.0,48.0,High Risk
47,Male,Urban,Bulawayo,Tertiary,Informal,2,1,1,0,0,2,Medium,2.6,1,1,0,30,20.0,0.0,20.5,Low Risk
33,Female,Urban,Mashonaland Central,Tertiary,Formal,5,1,1,1,1,4,Low,3.6,1,1,0,0,10.0,20.0,7.5,Low Risk
24,Female,Urban,Harare,Secondary,Informal,3,1,1,0,1,3,Low,1.7,1,1,0,20,30.0,0.0,19.5,Low Risk
53,Female,Urban,Harare,Secondary,Unemployed,2,1,1,0,0,2,Medium,3.1,1,1,0,30,38.0,0.0,26.8,Moderate Risk
22,Female,Rural,Midlands,Secondary,Formal,4,1,0,1,1,3,Low,14.2,1,1,1,30,38.0,15.0,29.8,Moderate Risk
69,Male,Urban,Bulawayo,Tertiary,Informal,4,0,1,0,0,1,High,0.4,1,1,1,70,20.0,0.0,38.5,Moderate Risk
29,Male,Rural,Mashonaland West,Secondary,Informal,2,1,0,0,0,1,High,19.2,1,1,1,60,40.0,15.0,44.0,Moderate Risk
62,Female,Urban,Midlands,Secondary,Informal,3,1,1,0,0,2,Medium,1.7,0,0,0,30,22.0,50.0,31.2,Moderate Risk
35,Female,Rural,Mashonaland Central,None,Informal,1,0,0,0,1,1,High,7.8,1,0,1,90,69.0,45.0,73.65,Critical Risk
60,Male,Rural,Mashonaland West,None,Informal,2,0,1,0,0,1,High,3.8,0,1,1,70,52.0,30.0,55.7,High Risk
27,Male,Rural,Matabeleland South,None,Informal,1,1,1,0,1,3,Low,13.9,0,0,0,20,59.0,85.0,46.65,High Risk
38,Male,Urban,Manicaland,Secondary,Unemployed,2,1,1,0,0,2,Medium,0.9,0,1,0,30,28.0,30.0,29.3,Moderate Risk
49,Male,Rural,Midlands,None,Unemployed,1,1,0,0,0,1,High,13.1,0,0,1,60,67.0,65.0,63.45,High Risk
47,Female,Urban,Bulawayo,Secondary,Unemployed,2,1,1,0,0,2,Medium,4.9,1,0,1,30,38.0,20.0,30.8,Moderate Risk
53,Female,Rural,Mashonaland East,Secondary,Informal,2,0,1,1,1,3,Low,1.0,0,0,1,40,50.0,50.0,45.5,High Risk
31,Male,Urban,Harare,Secondary,Unemployed,2,1,1,1,0,3,Low,10.7,1,1,0,10,28.0,15.0,17.3,Low Risk
39,Female,Urban,Harare,Secondary,Formal,5,1,1,1,0,3,Low,0.5,1,1,0,10,10.0,0.0,8.0,Low Risk
55,Female,Urban,Matabeleland North,Secondary,Formal,5,1,1,1,1,4,Low,4.2,1,1,0,0,10.0,20.0,7.5,Low Risk
28,Male,Rural,Manicaland,Secondary,Informal,1,1,1,1,0,3,Low,7.4,1,0,1,10,47.0,25.0,25.95,Moderate Risk
46,Male,Rural,Masvingo,Tertiary,Formal,5,1,1,1,1,4,Low,4.2,1,1,0,0,20.0,20.0,11.0,Low Risk
34,Female,Urban,Harare,Secondary,Informal,4,1,0,0,1,2,Medium,2.8,0,0,1,50,22.0,50.0,40.2,Moderate Risk
40,Male,Rural,Manicaland,Secondary,Formal,4,0,1,1,1,3,Low,14.7,1,1,1,40,20.0,15.0,28.0,Moderate Risk
39,Female,Rural,Mashonaland East,Primary,Informal,2,1,0,0,1,2,Medium,6.4,1,1,1,50,56.0,5.0,43.1,Moderate Risk
26,Female,Urban,Bulawayo,Secondary,Formal,5,1,0,1,1,3,Low,0.5,1,1,0,30,10.0,0.0,17.0,Low Risk
34,Female,Urban,Harare,Secondary,Formal,5,1,1,1,1,4,Low,1.7,0,1,0,0,10.0,30.0,9.5,Low Risk
40,Female,Rural,Midlands,Secondary,Unemployed,2,1,1,0,0,2,Medium,19.0,1,1,0,30,58.0,15.0,36.8,Moderate Risk
36,Female,Rural,Midlands,Secondary,Informal,2,1,0,0,1,2,Medium,42.9,0,0,0,50,50.0,80.0,56.0,High Risk
60,Female,Urban,Harare,Secondary,Formal,5,1,0,1,1,3,Low,0.9,1,0,0,30,10.0,20.0,21.0,Low Risk
52,Male,Rural,Midlands,Secondary,Informal,3,1,1,0,0,2,Medium,6.9,1,0,0,30,32.0,25.0,29.7,Moderate Risk
42,Female,Urban,Harare,Tertiary,Unemployed,2,1,1,1,0,3,Low,3.0,0,1,1,10,38.0,30.0,23.8,Low Risk
27,Female,Rural,Manicaland,Secondary,Informal,2,1,0,1,0,2,Medium,28.6,1,0,0,40,50.0,50.0,45.5,High Risk
26,Female,Rural,Mashonaland East,None,Informal,2,0,1,0,0,1,High,7.3,0,0,1,70,62.0,55.0,64.2,High Risk
65,Female,Rural,Matabeleland South,None,Unemployed,1,1,1,0,0,2,Medium,9.9,0,0,1,30,85.0,75.0,58.25,High Risk
23,Male,Urban,Bulawayo,Tertiary,Formal,5,1,1,1,1,4,Low,4.4,1,1,0,0,8.0,0.0,2.8,Low Risk
39,Female,Urban,Harare,Tertiary,Formal,5,1,1,1,1,4,Low,2.8,1,1,0,0,10.0,0.0,3.5,Low Risk
43,Female,Urban,Manicaland,Tertiary,Formal,5,1,1,1,1,4,Low,3.7,1,1,1,0,10.0,0.0,3.5,Low Risk
33,Female,Urban,Manicaland,Secondary,Formal,4,0,1,1,1,3,Low,4.6,1,1,0,40,10.0,0.0,21.5,Low Risk
23,Female,Rural,Matabeleland South,Secondary,Unemployed,1,0,0,0,0,0,High,115.4,1,0,1,100,73.0,70.0,84.55,Critical Risk
27,Female,Urban,Bulawayo,Tertiary,Unemployed,4,0,0,0,0,0,High,10.0,1,1,0,100,30.0,5.0,56.5,High Risk
30,Female,Urban,Mashonaland East,Tertiary,Informal,4,1,0,0,0,1,High,0.5,1,0,0,60,22.0,20.0,38.7,Moderate Risk
28,Male,Urban,Bulawayo,Secondary,Informal,3,0,1,0,0,1,High,4.8,0,0,1,70,12.0,50.0,45.7,High Risk
56,Male,Urban,Harare,Primary,Unemployed,1,1,1,1,0,3,Low,1.1,1,1,0,10,41.0,0.0,18.85,Low Risk
37,Female,Urban,Mashonaland East,Secondary,Informal,3,1,1,0,1,3,Low,0.7,1,1,1,20,22.0,0.0,16.7,Low Risk
30,Female,Rural,Mashonaland East,Secondary,Informal,1,1,1,0,1,3,Low,23.6,1,1,0,20,57.0,30.0,34.95,Moderate Risk
39,Female,Rural,Matabeleland North,Primary,Unemployed,1,0,0,0,0,0,High,10.8,0,0,1,100,71.0,85.0,86.85,Critical Risk
47,Male,Urban,Bulawayo,Secondary,Formal,5,0,0,1,1,2,Medium,1.4,0,1,1,70,0.0,30.0,37.5,Moderate Risk
33,Male,Rural,Mashonaland East,Secondary,Informal,2,0,1,0,0,1,High,9.1,1,1,1,70,40.0,5.0,46.5,High Risk
50,Male,Rural,Mashonaland Central,Primary,Unemployed,1,1,0,0,0,1,High,41.5,0,0,1,60,61.0,100.0,68.35,Critical Risk
20,Female,Urban,Bulawayo,Secondary,Informal,3,0,0,0,1,1,High,17.2,1,1,0,90,30.0,15.0,54.0,High Risk
54,Female,Rural,Midlands,Secondary,Informal,1,1,0,0,1,2,Medium,54.3,0,1,1,50,57.0,60.0,54.45,High Risk
37,Female,Urban,Mashonaland West,Tertiary,Formal,5,1,1,0,1,3,Low,3.5,1,0,0,20,10.0,20.0,16.5,Low Risk
37,Male,Urban,Bulawayo,Secondary,Informal,3,1,0,0,1,2,Medium,5.4,1,1,0,50,12.0,5.0,27.7,Moderate Risk
28,Female,Urban,Harare,Secondary,Informal,4,1,1,0,1,3,Low,0.8,0,1,1,20,22.0,30.0,22.7,Low Risk
20,Female,Urban,Harare,Primary,Unemployed,2,1,1,0,0,2,Medium,8.7,1,1,0,30,52.0,5.0,32.7,Moderate Risk
18,Male,Rural,Matabeleland South,Primary,Unemployed,4,1,0,1,0,2,Medium,23.2,0,0,0,40,54.0,100.0,56.9,High Risk
27,Female,Rural,Mashonaland West,Primary,Informal,1,1,0,0,1,2,Medium,40.8,1,0,1,50,63.0,50.0,54.55,High Risk
46,Female,Rural,Matabeleland North,Secondary,Informal,2,0,1,1,1,3,Low,19.6,1,1,1,40,50.0,35.0,42.5,Moderate Risk
24,Male,Rural,Mashonaland East,Primary,Informal,1,1,0,1,1,3,Low,17.8,1,0,1,30,61.0,35.0,41.85,Moderate Risk
18,Male,Rural,Harare,None,Formal,3,1,1,1,1,4,Low,23.4,0,0,1,0,40.0,80.0,30.0,Moderate Risk
25,Female,Rural,Masvingo,Secondary,Informal,3,1,0,1,0,2,Medium,12.7,0,1,1,40,42.0,65.0,45.7,High Risk
32,Female,Urban,Bulawayo,None,Informal,3,1,0,0,0,1,High,9.5,0,0,1,60,34.0,55.0,49.9,High Risk
33,Female,Urban,Bulawayo,None,Unemployed,1,1,1,0,0,2,Medium,0.7,1,1,0,30,57.0,0.0,33.45,Moderate Risk
36,Female,Rural,Mashonaland Central,Secondary,Unemployed,1,1,0,1,0,2,Medium,8.2,0,0,1,40,65.0,75.0,55.75,High Risk
52,Male,Urban,Mashonaland East,Primary,Formal,4,1,1,1,1,4,Low,7.3,1,1,0,0,6.0,5.0,3.1,Low Risk
55,Female,Urban,Bulawayo,Secondary,Unemployed,2,1,0,0,0,1,High,7.1,1,1,1,60,38.0,5.0,41.3,Moderate Risk
66,Female,Urban,Mashonaland Central,Tertiary,Informal,2,1,1,1,1,4,Low,2.0,1,0,0,0,38.0,40.0,21.3,Low Risk
18,Male,Rural,Masvingo,Secondary,Formal,4,1,1,0,1,3,Low,14.4,1,0,1,20,28.0,55.0,29.8,Moderate Risk
26,Female,Urban,Harare,Tertiary,Formal,4,1,0,1,1,3,Low,0.6,1,1,1,30,10.0,0.0,17.0,Low Risk
47,Male,Urban,Bulawayo,Secondary,Unemployed,3,1,1,0,0,2,Medium,2.3,1,1,1,30,20.0,0.0,20.5,Low Risk
31,Male,Urban,Bulawayo,Primary,Informal,4,1,1,1,1,4,Low,0.1,1,1,0,0,18.0,0.0,6.3,Low Risk
50,Male,Urban,Bulawayo,Tertiary,Informal,5,0,1,0,0,1,High,10.5,1,1,0,70,12.0,15.0,38.7,Moderate Risk
40,Female,Rural,Matabeleland North,Secondary,Informal,2,1,1,0,1,3,Low,3.2,0,1,0,20,50.0,50.0,36.5,Moderate Risk
60,Male,Urban,Harare,Primary,Informal,4,0,1,0,0,1,High,2.4,1,0,0,70,18.0,20.0,41.8,Moderate Risk
52,Male,Rural,Midlands,Primary,Informal,2,1,0,0,0,1,High,10.5,0,0,1,60,46.0,65.0,56.1,High Risk
52,Female,Rural,Mashonaland East,Secondary,Informal,3,1,1,0,1,3,Low,66.0,1,1,0,20,42.0,30.0,29.7,Moderate Risk
32,Male,Urban,Harare,None,Unemployed,1,1,1,0,0,2,Medium,5.9,1,0,0,30,47.0,25.0,34.95,Moderate Risk
36,Female,Rural,Matabeleland South,Primary,Informal,3,0,0,0,0,0,High,1.0,1,0,1,100,48.0,40.0,69.8,Critical Risk
33,Female,Rural,Mashonaland Central,Primary,Informal,1,0,1,0,1,2,Medium,21.2,0,1,1,60,63.0,80.0,65.05,Critical Risk
18,Male,Rural,Midlands,Secondary,Informal,4,1,1,0,0,2,Medium,40.2,1,1,1,30,40.0,30.0,33.5,Moderate Risk
58,Male,Urban,Harare,None,Informal,4,0,1,0,0,1,High,1.8,1,1,1,70,24.0,0.0,39.9,Moderate Risk
48,Female,Urban,Harare,Secondary,Informal,4,1,1,0,1,3,Low,11.1,1,0,0,20,22.0,35.0,23.7,Low Risk
33,Male,Rural,Manicaland,Primary,Informal,2,1,0,1,0,2,Medium,14.5,0,0,0,40,46.0,65.0,47.1,High Risk
56,Male,Rural,Manicaland,Secondary,Informal,2,1,1,0,1,3,Low,26.9,0,0,1,20,40.0,80.0,39.0,Moderate Risk
29,Female,Rural,Manicaland,Primary,Informal,1,1,0,0,1,2,Medium,20.7,0,1,1,50,63.0,60.0,56.55,High Risk
18,Female,Rural,Harare,Secondary,Unemployed,2,1,1,0,0,2,Medium,4.7,0,0,0,30,66.0,50.0,46.6,High Risk
52,Female,Urban,Harare,Secondary,Informal,4,1,1,0,1,3,Low,3.9,1,1,0,20,22.0,0.0,16.7,Low Risk
20,Female,Rural,Mashonaland East,Secondary,Informal,1,1,0,1,0,2,Medium,1.0,0,1,0,40,65.0,30.0,46.75,High Risk
35,Female,Urban,Harare,Primary,Informal,3,1,1,0,1,3,Low,12.1,0,1,0,20,28.0,45.0,27.8,Moderate Risk
40,Female,Rural,Mashonaland Central,Secondary,Informal,3,1,1,0,0,2,Medium,69.5,0,0,0,30,42.0,100.0,48.2,High Risk
43,Female,Urban,Harare,Tertiary,Formal,5,1,1,1,1,4,Low,3.0,1,1,0,0,10.0,0.0,3.5,Low Risk
49,Female,Urban,Harare,Secondary,Informal,4,1,0,1,1,3,Low,3.8,0,1,0,30,22.0,30.0,27.2,Moderate Risk
46,Female,Rural,Mashonaland Central,Secondary,Informal,1,1,1,0,0,2,Medium,7.9,1,1,0,30,57.0,25.0,38.45,Moderate Risk
45,Female,Rural,Mashonaland East,Secondary,Informal,1,1,1,0,1,3,Low,81.5,0,0,1,20,57.0,80.0,44.95,Moderate Risk
26,Male,Rural,Manicaland,Secondary,Informal,2,1,0,0,1,2,Medium,6.8,1,0,1,50,40.0,25.0,41.5,Moderate Risk
42,Female,Urban,Harare,Secondary,Formal,5,1,1,1,1,4,Low,0.7,1,1,0,0,10.0,0.0,3.5,Low Risk
18,Female,Urban,Matabeleland North,Tertiary,Formal,5,1,1,1,1,4,Low,2.8,0,1,1,0,18.0,50.0,16.3,Low Risk
59,Male,Rural,Mashonaland Central,Secondary,Informal,3,1,0,0,0,1,High,13.2,1,1,1,60,32.0,35.0,45.2,High Risk
18,Male,Urban,Harare,Secondary,Informal,3,1,1,0,1,3,Low,3.5,1,1,0,20,20.0,0.0,16.0,Low Risk
33,Female,Urban,Bulawayo,Secondary,Formal,5,1,1,1,1,4,Low,5.7,0,1,0,0,10.0,35.0,10.5,Low Risk
19,Male,Rural,Mashonaland West,Secondary,Informal,1,1,0,1,1,3,Low,2.8,1,1,1,30,55.0,0.0,32.75,Moderate Risk
27,Male,Urban,Harare,Primary,Informal,3,1,1,0,0,2,Medium,0.8,0,1,0,30,18.0,30.0,25.8,Moderate Risk
38,Male,Rural,Matabeleland South,Secondary,Informal,1,0,1,0,0,1,High,27.8,1,0,0,70,47.0,70.0,61.95,High Risk
30,Male,Urban,Manicaland,Secondary,Informal,5,1,1,0,1,3,Low,2.3,1,1,0,20,12.0,0.0,13.2,Low Risk
54,Female,Rural,Midlands,Secondary,Informal,1,1,1,1,0,3,Low,10.8,1,0,1,10,57.0,35.0,31.45,Moderate Risk
41,Male,Rural,Midlands,Secondary,Unemployed,1,1,1,1,0,3,Low,6.6,0,0,0,10,55.0,55.0,34.75,Moderate Risk
31,Male,Rural,Masvingo,Tertiary,Formal,3,1,1,1,1,4,Low,3.6,1,0,0,0,20.0,40.0,15.0,Low Risk
36,Female,Rural,Matabeleland North,Primary,Informal,1,1,1,0,1,3,Low,15.9,1,0,1,20,63.0,55.0,42.05,Moderate Risk
55,Male,Urban,Harare,Tertiary,Formal,5,1,1,1,1,4,Low,2.8,1,1,0,0,0.0,0.0,0.0,Low Risk
50,Male,Rural,Midlands,Secondary,Informal,3,0,1,0,1,2,Medium,12.8,0,0,1,60,32.0,65.0,51.2,High Risk
22,Female,Rural,Masvingo,Secondary,Unemployed,1,1,0,0,0,1,High,1.2,0,1,0,60,73.0,50.0,62.55,High Risk
28,Female,Rural,Mashonaland East,Secondary,Unemployed,3,1,0,0,0,1,High,17.7,1,1,0,60,50.0,15.0,47.5,High Risk
44,Female,Rural,Harare,Primary,Informal,1,1,1,0,0,2,Medium,4.6,0,0,1,30,63.0,50.0,45.55,High Risk
42,Female,Rural,Masvingo,Secondary,Formal,5,1,1,1,1,4,Low,7.0,0,0,0,0,30.0,75.0,25.5,Moderate Risk
23,Female,Rural,Masvingo,Secondary,Unemployed,1,1,0,0,0,1,High,14.9,0,1,0,60,73.0,65.0,65.55,Critical Risk
48,Male,Rural,Matabeleland South,Secondary,Informal,1,0,1,1,1,3,Low,2.1,0,0,1,40,47.0,70.0,48.45,High Risk
25,Female,Urban,Harare,Secondary,Unemployed,2,1,1,0,0,2,Medium,6.8,0,1,1,30,38.0,35.0,33.8,Moderate Risk
56,Female,Urban,Mashonaland East,Secondary,Formal,4,1,0,1,1,3,Low,5.5,0,1,1,30,10.0,35.0,24.0,Low Risk
45,Male,Rural,Harare,Primary,Informal,1,0,0,0,1,1,High,1.0,1,0,1,90,53.0,20.0,63.05,High Risk
22,Female,Urban,Bulawayo,Secondary,Formal,5,1,1,0,1,3,Low,10.5,0,1,1,20,18.0,45.0,24.3,Low Risk
30,Male,Rural,Mashonaland West,Secondary,Informal,2,1,1,0,0,2,Medium,8.6,0,0,1,30,40.0,55.0,38.5,Moderate Risk
30,Female,Rural,Mashonaland East,Secondary,Informal,2,1,0,0,0,1,High,12.1,1,0,1,60,50.0,35.0,51.5,High Risk
40,Female,Urban,Harare,None,Informal,3,1,1,0,1,3,Low,0.6,1,1,0,20,34.0,0.0,20.9,Low Risk
35,Female,Rural,Mashonaland Central,None,Unemployed,1,1,1,0,0,2,Medium,21.2,1,1,1,30,77.0,50.0,50.45,High Risk
21,Male,Rural,Mashonaland Central,Primary,Informal,2,1,1,0,1,3,Low,34.9,0,0,0,20,54.0,100.0,47.9,High Risk
18,Female,Rural,Matabeleland South,Primary,Informal,1,1,0,0,1,2,Medium,19.9,1,0,1,50,71.0,55.0,58.35,High Risk
45,Female,Urban,Harare,Secondary,Formal,5,1,1,1,1,4,Low,0.6,1,1,0,0,10.0,0.0,3.5,Low Risk
42,Male,Rural,Matabeleland North,Secondary,Informal,1,1,1,0,0,2,Medium,2.6,0,0,0,30,47.0,70.0,43.95,Moderate Risk
39,Male,Urban,Manicaland,Tertiary,Formal,5,1,1,1,1,4,Low,3.3,1,1,0,0,0.0,0.0,0.0,Low Risk
41,Female,Rural,Manicaland,Primary,Informal,1,0,1,0,0,1,High,13.3,1,0,1,70,63.0,35.0,60.55,High Risk
29,Male,Urban,Masvingo,Secondary,Informal,2,0,1,0,0,1,High,2.1,0,1,1,70,20.0,50.0,48.5,High Risk
40,Female,Rural,Matabeleland South,Secondary,Unemployed,1,0,0,0,0,0,High,35.2,0,1,1,100,65.0,80.0,83.75,Critical Risk
73,Female,Rural,Matabeleland South,Primary,Unemployed,1,1,0,0,0,1,High,11.3,1,0,1,60,79.0,55.0,65.65,Critical Risk
54,Male,Rural,Matabeleland South,Secondary,Informal,2,1,1,0,0,2,Medium,18.5,1,1,1,30,40.0,35.0,34.5,Moderate Risk
33,Female,Urban,Bulawayo,Secondary,Formal,5,1,1,1,1,4,Low,5.8,1,1,0,0,10.0,5.0,4.5,Low Risk
30,Male,Rural,Midlands,Secondary,Formal,4,1,1,1,1,4,Low,25.7,0,1,1,0,20.0,60.0,19.0,Low Risk
18,Female,Rural,Mashonaland Central,None,Informal,2,0,0,1,0,1,High,59.3,1,0,1,80,70.0,70.0,74.5,Critical Risk
52,Female,Urban,Harare,Tertiary,Formal,5,1,1,1,1,4,Low,0.7,1,1,0,0,10.0,0.0,3.5,Low Risk
49,Male,Rural,Matabeleland North,Tertiary,Unemployed,1,1,1,0,0,2,Medium,33.5,0,0,0,30,55.0,100.0,52.75,High Risk
30,Female,Rural,Mashonaland East,None,Unemployed,1,0,0,1,0,1,High,91.1,1,1,1,80,77.0,30.0,68.95,Critical Risk
18,Female,Rural,Masvingo,Secondary,Informal,3,1,1,0,0,2,Medium,52.0,1,1,1,30,50.0,50.0,41.0,Moderate Risk
21,Female,Rural,Mashonaland West,Secondary,Informal,3,0,0,0,0,0,High,3.1,0,0,1,100,50.0,50.0,72.5,Critical Risk
44,Male,Rural,Mashonaland East,Primary,Informal,2,1,1,1,0,3,Low,25.7,1,0,0,10,46.0,50.0,30.6,Moderate Risk
36,Female,Rural,Midlands,Tertiary,Informal,3,0,1,0,0,1,High,10.7,0,1,1,70,42.0,45.0,55.2,High Risk
47,Female,Rural,Manicaland,Primary,Informal,2,0,0,0,1,1,High,1.1,1,1,1,90,56.0,0.0,60.1,High Risk
39,Male,Urban,Harare,Secondary,Formal,5,1,1,1,1,4,Low,3.4,1,1,0,0,0.0,0.0,0.0,Low Risk
51,Female,Urban,Bulawayo,None,Unemployed,2,1,1,0,0,2,Medium,2.1,1,1,0,30,50.0,0.0,31.0,Moderate Risk
43,Male,Rural,Matabeleland South,Secondary,Informal,4,1,1,0,0,2,Medium,18.4,1,1,1,30,32.0,35.0,31.7,Moderate Risk
49,Female,Urban,Mashonaland West,Tertiary,Formal,5,1,1,0,1,3,Low,12.7,1,1,1,20,10.0,15.0,15.5,Low Risk
18,Male,Rural,Mashonaland Central,Secondary,Formal,4,1,1,1,1,4,Low,68.4,0,0,0,0,28.0,100.0,29.8,Moderate Risk
20,Female,Urban,Masvingo,Secondary,Informal,2,0,1,1,1,3,Low,0.6,0,1,1,40,38.0,50.0,41.3,Moderate Risk
32,Male,Urban,Bulawayo,Primary,Formal,3,1,1,1,1,4,Low,3.9,1,1,0,0,6.0,0.0,2.1,Low Risk
53,Male,Urban,Mashonaland West,Tertiary,Unemployed,5,1,1,0,0,2,Medium,12.3,1,1,0,30,20.0,15.0,23.5,Low Risk
64,Female,Urban,Harare,Secondary,Informal,4,1,1,0,1,3,Low,0.4,1,1,0,20,22.0,0.0,16.7,Low Risk
35,Female,Urban,Harare,Secondary,Unemployed,3,1,1,0,0,2,Medium,0.5,1,1,0,30,30.0,0.0,24.0,Low Risk
29,Female,Urban,Bulawayo,Secondary,Informal,4,1,1,0,0,2,Medium,2.5,0,1,0,30,22.0,30.0,27.2,Moderate Risk
18,Female,Rural,Masvingo,Tertiary,Unemployed,1,1,1,1,0,3,Low,16.2,1,1,1,10,73.0,35.0,37.05,Moderate Risk
50,Male,Urban,Harare,Tertiary,Informal,4,1,1,0,0,2,Medium,2.3,1,0,0,30,12.0,20.0,21.7,Low Risk
30,Female,Urban,Bulawayo,Secondary,Informal,2,1,1,0,0,2,Medium,1.0,0,0,0,30,30.0,50.0,34.0,Moderate Risk
79,Male,Urban,Bulawayo,Secondary,Formal,5,1,1,0,1,3,Low,3.0,1,1,0,20,8.0,0.0,11.8,Low Risk
27,Male,Urban,Harare,Primary,Informal,4,1,1,0,1,3,Low,4.4,1,1,0,20,18.0,0.0,15.3,Low Risk
67,Female,Urban,Bulawayo,Secondary,Informal,4,1,1,0,1,3,Low,1.3,1,0,0,20,30.0,20.0,23.5,Low Risk
48,Female,Rural,Mashonaland East,Secondary,Informal,4,1,1,1,0,3,Low,36.0,1,0,0,10,42.0,50.0,29.2,Moderate Risk
23,Male,Rural,Midlands,Secondary,Informal,2,1,1,0,1,3,Low,6.0,1,0,0,20,48.0,25.0,30.8,Moderate Risk
41,Male,Urban,Bulawayo,Secondary,Formal,3,1,1,1,1,4,Low,0.1,1,0,0,0,0.0,20.0,4.0,Low Risk
48,Female,Rural,Masvingo,Primary,Informal,3,1,1,0,1,3,Low,8.2,1,0,0,20,48.0,45.0,34.8,Moderate Risk
34,Male,Urban,Matabeleland South,Secondary,Formal,4,0,1,1,1,3,Low,4.8,1,1,0,40,0.0,20.0,22.0,Low Risk
49,Male,Urban,Bulawayo,Primary,Informal,3,0,1,0,0,1,High,1.4,0,1,1,70,18.0,30.0,43.8,Moderate Risk
49,Male,Rural,Mashonaland East,Secondary,Informal,2,1,0,0,1,2,Medium,30.9,0,0,1,50,40.0,80.0,52.5,High Risk
46,Male,Urban,Bulawayo,Tertiary,Unemployed,4,1,1,0,0,2,Medium,4.7,1,0,0,30,20.0,20.0,24.5,Low Risk
37,Male,Rural,Midlands,Secondary,Informal,2,1,0,0,0,1,High,8.6,1,0,0,60,40.0,25.0,46.0,High Risk
21,Female,Urban,Harare,Secondary,Unemployed,3,1,1,0,0,2,Medium,0.6,1,0,0,30,38.0,20.0,30.8,Moderate Risk
36,Male,Urban,Bulawayo,Secondary,Unemployed,2,1,1,0,0,2,Medium,1.2,1,1,0,30,28.0,0.0,23.3,Low Risk
40,Female,Urban,Harare,Secondary,Formal,5,1,1,1,1,4,Low,5.0,1,1,0,0,10.0,0.0,3.5,Low Risk
18,Female,Urban,Mashonaland East,Secondary,Informal,4,0,1,1,0,2,Medium,2.0,1,1,1,50,30.0,0.0,33.0,Moderate Risk
40,Female,Rural,Matabeleland North,Primary,Informal,1,1,0,0,1,2,Medium,23.4,1,0,0,50,63.0,70.0,58.55,High Risk
36,Female,Urban,Matabeleland South,Tertiary,Unemployed,5,1,1,1,0,3,Low,0.1,1,1,0,10,30.0,20.0,19.0,Low Risk
19,Female,Rural,Matabeleland North,None,Informal,1,0,1,0,1,2,Medium,29.8,0,1,1,60,77.0,80.0,69.95,Critical Risk
33,Female,Rural,Harare,Secondary,Formal,5,1,1,1,1,4,Low,2.3,0,1,0,0,30.0,30.0,16.5,Low Risk
33,Female,Rural,Masvingo,Primary,Informal,1,1,1,0,1,3,Low,1.0,1,0,0,20,63.0,40.0,39.05,Moderate Risk
65,Female,Urban,Matabeleland North,Secondary,Informal,4,1,1,0,1,3,Low,7.7,1,0,0,20,30.0,45.0,28.5,Moderate Risk
41,Female,Urban,Harare,Secondary,Formal,5,1,1,1,0,3,Low,1.9,1,1,0,10,10.0,0.0,8.0,Low Risk
52,Female,Urban,Harare,Tertiary,Formal,4,1,1,1,1,4,Low,12.8,1,1,0,0,10.0,15.0,6.5,Low Risk
36,Male,Rural,Matabeleland North,Primary,Unemployed,1,1,0,0,0,1,High,3.2,0,0,1,60,61.0,70.0,62.35,High Risk
18,Female,Urban,Bulawayo,Tertiary,Formal,5,1,1,1,1,4,Low,3.4,1,1,0,0,18.0,0.0,6.3,Low Risk
47,Female,Rural,Manicaland,Secondary,Informal,2,1,0,0,1,2,Medium,52.7,0,1,1,50,50.0,60.0,52.0,High Risk
28,Male,Rural,Mashonaland East,Secondary,Informal,4,1,1,0,1,3,Low,62.3,1,1,0,20,32.0,30.0,26.2,Moderate Risk
33,Female,Urban,Harare,Tertiary,Formal,5,1,1,1,1,4,Low,1.6,1,1,0,0,10.0,0.0,3.5,Low Risk
23,Male,Rural,Matabeleland North,Secondary,Informal,2,1,1,0,1,3,Low,9.6,1,1,0,20,48.0,25.0,30.8,Moderate Risk
39,Male,Urban,Bulawayo,Primary,Formal,4,1,1,1,1,4,Low,2.9,1,1,0,0,6.0,0.0,2.1,Low Risk
52,Female,Rural,Mashonaland West,Secondary,Unemployed,3,1,1,0,0,2,Medium,49.8,1,0,1,30,50.0,50.0,41.0,Moderate Risk
51,Male,Urban,Mashonaland East,Secondary,Informal,5,1,1,0,0,2,Medium,2.0,1,1,0,30,12.0,0.0,17.7,Low Risk
60,Male,Rural,Mashonaland East,Secondary,Informal,2,1,1,0,1,3,Low,51.9,1,1,0,20,40.0,30.0,29.0,Moderate Risk
62,Male,Rural,Matabeleland North,Secondary,Unemployed,3,1,1,0,0,2,Medium,5.9,0,0,0,30,40.0,75.0,42.5,Moderate Risk
18,Female,Rural,Mashonaland East,Secondary,Informal,3,1,0,0,0,1,High,4.9,1,0,0,60,50.0,20.0,48.5,High Risk
21,Male,Urban,Harare,Secondary,Formal,5,1,1,1,1,4,Low,0.9,1,1,0,0,8.0,0.0,2.8,Low Risk
18,Female,Rural,Masvingo,Primary,Informal,2,1,1,0,0,2,Medium,36.2,0,0,1,30,64.0,100.0,55.9,High Risk
46,Female,Urban,Bulawayo,Secondary,Informal,3,1,1,1,1,4,Low,2.4,1,1,0,0,22.0,0.0,7.7,Low Risk
28,Female,Rural,Midlands,Secondary,Informal,1,1,0,0,0,1,High,8.0,0,0,0,60,57.0,55.0,57.95,High Risk
31,Female,Urban,Harare,Secondary,Informal,2,0,1,1,0,2,Medium,6.6,1,0,1,50,30.0,25.0,38.0,Moderate Risk
34,Female,Urban,Harare,Primary,Informal,5,1,1,0,0,2,Medium,4.0,1,1,0,30,28.0,0.0,23.3,Low Risk
43,Male,Urban,Harare,Tertiary,Informal,4,1,1,0,1,3,Low,1.0,1,1,0,20,12.0,0.0,13.2,Low Risk
18,Female,Urban,Bulawayo,Secondary,Informal,2,1,1,0,0,2,Medium,0.2,1,0,1,30,38.0,20.0,30.8,Moderate Risk
20,Female,Urban,Harare,Secondary,Formal,5,1,1,1,1,4,Low,4.3,1,1,0,0,18.0,0.0,6.3,Low Risk
38,Male,Rural,Midlands,Secondary,Informal,1,1,0,0,0,1,High,7.2,0,0,1,60,47.0,55.0,54.45,High Risk
54,Male,Urban,Mashonaland East,Tertiary,Informal,3,1,1,0,0,2,Medium,1.2,1,1,0,30,12.0,0.0,17.7,Low Risk
37,Female,Rural,Mashonaland West,Secondary,Informal,4,1,1,0,1,3,Low,30.5,1,0,1,20,42.0,50.0,33.7,Moderate Risk
26,Male,Urban,Bulawayo,Secondary,Formal,4,1,1,1,1,4,Low,0.1,0,1,0,0,0.0,30.0,6.0,Low Risk
18,Female,Rural,Manicaland,Secondary,Informal,2,1,0,1,1,3,Low,1.0,1,0,1,30,58.0,20.0,37.8,Moderate Risk
51,Male,Rural,Masvingo,Tertiary,Informal,2,1,0,0,0,1,High,1.2,1,0,0,60,40.0,40.0,49.0,High Risk
27,Female,Urban,Bulawayo,Secondary,Informal,3,1,1,0,1,3,Low,2.1,1,1,0,20,22.0,0.0,16.7,Low Risk
21,Male,Rural,Midlands,None,Informal,1,1,1,0,0,2,Medium,12.9,1,0,1,30,67.0,35.0,43.95,Moderate Risk
18,Female,Rural,Mashonaland West,Primary,Informal,1,0,1,0,0,1,High,25.6,1,1,1,70,71.0,30.0,62.35,High Risk
18,Male,Rural,Mashonaland Central,Secondary,Informal,1,0,1,1,0,2,Medium,88.1,1,0,1,50,55.0,70.0,55.75,High Risk
24,Male,Urban,Harare,Secondary,Informal,4,1,1,0,1,3,Low,3.1,0,1,0,20,20.0,30.0,22.0,Low Risk
34,Male,Urban,Harare,Secondary,Formal,5,1,1,0,1,3,Low,17.8,1,1,0,20,0.0,15.0,12.0,Low Risk
21,Male,Rural,Midlands,Secondary,Informal,2,0,1,0,0,1,High,11.6,1,1,1,70,48.0,15.0,51.3,High Risk
40,Female,Urban,Mashonaland East,Tertiary,Formal,5,1,1,1,1,4,Low,4.2,1,1,0,0,10.0,0.0,3.5,Low Risk
34,Female,Rural,Matabeleland South,Primary,Informal,3,1,1,0,1,3,Low,15.3,0,0,0,20,48.0,85.0,42.8,Moderate Risk
69,Male,Urban,Mashonaland West,Secondary,Unemployed,4,1,1,1,0,3,Low,6.2,1,1,0,10,28.0,5.0,15.3,Low Risk
18,Female,Rural,Manicaland,Tertiary,Formal,4,1,1,1,1,4,Low,24.6,0,1,0,0,38.0,60.0,25.3,Moderate Risk
40,Male,Urban,Manicaland,Secondary,Informal,2,0,1,1,1,3,Low,0.2,1,0,0,40,20.0,20.0,29.0,Moderate Risk
40,Male,Urban,Manicaland,Secondary,Formal,4,1,1,0,1,3,Low,2.7,1,1,1,20,0.0,0.0,9.0,Low Risk
23,Female,Rural,Mashonaland Central,None,Informal,2,0,1,0,0,1,High,16.2,0,0,1,70,70.0,85.0,73.0,Critical Risk
39,Female,Rural,Mashonaland West,Primary,Unemployed,2,1,0,0,0,1,High,7.1,0,0,1,60,64.0,55.0,60.4,High Risk
48,Female,Rural,Matabeleland North,None,Informal,2,0,1,0,0,1,High,2.6,1,0,0,70,62.0,40.0,61.2,High Risk
39,Male,Rural,Midlands,Primary,Formal,3,1,1,0,1,3,Low,65.1,1,0,0,20,26.0,50.0,28.1,Moderate Risk
57,Male,Urban,Harare,Secondary,Informal,4,1,1,0,1,3,Low,2.6,1,0,1,20,12.0,20.0,17.2,Low Risk
18,Female,Urban,Masvingo,Tertiary,Formal,5,1,1,1,1,4,Low,3.3,1,1,0,0,18.0,20.0,10.3,Low Risk
26,Male,Urban,Matabeleland North,Secondary,Formal,5,1,0,1,1,3,Low,3.5,1,0,0,30,0.0,40.0,21.5,Low Risk
58,Male,Urban,Matabeleland North,Secondary,Informal,3,1,0,1,0,2,Medium,1.1,1,0,0,40,12.0,40.0,30.2,Moderate Risk
50,Female,Urban,Harare,Secondary,Formal,4,1,1,1,1,4,Low,7.8,1,1,0,0,10.0,5.0,4.5,Low Risk
45,Female,Rural,Mashonaland Central,Tertiary,Informal,3,1,1,0,1,3,Low,55.7,1,1,0,20,42.0,50.0,33.7,Moderate Risk
55,Male,Urban,Bulawayo,Secondary,Informal,4,1,1,1,1,4,Low,1.6,1,1,0,0,12.0,0.0,4.2,Low Risk
18,Male,Urban,Harare,Primary,Unemployed,2,1,1,0,0,2,Medium,1.2,1,1,1,30,42.0,0.0,28.2,Moderate Risk
49,Female,Urban,Harare,Primary,Formal,4,1,1,1,1,4,Low,1.8,1,1,0,0,16.0,0.0,5.6,Low Risk
52,Male,Urban,Mashonaland Central,Tertiary,Informal,4,1,1,0,1,3,Low,9.3,1,1,0,20,12.0,25.0,18.2,Low Risk
28,Male,Urban,Harare,Tertiary,Formal,5,1,1,1,1,4,Low,2.0,1,1,0,0,0.0,0.0,0.0,Low Risk
74,Male,Rural,Mashonaland West,Secondary,Formal,3,1,1,1,1,4,Low,16.9,1,1,0,0,28.0,15.0,12.8,Low Risk
40,Female,Urban,Matabeleland South,Primary,Informal,2,1,1,1,1,4,Low,1.8,1,1,0,0,36.0,20.0,16.6,Low Risk
18,Female,Rural,Mashonaland West,Secondary,Informal,1,0,1,0,1,2,Medium,28.1,1,1,1,60,65.0,30.0,55.75,High Risk
43,Male,Rural,Midlands,Secondary,Formal,4,1,1,0,1,3,Low,6.7,0,0,0,20,20.0,55.0,27.0,Moderate Risk
27,Male,Rural,Mashonaland West,Primary,Unemployed,1,1,0,0,0,1,High,5.4,1,0,1,60,61.0,25.0,53.35,High Risk
54,Female,Rural,Mashonaland East,None,Informal,1,1,0,0,0,1,High,56.7,1,1,1,60,69.0,30.0,57.15,High Risk
45,Female,Urban,Harare,Secondary,Informal,4,1,1,0,1,3,Low,2.4,1,0,0,20,22.0,20.0,20.7,Low Risk
29,Female,Urban,Harare,Secondary,Formal,5,0,1,1,1,3,Low,0.6,0,1,0,40,10.0,30.0,27.5,Moderate Risk
59,Male,Urban,Harare,Tertiary,Formal,5,1,1,1,1,4,Low,0.1,1,1,0,0,0.0,0.0,0.0,Low Risk
51,Female,Rural,Midlands,Primary,Informal,3,1,1,0,0,2,Medium,41.1,1,0,0,30,48.0,50.0,40.3,Moderate Risk
26,Female,Rural,Midlands,Tertiary,Informal,2,1,0,0,1,2,Medium,22.6,0,0,1,50,50.0,80.0,56.0,High Risk
35,Female,Urban,Harare,Secondary,Informal,3,1,1,1,0,3,Low,3.6,1,0,1,10,22.0,20.0,16.2,Low Risk
45,Male,Urban,Harare,Secondary,Informal,4,1,1,0,1,3,Low,1.1,1,0,1,20,12.0,20.0,17.2,Low Risk
32,Female,Rural,Matabeleland North,Secondary,Informal,2,0,0,0,1,1,High,34.2,1,0,1,90,50.0,70.0,72.0,Critical Risk
33,Male,Rural,Mashonaland West,Secondary,Unemployed,1,0,0,0,0,0,High,36.4,1,1,1,100,55.0,30.0,70.25,Critical Risk
38,Male,Rural,Mashonaland East,None,Formal,4,1,0,1,1,3,Low,11.8,1,0,1,30,32.0,35.0,31.7,Moderate Risk
23,Male,Rural,Mashonaland Central,Primary,Informal,2,1,1,0,1,3,Low,6.9,1,0,1,20,54.0,45.0,36.9,Moderate Risk
18,Female,Rural,Mashonaland Central,Secondary,Informal,3,0,0,0,1,1,High,4.0,1,1,1,90,50.0,20.0,62.0,High Risk
41,Male,Rural,Masvingo,Secondary,Informal,1,1,1,0,1,3,Low,2.6,1,0,1,20,47.0,40.0,33.45,Moderate Risk
18,Female,Urban,Harare,Secondary,Informal,5,0,1,0,0,1,High,0.7,1,1,0,70,30.0,0.0,42.0,Moderate Risk
24,Female,Urban,Manicaland,Secondary,Informal,3,1,1,0,1,3,Low,0.3,1,1,1,20,30.0,0.0,19.5,Low Risk
18,Female,Rural,Mashonaland East,Primary,Unemployed,2,1,1,0,0,2,Medium,21.1,0,0,1,30,72.0,80.0,54.7,High Risk
18,Male,Rural,Mashonaland West,Primary,Informal,1,1,1,0,0,2,Medium,13.6,1,1,0,30,61.0,15.0,37.85,Moderate Risk
43,Female,Urban,Bulawayo,Tertiary,Formal,5,1,1,1,1,4,Low,3.6,1,1,0,0,10.0,0.0,3.5,Low Risk
34,Male,Rural,Mashonaland Central,Secondary,Formal,4,1,1,0,0,2,Medium,39.0,1,1,1,30,20.0,50.0,30.5,Moderate Risk
34,Male,Urban,Masvingo,Secondary,Formal,5,1,1,1,1,4,Low,1.6,1,1,0,0,0.0,20.0,4.0,Low Risk
19,Male,Rural,Matabeleland North,Secondary,Informal,1,1,0,0,1,2,Medium,12.5,1,1,0,50,55.0,35.0,48.75,High Risk
28,Male,Urban,Masvingo,Tertiary,Formal,5,1,1,1,1,4,Low,1.4,1,1,0,0,0.0,20.0,4.0,Low Risk
43,Female,Rural,Mashonaland West,Primary,Informal,2,0,0,0,0,0,High,51.8,0,0,1,100,56.0,80.0,80.6,Critical Risk
37,Male,Urban,Harare,Secondary,Unemployed,2,1,0,0,0,1,High,3.3,1,0,0,60,28.0,20.0,40.8,Moderate Risk
49,Male,Urban,Harare,Secondary,Unemployed,1,1,1,0,0,2,Medium,5.1,0,1,0,30,35.0,35.0,32.75,Moderate Risk
51,Female,Urban,Bulawayo,Primary,Informal,2,1,1,0,0,2,Medium,5.3,1,1,0,30,36.0,5.0,27.1,Moderate Risk
34,Male,Rural,Masvingo,None,Informal,2,0,1,0,1,2,Medium,28.1,0,0,1,60,52.0,100.0,65.2,Critical Risk
18,Male,Urban,Harare,None,Informal,4,1,0,0,1,2,Medium,14.8,1,1,1,50,32.0,15.0,36.7,Moderate Risk
27,Male,Urban,Harare,Primary,Informal,2,1,1,1,1,4,Low,0.9,1,1,0,0,26.0,0.0,9.1,Low Risk
36,Male,Rural,Mashonaland East,Secondary,Informal,1,0,1,1,0,2,Medium,32.2,1,0,1,50,47.0,50.0,48.95,High Risk
27,Female,Urban,Harare,Secondary,Formal,5,1,1,1,1,4,Low,1.6,1,1,0,0,10.0,0.0,3.5,Low Risk
23,Male,Urban,Harare,Secondary,Informal,3,1,1,0,1,3,Low,10.7,0,0,0,20,20.0,65.0,29.0,Moderate Risk
38,Male,Urban,Bulawayo,Tertiary,Informal,4,1,1,0,0,2,Medium,2.7,1,1,0,30,12.0,0.0,17.7,Low Risk
72,Female,Rural,Midlands,None,Informal,2,0,1,0,1,2,Medium,1.5,0,1,0,60,70.0,30.0,57.5,High Risk
31,Male,Urban,Harare,Secondary,Informal,4,1,1,0,0,2,Medium,3.2,1,1,0,30,12.0,0.0,17.7,Low Risk
37,Female,Urban,Harare,Tertiary,Informal,5,0,1,0,0,1,High,0.1,0,0,0,70,22.0,50.0,49.2,High Risk
19,Female,Urban,Harare,Secondary,Formal,4,1,1,1,1,4,Low,4.0,0,1,0,0,18.0,30.0,12.3,Low Risk
55,Male,Urban,Harare,Secondary,Formal,4,1,1,1,1,4,Low,2.6,1,1,0,0,0.0,0.0,0.0,Low Risk
50,Male,Urban,Bulawayo,Secondary,Formal,5,1,1,1,1,4,Low,2.7,1,1,0,0,0.0,0.0,0.0,Low Risk
49,Male,Urban,Harare,Tertiary,Informal,4,1,1,0,0,2,Medium,0.1,0,1,0,30,12.0,30.0,23.7,Low Risk
57,Male,Urban,Midlands,Primary,Informal,2,1,1,1,1,4,Low,0.4,1,1,0,0,26.0,0.0,9.1,Low Risk
32,Female,Urban,Mashonaland West,Primary,Formal,4,1,1,1,1,4,Low,5.9,1,1,0,0,16.0,5.0,6.6,Low Risk
33,Female,Rural,Mashonaland West,Secondary,Unemployed,3,1,1,1,0,3,Low,46.1,1,0,0,10,50.0,50.0,32.0,Moderate Risk
61,Male,Urban,Matabeleland North,None,Unemployed,3,1,1,0,0,2,Medium,0.2,0,1,0,30,32.0,50.0,34.7,Moderate Risk
46,Male,Urban,Bulawayo,Secondary,Informal,3,1,1,0,1,3,Low,3.5,1,1,0,20,12.0,0.0,13.2,Low Risk
18,Male,Rural,Midlands,None,Unemployed,1,1,0,0,0,1,High,13.2,0,0,1,60,75.0,65.0,66.25,Critical Risk
44,Female,Rural,Mashonaland East,Primary,Informal,1,0,1,0,1,2,Medium,3.6,1,0,0,60,63.0,20.0,53.05,High Risk
29,Female,Rural,Midlands,Secondary,Informal,3,1,0,1,1,3,Low,5.3,0,1,1,30,42.0,35.0,35.2,Moderate Risk
50,Male,Urban,Harare,Secondary,Informal,4,1,1,0,1,3,Low,4.6,1,0,0,20,12.0,20.0,17.2,Low Risk
43,Female,Urban,Harare,Secondary,Formal,5,1,1,1,1,4,Low,14.3,1,1,0,0,10.0,15.0,6.5,Low Risk
18,Male,Urban,Matabeleland South,Secondary,Informal,3,0,1,0,1,2,Medium,8.8,1,1,1,60,20.0,25.0,39.0,Moderate Risk
41,Female,Urban,Harare,Secondary,Unemployed,4,1,1,1,0,3,Low,1.6,1,1,0,10,30.0,0.0,15.0,Low Risk
40,Female,Urban,Harare,Tertiary,Formal,5,1,1,1,1,4,Low,0.1,1,1,0,0,10.0,0.0,3.5,Low Risk
43,Female,Rural,Manicaland,None,Informal,1,1,1,0,1,3,Low,23.0,1,1,1,20,69.0,30.0,39.15,Moderate Risk
46,Male,Urban,Harare,Secondary,Formal,5,1,1,1,1,4,Low,4.9,1,0,0,0,0.0,20.0,4.0,Low Risk
58,Male,Rural,Mashonaland East,Secondary,Unemployed,3,0,1,1,0,2,Medium,66.8,1,0,1,50,40.0,50.0,46.5,High Risk
43,Female,Urban,Harare,Secondary,Formal,5,1,1,0,1,3,Low,1.3,1,1,0,20,10.0,0.0,12.5,Low Risk
38,Male,Urban,Bulawayo,Secondary,Unemployed,2,1,1,0,0,2,Medium,0.3,1,0,0,30,28.0,20.0,27.3,Moderate Risk
54,Male,Rural,Matabeleland South,Secondary,Formal,4,1,0,1,1,3,Low,8.1,1,0,1,30,20.0,45.0,29.5,Moderate Risk
69,Female,Rural,Harare,Primary,Unemployed,1,1,1,0,0,2,Medium,8.9,0,1,0,30,79.0,35.0,48.15,High Risk
50,Female,Urban,Mashonaland West,Primary,Informal,2,1,0,0,1,2,Medium,5.4,0,1,0,50,36.0,35.0,42.1,Moderate Risk
40,Female,Rural,Masvingo,Tertiary,Formal,4,1,1,1,1,4,Low,12.4,1,1,0,0,30.0,35.0,17.5,Low Risk
44,Female,Urban,Mashonaland Central,Primary,Formal,5,0,1,1,1,3,Low,3.4,1,1,0,40,16.0,20.0,27.6,Moderate Risk
41,Female,Urban,Mashonaland Central,Tertiary,Formal,5,0,1,1,1,3,Low,0.8,1,1,1,40,10.0,20.0,25.5,Moderate Risk
38,Male,Rural,Midlands,None,Formal,2,1,1,1,1,4,Low,3.5,1,1,1,0,40.0,0.0,14.0,Low Risk
68,Female,Urban,Harare,Secondary,Formal,5,1,1,1,1,4,Low,11.1,0,0,0,0,18.0,65.0,19.3,Low Risk
27,Female,Urban,Bulawayo,Secondary,Informal,2,1,1,0,1,3,Low,3.6,1,1,1,20,30.0,0.0,19.5,Low Risk
54,Female,Urban,Matabeleland North,None,Informal,3,1,1,0,1,3,Low,2.2,1,1,0,20,34.0,20.0,24.9,Low Risk
36,Male,Urban,Manicaland,Tertiary,Formal,5,1,1,1,1,4,Low,1.1,1,1,0,0,0.0,0.0,0.0,Low Risk
18,Male,Urban,Harare,Secondary,Informal,4,1,1,0,1,3,Low,0.4,1,1,0,20,20.0,0.0,16.0,Low Risk
35,Female,Urban,Bulawayo,Secondary,Informal,3,1,1,1,1,4,Low,0.9,1,1,0,0,22.0,0.0,7.7,Low Risk
30,Male,Rural,Matabeleland South,Secondary,Unemployed,1,1,1,0,0,2,Medium,1.0,0,0,0,30,55.0,70.0,46.75,High Risk
46,Male,Rural,Mashonaland East,Secondary,Informal,3,1,1,0,1,3,Low,22.3,1,0,0,20,32.0,50.0,30.2,Moderate Risk
39,Female,Urban,Bulawayo,Secondary,Formal,5,0,1,1,1,3,Low,0.2,1,1,0,40,10.0,0.0,21.5,Low Risk
23,Female,Urban,Mashonaland West,Secondary,Unemployed,2,1,1,0,0,2,Medium,1.2,0,0,0,30,46.0,50.0,39.6,Moderate Risk
58,Male,Rural,Masvingo,None,Unemployed,1,0,1,0,0,1,High,23.9,0,0,1,70,67.0,100.0,74.95,Critical Risk
53,Male,Urban,Harare,Tertiary,Unemployed,4,1,1,1,0,3,Low,3.8,1,1,1,10,20.0,0.0,11.5,Low Risk
60,Male,Urban,Bulawayo,Secondary,Informal,4,1,1,0,1,3,Low,9.1,0,0,0,20,12.0,55.0,24.2,Low Risk
41,Female,Rural,Masvingo,Secondary,Informal,3,1,0,1,0,2,Medium,3.8,0,0,1,40,42.0,70.0,46.7,High Risk
37,Male,Urban,Harare,Secondary,Unemployed,3,0,0,0,0,0,High,1.7,1,1,0,100,20.0,0.0,52.0,High Risk
47,Male,Urban,Bulawayo,Secondary,Informal,3,1,1,0,0,2,Medium,1.1,1,1,0,30,12.0,0.0,17.7,Low Risk
29,Male,Urban,Harare,Primary,Formal,5,1,1,1,1,4,Low,6.2,1,1,0,0,6.0,5.0,3.1,Low Risk
39,Male,Urban,Masvingo,Secondary,Unemployed,3,1,1,0,0,2,Medium,1.0,1,1,0,30,20.0,20.0,24.5,Low Risk
35,Male,Urban,Mashonaland East,Secondary,Unemployed,2,1,1,1,0,3,Low,1.9,1,1,0,10,28.0,0.0,14.3,Low Risk
18,Male,Rural,Matabeleland South,Primary,Formal,5,1,1,1,1,4,Low,19.2,1,1,1,0,34.0,35.0,18.9,Low Risk
39,Female,Urban,Bulawayo,Primary,Formal,5,1,1,1,1,4,Low,3.0,1,1,0,0,16.0,0.0,5.6,Low Risk
31,Male,Rural,Mashonaland Central,Secondary,Unemployed,2,0,0,0,0,0,High,13.3,1,0,1,100,48.0,55.0,72.8,Critical Risk
34,Male,Rural,Matabeleland North,Secondary,Informal,2,1,1,0,0,2,Medium,25.5,0,0,1,30,40.0,100.0,47.5,High Risk
43,Male,Urban,Harare,Secondary,Informal,4,1,1,0,0,2,Medium,1.8,0,0,0,30,12.0,50.0,27.7,Moderate Risk
55,Male,Urban,Bulawayo,Tertiary,Formal,5,1,1,1,1,4,Low,0.4,0,1,1,0,0.0,30.0,6.0,Low Risk
26,Male,Urban,Harare,Secondary,Formal,5,1,1,1,1,4,Low,1.4,1,1,0,0,0.0,0.0,0.0,Low Risk
33,Male,Rural,Masvingo,None,Informal,3,1,1,0,0,2,Medium,15.1,1,0,1,30,44.0,55.0,39.9,Moderate Risk
27,Male,Urban,Bulawayo,Tertiary,Unemployed,5,1,0,0,0,1,High,0.7,1,0,1,60,20.0,20.0,38.0,Moderate Risk
26,Male,Rural,Mashonaland West,Secondary,Informal,2,1,1,1,0,3,Low,8.5,1,0,1,10,40.0,25.0,23.5,Low Risk
29,Female,Rural,Mashonaland West,Secondary,Formal,4,1,1,1,1,4,Low,109.8,1,1,0,0,30.0,30.0,16.5,Low Risk
35,Male,Rural,Manicaland,Secondary,Informal,1,1,1,0,1,3,Low,22.1,1,0,1,20,47.0,50.0,35.45,Moderate Risk
46,Female,Rural,Mashonaland East,None,Informal,1,1,1,0,1,3,Low,13.3,1,1,0,20,69.0,15.0,36.15,Moderate Risk
42,Female,Rural,Mashonaland West,Secondary,Unemployed,1,1,1,0,0,2,Medium,14.5,1,0,1,30,65.0,35.0,43.25,Moderate Risk
23,Male,Rural,Midlands,Primary,Informal,1,1,1,0,0,2,Medium,10.3,1,0,1,30,61.0,35.0,41.85,Moderate Risk
56,Male,Rural,Midlands,None,Unemployed,1,0,0,0,0,0,High,7.7,1,0,1,100,67.0,25.0,73.45,Critical Risk
51,Male,Rural,Midlands,Secondary,Unemployed,2,0,1,0,0,1,High,1.4,0,0,0,70,48.0,50.0,58.3,High Risk
25,Male,Rural,Manicaland,Primary,Informal,1,0,1,0,1,2,Medium,18.8,0,0,1,60,53.0,65.0,58.55,High Risk
55,Female,Rural,Mashonaland East,None,Formal,3,0,1,1,1,3,Low,47.8,1,0,0,40,42.0,50.0,42.7,Moderate Risk
42,Male,Urban,Bulawayo,Secondary,Unemployed,3,1,1,0,0,2,Medium,5.1,0,1,0,30,20.0,35.0,27.5,Moderate Risk
35,Female,Rural,Matabeleland North,Primary,Formal,3,1,1,1,1,4,Low,1.2,1,1,1,0,36.0,20.0,16.6,Low Risk
43,Female,Urban,Manicaland,Secondary,Unemployed,4,1,1,1,0,3,Low,7.7,1,1,0,10,30.0,5.0,16.0,Low Risk
37,Female,Rural,Matabeleland South,None,Informal,2,1,1,0,0,2,Medium,34.7,0,0,1,30,62.0,100.0,55.2,High Risk
45,Female,Urban,Bulawayo,Secondary,Formal,4,1,1,1,1,4,Low,0.4,0,1,1,0,10.0,30.0,9.5,Low Risk
40,Female,Rural,Masvingo,Secondary,Informal,2,0,1,0,1,2,Medium,29.4,0,1,1,60,50.0,80.0,60.5,High Risk
33,Female,Rural,Midlands,Secondary,Informal,1,1,1,0,0,2,Medium,23.9,0,0,0,30,57.0,80.0,49.45,High Risk
18,Female,Rural,Mashonaland Central,Secondary,Informal,1,1,1,0,1,3,Low,17.9,1,1,1,20,65.0,35.0,38.75,Moderate Risk
45,Male,Urban,Mashonaland East,Tertiary,Informal,5,1,1,0,1,3,Low,0.3,1,1,1,20,12.0,0.0,13.2,Low Risk
32,Male,Rural,Matabeleland North,None,Informal,1,1,0,0,1,2,Medium,30.9,1,0,0,50,59.0,70.0,57.15,High Risk
48,Male,Rural,Manicaland,Primary,Informal,2,1,1,0,0,2,Medium,53.2,0,0,0,30,46.0,80.0,45.6,High Risk
44,Male,Rural,Midlands,Secondary,Informal,3,0,1,0,1,2,Medium,14.1,1,1,1,60,32.0,15.0,41.2,Moderate Risk
33,Female,Rural,Midlands,Secondary,Unemployed,2,1,0,1,0,2,Medium,41.6,0,0,0,40,58.0,80.0,54.3,High Risk
52,Male,Rural,Matabeleland South,Tertiary,Unemployed,2,0,0,0,0,0,High,19.7,0,0,1,100,48.0,85.0,78.8,Critical Risk
40,Male,Rural,Manicaland,Secondary,Informal,3,1,1,1,1,4,Low,9.8,1,1,0,0,32.0,5.0,12.2,Low Risk
40,Female,Urban,Harare,Tertiary,Unemployed,2,1,1,0,0,2,Medium,1.4,1,0,0,30,38.0,20.0,30.8,Moderate Risk
36,Male,Rural,Matabeleland North,None,Informal,1,1,0,0,0,1,High,5.9,0,0,1,60,59.0,75.0,62.65,High Risk
61,Female,Urban,Harare,Secondary,Formal,5,1,1,1,1,4,Low,3.7,1,1,0,0,10.0,0.0,3.5,Low Risk
28,Male,Rural,Manicaland,Secondary,Formal,4,1,1,1,1,4,Low,6.0,1,1,0,0,20.0,5.0,8.0,Low Risk
33,Female,Rural,Mashonaland West,Secondary,Unemployed,1,1,1,0,0,2,Medium,1.6,1,0,0,30,65.0,20.0,40.25,Moderate Risk
20,Female,Urban,Harare,Tertiary,Formal,4,1,1,1,1,4,Low,0.3,1,0,0,0,18.0,20.0,10.3,Low Risk
48,Male,Urban,Manicaland,Tertiary,Unemployed,1,1,1,0,0,2,Medium,0.1,1,1,0,30,35.0,0.0,25.75,Moderate Risk
29,Female,Urban,Bulawayo,Secondary,Informal,3,1,1,0,0,2,Medium,5.5,0,1,0,30,22.0,35.0,28.2,Moderate Risk
31,Male,Rural,Manicaland,Secondary,Formal,3,1,1,1,1,4,Low,1.1,1,1,0,0,20.0,0.0,7.0,Low Risk
30,Female,Urban,Bulawayo,Tertiary,Informal,3,1,1,1,0,3,Low,2.0,1,1,1,10,22.0,0.0,12.2,Low Risk
38,Female,Urban,Harare,Tertiary,Informal,3,1,1,0,0,2,Medium,6.8,1,1,0,30,22.0,5.0,22.2,Low Risk
20,Male,Rural,Manicaland,Secondary,Informal,2,1,0,0,0,1,High,5.1,1,1,0,60,48.0,5.0,44.8,Moderate Risk
18,Female,Urban,Bulawayo,Secondary,Informal,4,1,1,0,1,3,Low,0.1,0,0,0,20,30.0,50.0,29.5,Moderate Risk
44,Female,Rural,Mashonaland West,Tertiary,Informal,3,1,1,0,1,3,Low,10.2,1,1,1,20,42.0,15.0,26.7,Moderate Risk
18,Female,Urban,Harare,Secondary,Formal,5,1,1,1,1,4,Low,1.6,0,1,0,0,18.0,30.0,12.3,Low Risk
49,Female,Urban,Bulawayo,Primary,Informal,3,1,1,0,0,2,Medium,0.7,1,0,1,30,28.0,20.0,27.3,Moderate Risk
59,Female,Urban,Harare,Primary,Informal,3,1,1,0,1,3,Low,6.2,1,1,0,20,28.0,5.0,19.8,Low Risk
35,Male,Urban,Bulawayo,Secondary,Informal,4,1,1,1,1,4,Low,0.9,1,0,1,0,12.0,20.0,8.2,Low Risk
56,Female,Urban,Harare,Tertiary,Formal,5,1,1,0,1,3,Low,2.0,1,1,0,20,10.0,0.0,12.5,Low Risk
37,Female,Rural,Matabeleland North,Secondary,Informal,2,0,1,0,0,1,High,81.3,0,1,1,70,50.0,80.0,65.0,High Risk
60,Male,Urban,Bulawayo,Secondary,Formal,5,1,1,1,0,3,Low,2.0,1,1,0,10,0.0,0.0,4.5,Low Risk
31,Male,Urban,Harare,Secondary,Formal,5,1,1,1,1,4,Low,0.8,1,1,0,0,0.0,0.0,0.0,Low Risk
18,Male,Urban,Bulawayo,Tertiary,Informal,5,1,1,1,1,4,Low,0.7,1,0,0,0,20.0,20.0,11.0,Low Risk
36,Male,Urban,Mashonaland East,Secondary,Formal,5,1,1,1,1,4,Low,3.4,1,1,0,0,0.0,0.0,0.0,Low Risk
61,Male,Rural,Manicaland,Secondary,Informal,2,1,1,0,1,3,Low,1.0,0,0,0,20,40.0,50.0,33.0,Moderate Risk
45,Male,Urban,Bulawayo,Secondary,Informal,2,1,1,1,1,4,Low,0.2,0,1,0,0,20.0,30.0,13.0,Low Risk
30,Female,Rural,Matabeleland South,Secondary,Formal,4,1,0,1,1,3,Low,31.9,1,0,0,30,30.0,70.0,38.0,Moderate Risk
42,Male,Urban,Harare,Secondary,Formal,5,1,1,1,1,4,Low,9.4,1,1,0,0,0.0,5.0,1.0,Low Risk
51,Male,Urban,Matabeleland North,Secondary,Informal,4,1,1,1,0,3,Low,16.8,1,1,1,10,12.0,35.0,15.7,Low Risk
36,Female,Urban,Harare,Secondary,Informal,4,1,1,1,0,3,Low,2.5,1,1,1,10,22.0,0.0,12.2,Low Risk
74,Male,Urban,Manicaland,Tertiary,Informal,5,1,1,0,1,3,Low,4.6,1,1,0,20,20.0,0.0,16.0,Low Risk
30,Male,Rural,Midlands,Tertiary,Formal,4,0,1,1,0,2,Medium,6.2,1,0,0,50,20.0,25.0,34.5,Moderate Risk
52,Female,Urban,Midlands,Secondary,Formal,4,1,1,1,1,4,Low,5.2,1,1,0,0,10.0,5.0,4.5,Low Risk
48,Female,Urban,Bulawayo,Primary,Informal,2,1,1,0,0,2,Medium,8.3,1,1,0,30,36.0,5.0,27.1,Moderate Risk
28,Female,Rural,Matabeleland North,None,Unemployed,1,1,0,0,0,1,High,4.9,1,0,1,60,77.0,40.0,61.95,High Risk
32,Male,Rural,Mashonaland Central,Primary,Informal,3,1,1,0,0,2,Medium,32.9,0,0,0,30,38.0,100.0,46.8,High Risk
52,Male,Rural,Mashonaland East,Primary,Informal,1,1,1,0,0,2,Medium,44.9,1,0,1,30,53.0,50.0,42.05,Moderate Risk
40,Female,Rural,Midlands,Secondary,Informal,1,1,0,0,0,1,High,25.0,0,1,0,60,57.0,60.0,58.95,High Risk
42,Female,Rural,Mashonaland West,Tertiary,Informal,3,1,0,0,0,1,High,10.7,1,0,0,60,42.0,35.0,48.7,High Risk
18,Female,Rural,Matabeleland South,Primary,Unemployed,2,0,1,1,0,2,Medium,73.2,0,0,1,50,72.0,100.0,67.7,Critical Risk
47,Female,Rural,Manicaland,Secondary,Informal,1,1,1,0,1,3,Low,76.3,0,0,0,20,57.0,80.0,44.95,Moderate Risk
42,Male,Urban,Harare,Tertiary,Informal,2,1,1,0,1,3,Low,2.1,0,0,0,20,20.0,50.0,26.0,Moderate Risk
37,Male,Rural,Mashonaland Central,Primary,Informal,1,0,0,1,0,1,High,30.2,0,0,1,80,53.0,100.0,74.55,Critical Risk
43,Female,Urban,Bulawayo,Tertiary,Formal,5,1,1,1,0,3,Low,0.7,0,1,0,10,10.0,30.0,14.0,Low Risk
32,Female,Rural,Manicaland,Tertiary,Formal,4,1,1,1,1,4,Low,8.5,1,1,0,0,30.0,5.0,11.5,Low Risk
29,Male,Rural,Mashonaland East,Tertiary,Formal,4,1,1,1,1,4,Low,6.6,1,1,0,0,20.0,5.0,8.0,Low Risk
34,Female,Urban,Midlands,Tertiary,Formal,5,1,1,1,1,4,Low,0.3,1,1,0,0,10.0,0.0,3.5,Low Risk
31,Male,Rural,Matabeleland South,Primary,Informal,2,0,1,0,0,1,High,16.3,0,0,1,70,46.0,85.0,64.6,High Risk
68,Female,Rural,Matabeleland South,Primary,Formal,3,1,1,1,1,4,Low,26.8,1,0,0,0,44.0,70.0,29.4,Moderate Risk
50,Male,Urban,Harare,Tertiary,Formal,4,1,1,1,1,4,Low,5.9,1,1,0,0,0.0,5.0,1.0,Low Risk
24,Female,Urban,Harare,Secondary,Formal,4,1,1,1,1,4,Low,3.4,1,1,0,0,18.0,0.0,6.3,Low Risk
66,Male,Rural,Matabeleland North,Secondary,Informal,4,0,1,0,1,2,Medium,19.2,1,1,0,60,40.0,35.0,48.0,High Risk
31,Female,Rural,Bulawayo,Primary,Unemployed,1,1,1,0,0,2,Medium,6.6,1,0,0,30,71.0,25.0,43.35,Moderate Risk
38,Female,Urban,Harare,Secondary,Informal,2,1,1,0,1,3,Low,5.8,1,1,0,20,30.0,5.0,20.5,Low Risk
50,Male,Urban,Matabeleland North,Primary,Formal,4,1,1,1,1,4,Low,1.0,1,1,0,0,6.0,20.0,6.1,Low Risk
18,Female,Rural,Manicaland,Secondary,Informal,2,1,0,0,0,1,High,49.4,1,0,0,60,58.0,50.0,57.3,High Risk
34,Female,Urban,Matabeleland North,Secondary,Informal,4,1,1,0,0,2,Medium,0.7,1,1,0,30,22.0,20.0,25.2,Moderate Risk
29,Female,Urban,Harare,Secondary,Formal,5,1,0,0,0,1,High,9.8,1,1,0,60,10.0,5.0,31.5,Moderate Risk
40,Male,Urban,Harare,Secondary,Formal,4,1,1,1,1,4,Low,5.3,1,1,0,0,0.0,5.0,1.0,Low Risk
43,Female,Urban,Harare,Secondary,Formal,5,1,1,1,1,4,Low,3.1,1,1,0,0,10.0,0.0,3.5,Low Risk
36,Female,Rural,Midlands,Secondary,Informal,3,1,1,0,1,3,Low,44.8,1,1,0,20,42.0,30.0,29.7,Moderate Risk
36,Female,Rural,Masvingo,Tertiary,Informal,2,1,0,0,1,2,Medium,26.4,1,1,1,50,50.0,50.0,50.0,High Risk
52,Male,Rural,Matabeleland South,Secondary,Informal,2,1,1,0,0,2,Medium,20.2,1,0,0,30,40.0,70.0,41.5,Moderate Risk
42,Female,Rural,Mashonaland East,Secondary,Formal,4,0,1,0,1,2,Medium,5.5,1,1,1,60,30.0,5.0,38.5,Moderate Risk
38,Male,Urban,Masvingo,Tertiary,Formal,5,1,1,1,0,3,Low,10.4,1,1,0,10,0.0,35.0,11.5,Low Risk
40,Male,Urban,Bulawayo,Secondary,Unemployed,1,1,1,1,0,3,Low,4.3,1,1,0,10,35.0,0.0,16.75,Low Risk
63,Male,Urban,Bulawayo,Secondary,Informal,3,1,1,1,0,3,Low,2.4,1,1,0,10,12.0,0.0,8.7,Low Risk
40,Male,Urban,Mashonaland Central,Secondary,Informal,3,0,1,0,0,1,High,9.5,1,1,1,70,12.0,25.0,40.7,Moderate Risk
30,Male,Urban,Mashonaland Central,Secondary,Unemployed,2,1,1,1,0,3,Low,0.8,1,1,0,10,28.0,20.0,18.3,Low Risk
18,Male,Urban,Bulawayo,Secondary,Informal,3,0,0,0,0,0,High,0.1,1,1,1,100,20.0,0.0,52.0,High Risk
18,Female,Urban,Harare,Secondary,Formal,5,0,1,1,1,3,Low,2.8,1,1,0,40,18.0,0.0,24.3,Low Risk
31,Female,Urban,Masvingo,Secondary,Informal,4,0,1,1,0,2,Medium,4.9,1,1,0,50,22.0,20.0,34.2,Moderate Risk
36,Male,Rural,Mashonaland Central,Secondary,Informal,4,1,0,0,0,1,High,26.4,0,0,1,60,32.0,100.0,58.2,High Risk
30,Female,Rural,Midlands,Primary,Informal,1,1,1,0,0,2,Medium,23.2,0,0,1,30,63.0,80.0,51.55,High Risk
42,Female,Rural,Mashonaland East,Secondary,Informal,2,1,1,0,0,2,Medium,16.0,0,0,0,30,50.0,65.0,44.0,Moderate Risk
30,Female,Rural,Manicaland,Secondary,Formal,4,1,1,1,1,4,Low,116.1,1,1,0,0,30.0,30.0,16.5,Low Risk
25,Female,Rural,Mashonaland East,None,Formal,4,1,1,1,1,4,Low,9.0,1,1,1,0,42.0,5.0,15.7,Low Risk
46,Female,Urban,Bulawayo,Secondary,Formal,5,1,1,0,1,3,Low,1.5,1,1,0,20,10.0,0.0,12.5,Low Risk
57,Female,Rural,Mashonaland West,Secondary,Informal,2,1,1,0,1,3,Low,27.6,0,1,1,20,50.0,60.0,38.5,Moderate Risk
22,Female,Urban,Mashonaland West,Primary,Formal,4,1,1,1,1,4,Low,4.9,1,1,0,0,24.0,0.0,8.4,Low Risk
41,Female,Urban,Bulawayo,Secondary,Formal,4,1,1,1,1,4,Low,4.2,1,1,0,0,10.0,0.0,3.5,Low Risk
18,Male,Urban,Harare,Tertiary,Formal,5,1,1,1,1,4,Low,2.1,1,1,1,0,8.0,0.0,2.8,Low Risk
18,Female,Urban,Bulawayo,None,Unemployed,3,1,1,1,0,3,Low,0.7,1,1,0,10,50.0,0.0,22.0,Low Risk
29,Female,Urban,Mashonaland East,Secondary,Informal,2,1,1,1,1,4,Low,20.0,1,1,1,0,30.0,15.0,13.5,Low Risk
53,Female,Rural,Midlands,None,Informal,1,0,0,1,1,2,Medium,75.0,1,0,1,70,69.0,50.0,65.65,Critical Risk
27,Female,Rural,Mashonaland West,None,Informal,2,0,0,0,0,0,High,11.5,0,1,1,100,62.0,45.0,75.7,Critical Risk
26,Male,Rural,Midlands,Primary,Informal,1,1,1,0,0,2,Medium,24.3,0,0,0,30,53.0,80.0,48.05,High Risk
38,Male,Rural,Manicaland,Tertiary,Formal,3,1,1,1,1,4,Low,6.9,1,0,0,0,20.0,25.0,12.0,Low Risk
38,Female,Urban,Bulawayo,Secondary,Formal,5,1,1,1,1,4,Low,0.4,0,1,0,0,10.0,30.0,9.5,Low Risk
27,Female,Urban,Mashonaland East,Secondary,Formal,5,1,1,1,0,3,Low,4.9,1,1,0,10,10.0,0.0,8.0,Low Risk
65,Female,Rural,Mashonaland West,Secondary,Unemployed,1,0,0,0,0,0,High,1.0,1,0,1,100,73.0,20.0,74.55,Critical Risk
34,Female,Urban,Harare,Secondary,Informal,5,1,1,1,1,4,Low,3.7,0,1,1,0,22.0,30.0,13.7,Low Risk
39,Female,Urban,Bulawayo,Secondary,Formal,4,1,1,1,1,4,Low,0.3,1,0,0,0,10.0,20.0,7.5,Low Risk
32,Female,Urban,Harare,Secondary,Informal,2,1,1,1,0,3,Low,9.0,1,1,0,10,30.0,5.0,16.0,Low Risk
44,Male,Rural,Mashonaland Central,Primary,Informal,3,1,0,0,0,1,High,10.4,1,0,1,60,38.0,55.0,51.3,High Risk
55,Female,Rural,Mashonaland Central,Secondary,Informal,2,1,0,0,1,2,Medium,18.6,0,0,1,50,50.0,85.0,57.0,High Risk
61,Male,Urban,Mashonaland Central,Secondary,Informal,4,1,1,0,0,2,Medium,1.9,1,1,0,30,12.0,20.0,21.7,Low Risk
27,Female,Rural,Mashonaland Central,Secondary,Unemployed,1,1,0,1,0,2,Medium,13.7,1,0,0,40,65.0,55.0,51.75,High Risk
53,Male,Urban,Bulawayo,Secondary,Informal,3,1,1,1,1,4,Low,0.1,0,0,0,0,12.0,50.0,14.2,Low Risk
45,Female,Urban,Midlands,Secondary,Unemployed,2,1,1,0,0,2,Medium,0.4,1,1,0,30,38.0,0.0,26.8,Moderate Risk
51,Male,Urban,Mashonaland Central,Secondary,Formal,5,1,0,1,1,3,Low,2.0,1,1,1,30,0.0,20.0,17.5,Low Risk
36,Male,Urban,Bulawayo,Secondary,Informal,4,1,1,0,1,3,Low,1.0,1,1,0,20,12.0,0.0,13.2,Low Risk
35,Female,Rural,Masvingo,Secondary,Unemployed,2,1,1,0,0,2,Medium,28.5,0,1,1,30,58.0,80.0,49.8,High Risk
51,Female,Urban,Harare,Secondary,Formal,5,0,0,1,1,2,Medium,7.1,1,1,1,70,10.0,5.0,36.0,Moderate Risk
51,Male,Rural,Mashonaland West,Tertiary,Unemployed,3,1,1,0,0,2,Medium,14.7,1,0,1,30,40.0,35.0,34.5,Moderate Risk
59,Female,Urban,Harare,Secondary,Unemployed,2,1,1,0,0,2,Medium,2.3,0,1,0,30,38.0,30.0,32.8,Moderate Risk
40,Male,Rural,Manicaland,Secondary,Informal,2,1,1,1,1,4,Low,7.1,1,0,0,0,40.0,25.0,19.0,Low Risk
36,Male,Rural,Manicaland,Secondary,Informal,1,1,1,0,1,3,Low,3.6,1,0,0,20,47.0,20.0,29.45,Moderate Risk
18,Male,Rural,Masvingo,Secondary,Informal,3,1,1,0,0,2,Medium,12.6,1,1,0,30,40.0,35.0,34.5,Moderate Risk
18,Female,Rural,Mashonaland Central,None,Informal,1,1,0,0,0,1,High,49.6,0,0,1,60,77.0,100.0,73.95,Critical Risk
32,Female,Rural,Manicaland,Secondary,Unemployed,2,1,1,1,0,3,Low,30.7,1,0,0,10,58.0,50.0,34.8,Moderate Risk
22,Female,Urban,Masvingo,Primary,Formal,5,1,1,1,1,4,Low,0.1,0,1,0,0,24.0,50.0,18.4,Low Risk
49,Female,Rural,Manicaland,Primary,Informal,1,0,0,0,0,0,High,18.2,0,1,1,100,63.0,45.0,76.05,Critical Risk
19,Female,Rural,Matabeleland North,Secondary,Informal,1,1,0,0,0,1,High,14.6,0,1,1,60,65.0,65.0,62.75,High Risk
30,Female,Urban,Harare,Secondary,Informal,3,1,0,0,0,1,High,0.9,1,1,1,60,22.0,0.0,34.7,Moderate Risk
31,Female,Urban,Bulawayo,Secondary,Informal,4,1,0,0,1,2,Medium,2.3,1,1,1,50,22.0,0.0,30.2,Moderate Risk
54,Male,Urban,Harare,Secondary,Informal,4,0,0,1,0,1,High,0.2,1,1,1,80,12.0,0.0,40.2,Moderate Risk
29,Male,Urban,Harare,Tertiary,Informal,4,1,1,0,1,3,Low,1.5,1,1,0,20,12.0,0.0,13.2,Low Risk
44,Male,Urban,Mashonaland East,Tertiary,Informal,3,1,1,0,1,3,Low,1.0,1,1,0,20,12.0,0.0,13.2,Low Risk
40,Female,Urban,Bulawayo,Secondary,Informal,4,1,1,0,1,3,Low,0.9,1,1,0,20,22.0,0.0,16.7,Low Risk
50,Female,Rural,Manicaland,Secondary,Informal,2,1,0,0,1,2,Medium,20.4,0,0,0,50,50.0,80.0,56.0,High Risk
49,Male,Urban,Harare,Secondary,Formal,4,1,1,1,0,3,Low,0.4,1,1,0,10,0.0,0.0,4.5,Low Risk
37,Female,Rural,Mashonaland West,Secondary,Formal,4,1,1,1,1,4,Low,3.9,1,0,1,0,30.0,20.0,14.5,Low Risk
18,Female,Urban,Harare,Tertiary,Informal,4,1,1,0,1,3,Low,0.2,1,1,1,20,30.0,0.0,19.5,Low Risk
34,Male,Rural,Masvingo,Secondary,Informal,4,1,1,0,0,2,Medium,24.8,0,0,0,30,32.0,100.0,44.7,Moderate Risk
37,Male,Urban,Bulawayo,Secondary,Formal,4,1,1,1,1,4,Low,2.1,1,0,0,0,0.0,20.0,4.0,Low Risk
42,Male,Urban,Bulawayo,Tertiary,Informal,4,1,1,0,0,2,Medium,0.8,1,0,1,30,12.0,20.0,21.7,Low Risk
27,Male,Urban,Mashonaland East,Secondary,Informal,2,1,1,0,0,2,Medium,1.2,1,1,0,30,20.0,0.0,20.5,Low Risk
53,Female,Rural,Mashonaland West,Tertiary,Formal,3,0,1,1,1,3,Low,24.2,1,0,0,40,30.0,50.0,38.5,Moderate Risk
38,Female,Urban,Masvingo,Primary,Informal,2,1,1,0,1,3,Low,3.1,1,1,0,20,36.0,20.0,25.6,Moderate Risk
25,Male,Rural,Mashonaland West,Primary,Informal,2,0,1,0,0,1,High,10.2,1,0,0,70,46.0,35.0,54.6,High Risk
31,Male,Urban,Bulawayo,Tertiary,Unemployed,4,1,1,0,0,2,Medium,1.7,1,1,0,30,20.0,0.0,20.5,Low Risk
64,Male,Rural,Matabeleland North,Primary,Informal,1,0,0,0,0,0,High,12.1,1,0,1,100,53.0,55.0,74.55,Critical Risk
47,Male,Urban,Bulawayo,Secondary,Informal,4,1,1,0,1,3,Low,0.8,1,0,1,20,12.0,20.0,17.2,Low Risk
52,Male,Rural,Harare,Secondary,Informal,2,0,0,0,0,0,High,1.0,0,1,1,100,40.0,30.0,65.0,High Risk
23,Female,Urban,Midlands,Secondary,Informal,4,1,1,0,0,2,Medium,1.2,1,1,0,30,30.0,0.0,24.0,Low Risk
28,Female,Urban,Matabeleland South,Secondary,Formal,5,1,1,1,1,4,Low,1.9,1,1,0,0,10.0,20.0,7.5,Low Risk
28,Female,Urban,Harare,Secondary,Formal,4,1,1,1,1,4,Low,4.2,1,1,0,0,10.0,0.0,3.5,Low Risk
40,Male,Urban,Bulawayo,Secondary,Unemployed,4,1,1,0,0,2,Medium,1.7,1,1,0,30,20.0,0.0,20.5,Low Risk
35,Female,Urban,Mashonaland Central,Secondary,Unemployed,4,1,1,0,0,2,Medium,0.5,1,1,0,30,30.0,20.0,28.0,Moderate Risk
31,Male,Rural,Midlands,Primary,Unemployed,3,1,0,0,0,1,High,37.3,1,1,1,60,46.0,30.0,49.1,High Risk
32,Male,Urban,Bulawayo,Tertiary,Unemployed,3,1,1,0,0,2,Medium,7.8,1,1,0,30,20.0,5.0,21.5,Low Risk
26,Female,Urban,Harare,Secondary,Informal,3,1,1,1,1,4,Low,5.5,1,1,0,0,22.0,5.0,8.7,Low Risk
35,Female,Rural,Matabeleland North,Secondary,Informal,2,0,0,0,0,0,High,59.4,1,0,1,100,50.0,70.0,76.5,Critical Risk
53,Male,Urban,Harare,Tertiary,Informal,5,1,1,0,1,3,Low,1.9,1,1,0,20,12.0,0.0,13.2,Low Risk
18,Female,Urban,Bulawayo,Secondary,Formal,5,1,1,1,1,4,Low,0.6,1,1,1,0,18.0,0.0,6.3,Low Risk
42,Female,Rural,Masvingo,Tertiary,Unemployed,1,0,1,0,0,1,High,13.8,0,0,1,70,65.0,85.0,71.25,Critical Risk
57,Female,Rural,Matabeleland North,Primary,Unemployed,1,0,1,0,0,1,High,16.7,1,0,1,70,71.0,55.0,67.35,Critical Risk
35,Female,Rural,Mashonaland Central,Secondary,Informal,1,1,1,0,1,3,Low,18.9,0,1,0,20,57.0,65.0,41.95,Moderate Risk
30,Male,Urban,Bulawayo,Tertiary,Formal,4,1,1,1,1,4,Low,0.6,1,1,0,0,0.0,0.0,0.0,Low Risk
50,Female,Rural,Masvingo,Secondary,Informal,2,1,1,0,1,3,Low,5.2,1,0,1,20,50.0,45.0,35.5,Moderate Risk
24,Male,Urban,Harare,Secondary,Unemployed,2,1,1,1,0,3,Low,2.2,1,1,0,10,36.0,0.0,17.1,Low Risk
37,Male,Rural,Mashonaland Central,Primary,Informal,1,1,1,1,0,3,Low,12.0,0,0,1,10,53.0,85.0,40.05,Moderate Risk
23,Female,Rural,Mashonaland Central,Primary,Informal,1,1,1,0,1,3,Low,24.2,1,0,1,20,71.0,70.0,47.85,High Risk
18,Female,Rural,Midlands,Tertiary,Informal,2,1,1,0,0,2,Medium,27.8,1,0,1,30,58.0,50.0,43.8,Moderate Risk
35,Male,Urban,Bulawayo,Secondary,Informal,3,0,1,0,1,2,Medium,1.3,0,1,0,60,12.0,30.0,37.2,Moderate Risk
20,Female,Urban,Bulawayo,Secondary,Informal,2,1,1,0,1,3,Low,5.9,1,0,0,20,38.0,25.0,27.3,Moderate Risk
37,Female,Rural,Masvingo,Primary,Informal,1,1,0,0,1,2,Medium,3.2,1,1,1,50,63.0,20.0,48.55,High Risk
53,Female,Urban,Mashonaland West,Secondary,Formal,5,1,1,1,1,4,Low,2.2,1,1,0,0,10.0,0.0,3.5,Low Risk
63,Male,Urban,Bulawayo,Secondary,Informal,4,1,1,0,1,3,Low,0.1,1,1,0,20,12.0,0.0,13.2,Low Risk
39,Male,Rural,Manicaland,Primary,Unemployed,1,1,0,1,0,2,Medium,1.3,1,1,0,40,61.0,0.0,39.35,Moderate Risk
52,Male,Rural,Mashonaland Central,Secondary,Informal,2,1,1,0,1,3,Low,4.0,1,0,0,20,40.0,40.0,31.0,Moderate Risk
43,Male,Urban,Harare,Secondary,Formal,5,1,1,1,1,4,Low,1.9,1,1,0,0,0.0,0.0,0.0,Low Risk
32,Male,Urban,Mashonaland West,Secondary,Formal,4,1,1,1,1,4,Low,3.4,1,1,0,0,0.0,0.0,0.0,Low Risk
18,Male,Urban,Bulawayo,Secondary,Formal,5,1,1,1,1,4,Low,2.6,1,0,0,0,8.0,20.0,6.8,Low Risk
60,Male,Urban,Mashonaland Central,Secondary,Formal,5,1,1,1,1,4,Low,0.1,1,1,0,0,0.0,20.0,4.0,Low Risk
23,Male,Urban,Manicaland,Tertiary,Informal,4,1,0,0,1,2,Medium,1.2,1,1,0,50,20.0,0.0,29.5,Moderate Risk
57,Female,Rural,Matabeleland South,Secondary,Informal,2,1,0,0,1,2,Medium,14.8,1,0,1,50,50.0,55.0,51.0,High Risk
45,Female,Rural,Midlands,Secondary,Informal,1,1,1,0,1,3,Low,2.5,0,0,1,20,57.0,50.0,38.95,Moderate Risk
24,Male,Urban,Bulawayo,Secondary,Informal,4,1,1,0,1,3,Low,6.4,1,1,0,20,20.0,5.0,17.0,Low Risk
42,Female,Urban,Harare,Primary,Unemployed,3,1,1,1,0,3,Low,2.3,1,0,1,10,36.0,20.0,21.1,Low Risk
67,Male,Rural,Manicaland,Secondary,Informal,2,1,1,0,1,3,Low,1.6,1,1,0,20,48.0,0.0,25.8,Moderate Risk
59,Male,Rural,Masvingo,Secondary,Informal,2,1,1,0,0,2,Medium,18.8,1,0,0,30,40.0,55.0,38.5,Moderate Risk
30,Female,Rural,Matabeleland South,Primary,Informal,1,1,1,0,1,3,Low,16.1,0,1,0,20,63.0,65.0,44.05,Moderate Risk
28,Male,Urban,Bulawayo,Secondary,Unemployed,4,1,1,0,0,2,Medium,0.6,1,1,0,30,20.0,0.0,20.5,Low Risk
39,Male,Rural,Mashonaland East,Primary,Informal,1,1,1,0,0,2,Medium,28.3,1,0,0,30,53.0,50.0,42.05,Moderate Risk
35,Male,Urban,Manicaland,Secondary,Informal,3,1,1,1,0,3,Low,0.3,1,1,0,10,12.0,0.0,8.7,Low Risk
54,Female,Urban,Harare,Secondary,Formal,5,0,1,1,1,3,Low,0.1,1,1,0,40,10.0,0.0,21.5,Low Risk
48,Female,Rural,Mashonaland East,Tertiary,Informal,2,0,1,1,0,2,Medium,55.1,1,1,1,50,50.0,30.0,46.0,High Risk
18,Male,Urban,Mashonaland West,Primary,Unemployed,3,1,1,0,0,2,Medium,1.3,1,0,0,30,34.0,20.0,29.4,Moderate Risk
44,Male,Urban,Bulawayo,Tertiary,Informal,5,1,1,0,0,2,Medium,4.4,1,1,0,30,12.0,0.0,17.7,Low Risk
35,Male,Urban,Harare,Primary,Informal,3,1,1,0,1,3,Low,1.3,0,0,1,20,18.0,50.0,25.3,Moderate Risk
38,Female,Urban,Harare,Secondary,Informal,4,1,1,0,0,2,Medium,3.4,1,1,0,30,22.0,0.0,21.2,Low Risk
41,Male,Urban,Bulawayo,Secondary,Informal,3,1,0,0,1,2,Medium,0.4,1,1,0,50,12.0,0.0,26.7,Moderate Risk
54,Female,Rural,Mashonaland West,Primary,Informal,2,0,1,0,1,2,Medium,6.0,1,0,1,60,56.0,25.0,51.6,High Risk
51,Female,Urban,Harare,Tertiary,Formal,5,1,1,0,1,3,Low,3.2,1,1,0,20,10.0,0.0,12.5,Low Risk
27,Male,Urban,Bulawayo,Secondary,Formal,5,1,1,1,1,4,Low,5.9,1,1,0,0,0.0,5.0,1.0,Low Risk
37,Female,Rural,Matabeleland North,None,Unemployed,1,1,1,1,0,3,Low,1.0,1,0,0,10,77.0,40.0,39.45,Moderate Risk
31,Male,Urban,Harare,Tertiary,Informal,5,1,0,1,0,2,Medium,2.9,1,0,0,40,12.0,20.0,26.2,Moderate Risk
18,Male,Rural,Masvingo,Primary,Informal,2,1,0,1,1,3,Low,7.9,1,0,0,30,54.0,45.0,41.4,Moderate Risk
36,Male,Urban,Bulawayo,Primary,Unemployed,1,1,0,0,0,1,High,17.4,1,0,0,60,41.0,35.0,48.35,High Risk
63,Male,Rural,Mashonaland East,None,Informal,3,1,0,1,0,2,Medium,13.0,1,1,1,40,44.0,15.0,36.4,Moderate Risk
18,Female,Urban,Harare,Secondary,Formal,4,1,1,0,1,3,Low,0.3,1,1,0,20,18.0,0.0,15.3,Low Risk
37,Female,Rural,Mashonaland East,Tertiary,Formal,4,1,1,1,1,4,Low,6.4,1,1,0,0,30.0,5.0,11.5,Low Risk
37,Male,Urban,Harare,None,Unemployed,1,1,1,1,0,3,Low,13.0,1,0,0,10,47.0,35.0,27.95,Moderate Risk
42,Male,Rural,Matabeleland South,Secondary,Informal,2,0,0,0,1,1,High,4.4,0,1,1,90,40.0,50.0,64.5,High Risk
24,Female,Urban,Bulawayo,Secondary,Formal,5,1,1,1,1,4,Low,0.6,1,0,0,0,18.0,20.0,10.3,Low Risk
18,Male,Rural,Midlands,Primary,Informal,2,1,1,1,0,3,Low,60.1,0,0,1,10,54.0,80.0,39.4,Moderate Risk
18,Male,Urban,Harare,Tertiary,Formal,5,1,1,0,1,3,Low,1.2,1,1,0,20,8.0,0.0,11.8,Low Risk
56,Female,Urban,Bulawayo,Tertiary,Informal,3,1,1,1,0,3,Low,0.3,1,1,0,10,22.0,0.0,12.2,Low Risk
24,Female,Urban,Bulawayo,Secondary,Formal,3,0,1,0,1,2,Medium,2.3,1,1,0,60,18.0,0.0,33.3,Moderate Risk
31,Female,Urban,Mashonaland Central,Secondary,Informal,4,1,1,1,0,3,Low,1.0,1,1,0,10,22.0,20.0,16.2,Low Risk
67,Male,Urban,Masvingo,None,Unemployed,1,1,1,0,0,2,Medium,3.8,1,0,0,30,55.0,40.0,40.75,Moderate Risk
27,Male,Rural,Masvingo,Secondary,Informal,4,1,1,0,0,2,Medium,11.5,1,1,0,30,32.0,35.0,31.7,Moderate Risk
42,Male,Urban,Bulawayo,Secondary,Unemployed,3,1,1,0,0,2,Medium,5.9,1,1,0,30,20.0,5.0,21.5,Low Risk
52,Female,Urban,Matabeleland South,Secondary,Informal,3,1,1,0,0,2,Medium,1.2,1,1,0,30,22.0,20.0,25.2,Moderate Risk
52,Male,Urban,Matabeleland South,Secondary,Unemployed,2,1,1,1,0,3,Low,0.7,0,1,0,10,28.0,50.0,24.3,Low Risk
19,Male,Urban,Midlands,Tertiary,Formal,5,1,1,1,1,4,Low,4.1,1,1,0,0,8.0,0.0,2.8,Low Risk
28,Male,Urban,Harare,Primary,Unemployed,2,1,1,0,0,2,Medium,2.6,0,0,1,30,34.0,50.0,35.4,Moderate Risk
42,Female,Rural,Harare,Secondary,Informal,3,1,0,0,0,1,High,2.9,1,1,1,60,42.0,0.0,41.7,Moderate Risk
65,Female,Urban,Harare,Secondary,Formal,5,1,0,1,1,3,Low,0.6,1,1,1,30,18.0,0.0,19.8,Low Risk
27,Female,Rural,Matabeleland North,Primary,Unemployed,2,1,1,0,0,2,Medium,21.5,1,0,1,30,64.0,70.0,49.9,High Risk
31,Male,Urban,Harare,Secondary,Formal,4,1,1,1,1,4,Low,6.8,1,0,0,0,0.0,25.0,5.0,Low Risk
43,Female,Urban,Harare,Secondary,Informal,2,1,1,0,1,3,Low,1.8,1,0,0,20,30.0,20.0,23.5,Low Risk
46,Male,Rural,Masvingo,Secondary,Informal,3,1,1,0,0,2,Medium,10.1,1,1,0,30,32.0,35.0,31.7,Moderate Risk
47,Male,Urban,Harare,Tertiary,Informal,3,0,1,1,0,2,Medium,1.2,1,1,1,50,12.0,0.0,26.7,Moderate Risk
26,Male,Urban,Manicaland,Secondary,Formal,5,1,1,1,1,4,Low,10.0,1,1,0,0,0.0,5.0,1.0,Low Risk
30,Female,Rural,Mashonaland Central,None,Unemployed,1,1,0,0,0,1,High,6.9,0,1,1,60,77.0,55.0,64.95,High Risk
41,Male,Rural,Midlands,Primary,Informal,1,0,1,0,0,1,High,10.0,0,0,1,70,53.0,55.0,61.05,High Risk
55,Female,Rural,Mashonaland East,Secondary,Unemployed,2,1,0,0,0,1,High,11.5,0,0,1,60,58.0,65.0,60.3,High Risk
34,Male,Urban,Bulawayo,Secondary,Informal,3,1,1,0,1,3,Low,3.1,1,0,1,20,12.0,20.0,17.2,Low Risk
37,Male,Rural,Masvingo,Secondary,Formal,3,1,1,0,1,3,Low,4.8,1,1,0,20,20.0,20.0,20.0,Low Risk
23,Female,Rural,Mashonaland East,Primary,Informal,2,0,1,0,0,1,High,26.7,1,0,1,70,64.0,50.0,63.9,High Risk
64,Female,Rural,Mashonaland West,Primary,Unemployed,2,1,1,0,0,2,Medium,1.6,0,1,1,30,64.0,30.0,41.9,Moderate Risk
40,Male,Urban,Mashonaland West,Secondary,Unemployed,3,0,0,0,0,0,High,1.1,1,0,0,100,20.0,20.0,56.0,High Risk
53,Female,Urban,Bulawayo,Tertiary,Formal,5,1,1,1,1,4,Low,0.6,1,1,0,0,10.0,0.0,3.5,Low Risk
38,Male,Urban,Harare,Secondary,Formal,4,1,1,1,1,4,Low,2.6,1,1,0,0,0.0,0.0,0.0,Low Risk
39,Male,Urban,Manicaland,Secondary,Formal,5,1,1,0,1,3,Low,0.5,1,1,0,20,0.0,0.0,9.0,Low Risk
18,Female,Rural,Mashonaland Central,Primary,Unemployed,1,0,0,1,0,1,High,13.9,1,0,1,80,79.0,55.0,74.65,Critical Risk
18,Female,Urban,Bulawayo,Tertiary,Formal,5,0,1,1,1,3,Low,2.0,1,1,0,40,18.0,0.0,24.3,Low Risk
55,Male,Urban,Bulawayo,Tertiary,Formal,5,1,1,1,0,3,Low,0.9,1,1,0,10,0.0,0.0,4.5,Low Risk
39,Male,Urban,Bulawayo,Secondary,Formal,5,1,1,1,1,4,Low,15.3,0,1,0,0,0.0,45.0,9.0,Low Risk
40,Female,Urban,Harare,Tertiary,Unemployed,3,1,1,0,0,2,Medium,3.5,1,1,0,30,30.0,0.0,24.0,Low Risk
20,Male,Urban,Harare,Tertiary,Formal,5,1,1,0,1,3,Low,1.0,1,0,0,20,8.0,20.0,15.8,Low Risk
25,Female,Urban,Harare,Secondary,Informal,3,1,1,0,1,3,Low,2.5,0,1,0,20,22.0,30.0,22.7,Low Risk
52,Female,Urban,Harare,Secondary,Formal,4,1,1,1,1,4,Low,1.3,1,1,0,0,10.0,0.0,3.5,Low Risk
62,Female,Rural,Masvingo,Secondary,Informal,1,1,1,0,0,2,Medium,21.4,0,0,1,30,57.0,100.0,53.45,High Risk
29,Male,Urban,Bulawayo,Secondary,Informal,3,1,1,0,1,3,Low,2.9,1,0,1,20,12.0,20.0,17.2,Low Risk
47,Female,Urban,Harare,Tertiary,Unemployed,3,1,1,0,0,2,Medium,5.7,1,1,0,30,30.0,5.0,25.0,Low Risk
40,Male,Urban,Harare,Secondary,Informal,4,1,1,0,1,3,Low,3.2,1,1,0,20,12.0,0.0,13.2,Low Risk
36,Male,Urban,Bulawayo,Secondary,Formal,4,0,0,1,1,2,Medium,3.3,0,1,0,70,0.0,30.0,37.5,Moderate Risk
63,Male,Urban,Bulawayo,Secondary,Formal,4,1,1,1,1,4,Low,6.8,1,1,0,0,0.0,5.0,1.0,Low Risk
31,Male,Urban,Mashonaland West,Secondary,Formal,4,0,1,1,1,3,Low,4.7,1,1,1,40,0.0,0.0,18.0,Low Risk
55,Female,Urban,Harare,Primary,Informal,2,1,1,1,0,3,Low,4.3,1,0,1,10,36.0,20.0,21.1,Low Risk
43,Female,Urban,Harare,Secondary,Unemployed,4,1,1,1,0,3,Low,1.0,1,1,0,10,30.0,0.0,15.0,Low Risk
37,Female,Rural,Mashonaland East,None,Informal,1,0,1,1,1,3,Low,33.9,0,0,1,40,69.0,80.0,58.15,High Risk
57,Female,Urban,Bulawayo,Tertiary,Unemployed,4,1,1,0,0,2,Medium,1.5,1,1,0,30,30.0,0.0,24.0,Low Risk
42,Female,Urban,Bulawayo,Primary,Formal,5,1,1,0,1,3,Low,0.6,1,0,0,20,16.0,20.0,18.6,Low Risk
36,Female,Rural,Manicaland,None,Unemployed,1,0,0,0,0,0,High,34.3,1,1,1,100,77.0,30.0,77.95,Critical Risk
57,Female,Urban,Harare,Tertiary,Unemployed,5,1,1,1,0,3,Low,0.1,1,1,1,10,30.0,0.0,15.0,Low Risk
55,Female,Urban,Bulawayo,Primary,Informal,2,1,1,1,0,3,Low,0.2,1,0,0,10,36.0,20.0,21.1,Low Risk
54,Female,Urban,Harare,Secondary,Formal,4,1,1,0,1,3,Low,0.3,1,1,0,20,10.0,0.0,12.5,Low Risk
18,Male,Urban,Bulawayo,Secondary,Unemployed,3,1,1,0,0,2,Medium,5.4,1,1,0,30,28.0,5.0,24.3,Low Risk
44,Female,Urban,Harare,Tertiary,Unemployed,4,1,1,0,0,2,Medium,1.1,1,1,0,30,30.0,0.0,24.0,Low Risk
40,Male,Rural,Mashonaland East,Primary,Informal,2,1,1,0,0,2,Medium,25.9,0,0,0,30,46.0,80.0,45.6,High Risk
37,Male,Rural,Mashonaland Central,None,Unemployed,1,1,0,1,0,2,Medium,15.5,0,0,1,40,67.0,85.0,58.45,High Risk
46,Female,Rural,Midlands,Primary,Unemployed,1,1,0,0,0,1,High,1.8,0,0,1,60,71.0,50.0,61.85,High Risk
41,Male,Urban,Harare,Tertiary,Formal,5,1,1,1,1,4,Low,3.2,1,1,0,0,0.0,0.0,0.0,Low Risk
47,Male,Urban,Harare,Tertiary,Formal,5,1,1,1,1,4,Low,1.8,1,1,0,0,0.0,0.0,0.0,Low Risk
34,Male,Urban,Mashonaland West,Secondary,Formal,5,1,1,1,1,4,Low,0.8,0,1,0,0,0.0,30.0,6.0,Low Risk
58,Male,Urban,Harare,Secondary,Informal,4,1,1,0,1,3,Low,3.3,1,1,0,20,12.0,0.0,13.2,Low Risk
48,Female,Urban,Harare,Secondary,Unemployed,1,0,1,0,0,1,High,1.0,1,1,1,70,45.0,0.0,47.25,High Risk
45,Female,Urban,Harare,Secondary,Unemployed,5,1,1,0,0,2,Medium,3.8,1,1,0,30,30.0,0.0,24.0,Low Risk
44,Male,Urban,Bulawayo,Secondary,Formal,4,1,1,0,0,2,Medium,1.7,1,1,0,30,0.0,0.0,13.5,Low Risk
54,Female,Urban,Harare,Tertiary,Informal,3,1,1,0,1,3,Low,3.0,1,0,0,20,22.0,20.0,20.7,Low Risk
52,Female,Urban,Mashonaland West,None,Informal,2,0,1,0,1,2,Medium,3.0,1,0,1,60,42.0,20.0,45.7,High Risk
36,Female,Rural,Matabeleland South,Secondary,Informal,4,1,1,0,1,3,Low,21.3,1,0,0,20,42.0,70.0,37.7,Moderate Risk
51,Male,Urban,Bulawayo,Primary,Informal,2,1,1,1,0,3,Low,2.9,1,1,0,10,26.0,0.0,13.6,Low Risk
40,Male,Rural,Mashonaland Central,Secondary,Informal,2,1,1,0,0,2,Medium,63.4,1,0,1,30,40.0,70.0,41.5,Moderate Risk
64,Male,Urban,Mashonaland East,Secondary,Formal,5,1,1,1,1,4,Low,4.5,1,1,0,0,0.0,0.0,0.0,Low Risk
53,Male,Urban,Masvingo,Primary,Informal,2,0,1,0,0,1,High,0.8,1,0,1,70,26.0,40.0,48.6,High Risk
29,Female,Urban,Mashonaland West,Tertiary,Unemployed,4,1,1,0,0,2,Medium,0.9,1,0,0,30,30.0,20.0,28.0,Moderate Risk
70,Male,Urban,Harare,Secondary,Formal,4,1,1,1,1,4,Low,13.8,1,1,0,0,8.0,15.0,5.8,Low Risk
18,Female,Urban,Bulawayo,Tertiary,Informal,4,1,1,0,1,3,Low,1.2,1,1,0,20,30.0,0.0,19.5,Low Risk
46,Female,Urban,Manicaland,Tertiary,Unemployed,4,1,0,0,0,1,High,0.7,1,1,1,60,30.0,0.0,37.5,Moderate Risk
28,Male,Rural,Midlands,Tertiary,Unemployed,4,1,1,0,0,2,Medium,1.0,1,0,1,30,40.0,20.0,31.5,Moderate Risk
64,Male,Urban,Harare,Tertiary,Informal,3,1,1,0,1,3,Low,5.9,1,1,0,20,12.0,5.0,14.2,Low Risk
41,Female,Urban,Mashonaland East,Secondary,Formal,5,0,1,1,1,3,Low,1.2,1,1,1,40,10.0,0.0,21.5,Low Risk
26,Female,Rural,Matabeleland North,Secondary,Informal,2,0,1,0,0,1,High,57.1,0,1,1,70,50.0,80.0,65.0,High Risk
34,Male,Urban,Masvingo,Secondary,Informal,3,1,1,0,1,3,Low,2.5,1,1,0,20,12.0,20.0,17.2,Low Risk
28,Female,Rural,Matabeleland North,Primary,Informal,4,1,1,0,1,3,Low,9.3,0,0,1,20,48.0,75.0,40.8,Moderate Risk
33,Female,Urban,Mashonaland West,Secondary,Formal,5,0,1,1,1,3,Low,2.3,0,1,1,40,10.0,30.0,27.5,Moderate Risk
33,Female,Urban,Harare,Secondary,Formal,3,1,1,1,1,4,Low,7.1,1,0,1,0,10.0,25.0,8.5,Low Risk
27,Male,Urban,Harare,Secondary,Informal,3,1,0,0,1,2,Medium,4.8,1,1,0,50,12.0,0.0,26.7,Moderate Risk
41,Female,Urban,Harare,Secondary,Unemployed,3,1,1,0,0,2,Medium,0.4,0,1,0,30,30.0,30.0,30.0,Moderate Risk
43,Female,Rural,Matabeleland South,None,Informal,1,1,1,0,0,2,Medium,14.3,1,0,0,30,69.0,55.0,48.65,High Risk
24,Male,Urban,Harare,Tertiary,Formal,5,1,1,1,1,4,Low,0.5,1,1,0,0,8.0,0.0,2.8,Low Risk
18,Female,Urban,Bulawayo,Tertiary,Formal,4,1,1,0,1,3,Low,1.1,1,1,1,20,18.0,0.0,15.3,Low Risk
42,Female,Urban,Midlands,Secondary,Informal,5,1,1,0,1,3,Low,20.0,1,1,0,20,22.0,15.0,19.7,Low Risk
45,Male,Rural,Midlands,Primary,Informal,2,1,0,0,1,2,Medium,6.3,1,0,1,50,46.0,25.0,43.6,Moderate Risk
48,Female,Rural,Matabeleland North,Secondary,Formal,4,1,1,1,1,4,Low,45.2,1,1,1,0,30.0,50.0,20.5,Low Risk
45,Female,Rural,Matabeleland South,Primary,Unemployed,3,0,1,0,0,1,High,67.8,1,0,1,70,56.0,70.0,65.1,Critical Risk
60,Female,Rural,Manicaland,Secondary,Unemployed,1,1,0,0,0,1,High,28.8,1,0,1,60,65.0,50.0,59.75,High Risk
51,Female,Rural,Mashonaland West,Secondary,Unemployed,2,1,0,0,0,1,High,7.3,0,0,0,60,58.0,55.0,58.3,High Risk
75,Male,Urban,Bulawayo,Secondary,Informal,2,0,0,1,0,1,High,1.2,0,1,1,80,28.0,30.0,51.8,High Risk
80,Male,Rural,Matabeleland South,Primary,Unemployed,2,1,0,0,0,1,High,1.0,1,1,1,60,62.0,20.0,52.7,High Risk
18,Male,Urban,Harare,Primary,Informal,2,1,1,0,0,2,Medium,4.0,1,1,0,30,34.0,0.0,25.4,Moderate Risk
18,Female,Urban,Harare,Secondary,Informal,4,1,0,0,0,1,High,1.0,1,1,0,60,30.0,0.0,37.5,Moderate Risk
37,Male,Rural,Matabeleland North,Secondary,Formal,5,1,0,1,0,2,Medium,55.8,1,1,1,40,20.0,50.0,35.0,Moderate Risk
45,Female,Urban,Bulawayo,Secondary,Formal,5,1,1,0,1,3,Low,5.1,1,1,0,20,10.0,5.0,13.5,Low Risk
36,Male,Urban,Mashonaland West,Tertiary,Formal,4,1,1,1,1,4,Low,3.8,1,1,0,0,0.0,0.0,0.0,Low Risk
47,Male,Urban,Bulawayo,Tertiary,Unemployed,3,0,1,0,0,1,High,2.0,1,1,1,70,20.0,0.0,38.5,Moderate Risk
34,Female,Urban,Mashonaland West,Secondary,Informal,4,1,1,1,1,4,Low,2.8,1,1,0,0,22.0,0.0,7.7,Low Risk
28,Female,Rural,Mashonaland West,Secondary,Unemployed,2,1,0,0,0,1,High,13.0,0,0,1,60,58.0,65.0,60.3,High Risk
30,Male,Urban,Mashonaland East,Secondary,Informal,5,1,1,0,1,3,Low,0.1,0,1,0,20,12.0,30.0,19.2,Low Risk
35,Male,Rural,Matabeleland North,Primary,Formal,5,0,0,1,1,2,Medium,37.9,1,1,1,70,26.0,50.0,50.6,High Risk
49,Male,Urban,Harare,Secondary,Informal,3,1,1,1,1,4,Low,0.3,1,0,0,0,12.0,20.0,8.2,Low Risk
31,Male,Rural,Mashonaland East,None,Informal,1,1,1,0,1,3,Low,60.5,1,0,1,20,59.0,50.0,39.65,Moderate Risk
33,Male,Urban,Masvingo,Secondary,Unemployed,2,1,0,1,0,2,Medium,17.1,1,1,0,40,28.0,35.0,34.8,Moderate Risk
45,Female,Rural,Mashonaland Central,Primary,Informal,1,0,1,0,1,2,Medium,4.5,0,1,1,60,63.0,50.0,59.05,High Risk
35,Male,Urban,Bulawayo,Secondary,Formal,5,1,1,1,1,4,Low,1.8,1,1,0,0,0.0,0.0,0.0,Low Risk
53,Male,Urban,Harare,Secondary,Informal,2,1,1,0,1,3,Low,1.5,1,1,0,20,20.0,0.0,16.0,Low Risk
25,Male,Urban,Mashonaland Central,Tertiary,Informal,3,1,1,0,1,3,Low,14.1,1,1,0,20,12.0,35.0,20.2,Low Risk
22,Male,Urban,Harare,Secondary,Informal,4,1,0,0,1,2,Medium,6.9,1,1,1,50,20.0,5.0,30.5,Moderate Risk
42,Female,Urban,Bulawayo,Tertiary,Formal,5,1,1,1,1,4,Low,0.5,1,1,0,0,10.0,0.0,3.5,Low Risk
43,Male,Rural,Masvingo,Secondary,Informal,2,1,1,0,0,2,Medium,4.9,1,0,0,30,40.0,40.0,35.5,Moderate Risk
25,Male,Rural,Mashonaland Central,Primary,Formal,3,1,1,1,1,4,Low,7.5,0,1,1,0,26.0,55.0,20.1,Low Risk
56,Female,Rural,Mashonaland West,Secondary,Informal,2,1,1,0,0,2,Medium,36.6,0,0,1,30,50.0,80.0,47.0,High Risk
64,Female,Urban,Masvingo,Primary,Informal,2,1,1,1,1,4,Low,2.8,0,1,0,0,36.0,50.0,22.6,Low Risk
29,Female,Urban,Bulawayo,Primary,Formal,3,1,1,1,1,4,Low,2.0,1,1,0,0,16.0,0.0,5.6,Low Risk
58,Female,Rural,Midlands,Tertiary,Informal,3,1,1,0,1,3,Low,26.5,1,0,0,20,42.0,50.0,33.7,Moderate Risk
18,Female,Rural,Matabeleland South,Secondary,Formal,3,1,0,1,0,2,Medium,1.0,1,1,1,40,38.0,20.0,35.3,Moderate Risk
53,Female,Urban,Bulawayo,Tertiary,Formal,5,1,1,1,1,4,Low,0.3,1,1,0,0,10.0,0.0,3.5,Low Risk
25,Female,Rural,Masvingo,Primary,Informal,1,1,0,0,0,1,High,19.9,1,0,0,60,63.0,55.0,60.05,High Risk
51,Male,Urban,Matabeleland South,Tertiary,Formal,5,1,1,1,1,4,Low,0.2,1,1,0,0,0.0,20.0,4.0,Low Risk
24,Female,Rural,Masvingo,Primary,Formal,4,0,0,1,1,2,Medium,23.6,0,1,1,70,44.0,80.0,62.9,High Risk
37,Female,Rural,Mashonaland West,Primary,Informal,2,1,0,0,0,1,High,11.9,0,1,1,60,56.0,45.0,55.6,High Risk
26,Female,Rural,Matabeleland South,Secondary,Informal,1,0,0,0,1,1,High,42.3,1,0,1,90,57.0,70.0,74.45,Critical Risk
35,Male,Urban,Matabeleland South,Secondary,Unemployed,3,1,1,1,0,3,Low,5.2,1,1,0,10,20.0,25.0,16.5,Low Risk
63,Female,Rural,Mashonaland West,Secondary,Unemployed,2,0,0,0,0,0,High,23.9,1,0,1,100,58.0,50.0,75.3,Critical Risk
36,Male,Urban,Harare,Tertiary,Informal,5,1,1,0,0,2,Medium,11.8,1,1,0,30,12.0,15.0,20.7,Low Risk
67,Female,Rural,Masvingo,Secondary,Informal,2,1,0,0,1,2,Medium,1.0,1,1,1,50,58.0,20.0,46.8,High Risk
32,Male,Urban,Mashonaland Central,None,Informal,1,1,0,0,1,2,Medium,4.3,1,1,0,50,39.0,20.0,40.15,Moderate Risk
58,Female,Rural,Mashonaland East,Primary,Unemployed,1,1,0,1,0,2,Medium,3.5,1,0,1,40,71.0,20.0,46.85,High Risk
18,Female,Rural,Matabeleland South,Tertiary,Informal,2,1,1,0,0,2,Medium,7.0,1,0,0,30,58.0,45.0,42.8,Moderate Risk
33,Male,Urban,Bulawayo,Secondary,Unemployed,1,1,0,0,0,1,High,5.1,1,1,1,60,35.0,5.0,40.25,Moderate Risk
30,Male,Urban,Harare,Secondary,Informal,2,0,1,1,1,3,Low,1.3,1,1,0,40,20.0,0.0,25.0,Low Risk
59,Male,Rural,Masvingo,None,Informal,1,1,0,0,1,2,Medium,32.9,1,0,1,50,59.0,70.0,57.15,High Risk
40,Female,Urban,Harare,None,Informal,2,1,0,0,0,1,High,0.8,1,1,1,60,42.0,0.0,41.7,Moderate Risk
18,Female,Urban,Mashonaland East,Tertiary,Formal,5,1,1,1,1,4,Low,4.2,1,1,0,0,18.0,0.0,6.3,Low Risk
19,Female,Urban,Harare,Secondary,Unemployed,4,1,1,0,0,2,Medium,5.0,1,1,0,30,38.0,0.0,26.8,Moderate Risk
23,Male,Urban,Mashonaland East,Tertiary,Formal,5,1,1,1,1,4,Low,0.9,1,1,0,0,8.0,0.0,2.8,Low Risk
51,Female,Rural,Mashonaland East,Primary,Informal,1,1,0,0,1,2,Medium,47.5,1,0,1,50,63.0,50.0,54.55,High Risk
49,Female,Rural,Midlands,Primary,Informal,1,1,1,1,0,3,Low,19.5,0,1,0,10,63.0,45.0,35.55,Moderate Risk
33,Male,Urban,Mashonaland Central,Secondary,Formal,5,0,1,1,1,3,Low,1.5,1,1,0,40,0.0,20.0,22.0,Low Risk
30,Male,Urban,Harare,Tertiary,Informal,4,1,1,0,1,3,Low,6.5,1,1,0,20,12.0,5.0,14.2,Low Risk
48,Male,Urban,Midlands,Secondary,Formal,4,1,1,1,1,4,Low,5.9,1,1,0,0,0.0,5.0,1.0,Low Risk
22,Male,Urban,Bulawayo,Secondary,Formal,3,1,1,1,0,3,Low,2.2,1,1,0,10,8.0,0.0,7.3,Low Risk
44,Male,Rural,Masvingo,Secondary,Formal,1,0,1,0,1,2,Medium,34.6,1,0,1,60,35.0,70.0,53.25,High Risk
43,Male,Urban,Matabeleland North,Primary,Unemployed,3,1,1,0,0,2,Medium,6.8,1,1,1,30,26.0,25.0,27.6,Moderate Risk
34,Male,Urban,Matabeleland North,Secondary,Unemployed,2,1,1,0,0,2,Medium,2.5,1,1,0,30,28.0,20.0,27.3,Moderate Risk
43,Male,Rural,Matabeleland North,Secondary,Informal,1,0,1,1,1,3,Low,101.4,1,1,1,40,47.0,50.0,44.45,Moderate Risk
39,Male,Urban,Midlands,None,Unemployed,3,1,1,0,0,2,Medium,2.6,0,1,1,30,32.0,30.0,30.7,Moderate Risk
44,Female,Rural,Mashonaland East,Secondary,Unemployed,3,1,1,0,0,2,Medium,41.0,1,0,0,30,50.0,50.0,41.0,Moderate Risk
19,Female,Urban,Harare,Primary,Formal,5,1,1,1,1,4,Low,2.0,1,1,0,0,24.0,0.0,8.4,Low Risk
46,Male,Urban,Harare,Tertiary,Unemployed,4,1,1,0,0,2,Medium,0.1,0,1,0,30,20.0,30.0,26.5,Moderate Risk
52,Female,Urban,Harare,Tertiary,Formal,5,1,1,0,1,3,Low,0.4,1,1,0,20,10.0,0.0,12.5,Low Risk
42,Female,Rural,Masvingo,Secondary,Unemployed,1,1,0,1,0,2,Medium,93.1,1,0,1,40,65.0,70.0,54.75,High Risk
46,Male,Rural,Mashonaland East,Secondary,Informal,3,0,0,0,1,1,High,57.0,1,1,1,90,32.0,30.0,57.7,High Risk
36,Male,Urban,Bulawayo,Secondary,Unemployed,4,1,1,0,0,2,Medium,0.2,1,1,0,30,20.0,0.0,20.5,Low Risk
50,Male,Urban,Harare,Secondary,Formal,5,1,1,1,1,4,Low,1.3,0,1,0,0,0.0,30.0,6.0,Low Risk
38,Female,Urban,Harare,Secondary,Formal,5,1,1,1,1,4,Low,9.7,1,1,0,0,10.0,5.0,4.5,Low Risk
21,Male,Rural,Matabeleland South,None,Unemployed,1,1,0,1,0,2,Medium,14.9,0,0,1,40,75.0,85.0,61.25,High Risk
49,Male,Rural,Manicaland,Secondary,Informal,3,0,1,0,0,1,High,21.1,1,1,1,70,32.0,30.0,48.7,High Risk
18,Female,Rural,Matabeleland North,None,Informal,1,1,0,0,1,2,Medium,50.3,1,0,1,50,77.0,70.0,63.45,High Risk
41,Female,Rural,Matabeleland South,Secondary,Informal,3,1,1,0,1,3,Low,32.2,1,1,1,20,42.0,50.0,33.7,Moderate Risk
32,Male,Urban,Bulawayo,Secondary,Informal,3,1,1,1,1,4,Low,4.8,1,1,1,0,12.0,0.0,4.2,Low Risk
31,Female,Rural,Midlands,Secondary,Formal,4,1,1,0,1,3,Low,39.4,0,0,0,20,30.0,80.0,35.5,Moderate Risk
40,Male,Rural,Midlands,Primary,Informal,1,1,0,0,1,2,Medium,40.4,0,1,1,50,53.0,60.0,53.05,High Risk
28,Female,Urban,Harare,Secondary,Formal,5,1,1,1,1,4,Low,7.1,1,1,1,0,10.0,5.0,4.5,Low Risk
45,Female,Rural,Matabeleland North,Secondary,Informal,2,1,0,0,0,1,High,30.8,1,0,1,60,50.0,70.0,58.5,High Risk
38,Female,Urban,Harare,Tertiary,Unemployed,5,1,1,0,0,2,Medium,2.3,0,1,0,30,30.0,30.0,30.0,Moderate Risk
29,Male,Rural,Mashonaland West,Secondary,Informal,2,1,1,0,0,2,Medium,23.3,1,1,0,30,40.0,30.0,33.5,Moderate Risk
56,Male,Rural,Masvingo,Primary,Informal,1,1,0,0,1,2,Medium,4.7,1,0,1,50,53.0,40.0,49.05,High Risk
40,Female,Rural,Matabeleland North,Secondary,Formal,4,0,1,0,1,2,Medium,38.7,1,1,1,60,30.0,50.0,47.5,High Risk
46,Male,Urban,Mashonaland West,Primary,Unemployed,3,1,1,1,0,3,Low,2.1,1,1,1,10,26.0,0.0,13.6,Low Risk
57,Female,Urban,Manicaland,Secondary,Formal,5,1,1,1,1,4,Low,7.9,0,1,0,0,10.0,35.0,10.5,Low Risk
57,Male,Rural,Matabeleland South,None,Formal,2,1,1,1,1,4,Low,51.4,0,0,0,0,40.0,100.0,34.0,Moderate Risk
46,Female,Rural,Masvingo,Secondary,Unemployed,2,1,0,0,0,1,High,27.8,1,1,1,60,58.0,50.0,57.3,High Risk
33,Male,Urban,Harare,Secondary,Formal,4,1,1,1,1,4,Low,0.5,1,1,0,0,0.0,0.0,0.0,Low Risk
18,Male,Rural,Bulawayo,Secondary,Unemployed,2,1,1,0,0,2,Medium,19.1,1,0,0,30,56.0,35.0,40.1,Moderate Risk
40,Female,Urban,Bulawayo,Tertiary,Formal,5,1,1,1,1,4,Low,2.7,1,1,0,0,10.0,0.0,3.5,Low Risk
53,Male,Rural,Matabeleland North,Secondary,Unemployed,1,1,1,0,0,2,Medium,13.5,0,1,0,30,55.0,65.0,45.75,High Risk
42,Female,Rural,Manicaland,Primary,Formal,4,1,1,1,1,4,Low,25.5,1,1,0,0,36.0,30.0,18.6,Low Risk
18,Female,Urban,Harare,Secondary,Formal,5,1,1,1,0,3,Low,3.4,1,1,0,10,18.0,0.0,10.8,Low Risk
50,Female,Urban,Harare,Tertiary,Informal,4,1,0,0,1,2,Medium,0.3,1,1,1,50,22.0,0.0,30.2,Moderate Risk
51,Female,Rural,Masvingo,Secondary,Informal,2,1,1,0,0,2,Medium,16.2,0,0,1,30,50.0,85.0,48.0,High Risk
33,Female,Rural,Mashonaland West,Secondary,Unemployed,2,1,1,1,0,3,Low,40.7,1,1,1,10,58.0,30.0,30.8,Moderate Risk
51,Female,Rural,Mashonaland Central,Secondary,Informal,1,0,0,0,0,0,High,4.3,0,0,1,100,57.0,70.0,78.95,Critical Risk
46,Male,Urban,Harare,Secondary,Informal,2,1,1,0,0,2,Medium,0.4,1,0,0,30,20.0,20.0,24.5,Low Risk
28,Female,Rural,Mashonaland East,Primary,Informal,2,1,0,0,1,2,Medium,42.2,1,1,1,50,56.0,30.0,48.1,High Risk
55,Female,Urban,Bulawayo,Tertiary,Informal,5,1,1,0,1,3,Low,4.8,1,1,0,20,22.0,0.0,16.7,Low Risk
20,Male,Urban,Matabeleland North,Secondary,Unemployed,4,1,0,0,0,1,High,3.6,1,1,1,60,28.0,20.0,40.8,Moderate Risk
37,Female,Urban,Harare,Primary,Formal,5,0,1,1,1,3,Low,3.6,1,1,0,40,16.0,0.0,23.6,Low Risk
35,Male,Rural,Masvingo,Secondary,Formal,3,1,0,0,1,2,Medium,4.0,1,0,1,50,20.0,40.0,37.5,Moderate Risk
26,Female,Rural,Masvingo,Secondary,Unemployed,2,1,0,1,0,2,Medium,3.3,1,1,1,40,58.0,20.0,42.3,Moderate Risk
42,Male,Rural,Matabeleland North,Secondary,Unemployed,2,1,0,0,0,1,High,18.6,1,0,0,60,48.0,55.0,54.8,High Risk
56,Female,Rural,Mashonaland East,Secondary,Informal,3,1,1,0,1,3,Low,60.2,1,0,0,20,42.0,50.0,33.7,Moderate Risk
55,Male,Urban,Harare,Tertiary,Informal,5,1,1,0,1,3,Low,4.8,1,1,0,20,12.0,0.0,13.2,Low Risk
48,Female,Urban,Matabeleland North,Secondary,Informal,5,1,1,0,0,2,Medium,1.2,1,1,0,30,22.0,20.0,25.2,Moderate Risk
18,Male,Urban,Matabeleland South,Secondary,Formal,4,1,1,0,1,3,Low,1.6,1,1,0,20,8.0,20.0,15.8,Low Risk
19,Female,Urban,Harare,Secondary,Unemployed,2,1,1,1,0,3,Low,0.7,1,1,1,10,46.0,0.0,20.6,Low Risk
40,Female,Urban,Bulawayo,Secondary,Unemployed,3,1,1,0,0,2,Medium,0.7,0,1,0,30,30.0,30.0,30.0,Moderate Risk
37,Female,Rural,Bulawayo,Secondary,Unemployed,1,1,1,0,0,2,Medium,1.0,0,0,1,30,65.0,50.0,46.25,High Risk
31,Male,Rural,Manicaland,Tertiary,Unemployed,1,0,0,0,0,0,High,16.5,1,0,1,100,55.0,35.0,71.25,Critical Risk
64,Male,Rural,Manicaland,Primary,Unemployed,2,1,0,0,0,1,High,19.8,1,1,0,60,54.0,15.0,48.9,High Risk
39,Male,Urban,Manicaland,Primary,Formal,4,1,1,1,1,4,Low,1.7,1,1,0,0,6.0,0.0,2.1,Low Risk
45,Female,Urban,Harare,Secondary,Unemployed,3,0,1,0,0,1,High,7.3,1,1,1,70,30.0,5.0,43.0,Moderate Risk
51,Male,Urban,Harare,Secondary,Formal,4,1,1,1,1,4,Low,0.4,0,1,0,0,0.0,30.0,6.0,Low Risk
38,Female,Urban,Harare,Tertiary,Formal,5,1,1,1,1,4,Low,0.1,1,1,1,0,10.0,0.0,3.5,Low Risk
74,Male,Urban,Harare,Tertiary,Formal,5,0,1,0,1,2,Medium,2.1,1,1,0,60,8.0,0.0,29.8,Moderate Risk
24,Female,Urban,Harare,Secondary,Formal,5,1,1,1,1,4,Low,0.9,1,1,0,0,18.0,0.0,6.3,Low Risk
29,Male,Urban,Bulawayo,Tertiary,Informal,5,1,1,0,0,2,Medium,0.7,1,1,0,30,12.0,0.0,17.7,Low Risk
24,Male,Rural,Masvingo,Primary,Informal,1,1,0,0,1,2,Medium,3.6,0,1,1,50,61.0,50.0,53.85,High Risk
59,Male,Urban,Bulawayo,Secondary,Formal,5,1,1,1,1,4,Low,0.1,1,1,0,0,0.0,0.0,0.0,Low Risk
49,Male,Urban,Bulawayo,Secondary,Formal,5,1,0,1,1,3,Low,0.4,1,1,0,30,0.0,0.0,13.5,Low Risk
30,Male,Urban,Mashonaland Central,Tertiary,Formal,5,1,1,1,1,4,Low,2.1,0,1,0,0,0.0,50.0,10.0,Low Risk
25,Male,Urban,Harare,Secondary,Informal,4,0,1,0,1,2,Medium,2.3,0,1,1,60,12.0,30.0,37.2,Moderate Risk
57,Female,Urban,Harare,Secondary,Informal,4,1,1,0,1,3,Low,5.4,1,1,0,20,22.0,5.0,17.7,Low Risk
43,Female,Urban,Mashonaland West,Secondary,Informal,2,1,1,0,0,2,Medium,5.8,1,0,0,30,30.0,25.0,29.0,Moderate Risk
57,Male,Rural,Matabeleland North,Primary,Unemployed,1,1,0,0,0,1,High,4.4,0,0,0,60,61.0,70.0,62.35,High Risk
37,Female,Urban,Bulawayo,Secondary,Informal,3,1,0,0,1,2,Medium,2.2,1,1,1,50,22.0,0.0,30.2,Moderate Risk
45,Male,Rural,Mashonaland East,Secondary,Informal,1,1,1,0,1,3,Low,5.1,1,0,0,20,47.0,25.0,30.45,Moderate Risk
42,Male,Urban,Harare,Primary,Informal,2,1,1,0,0,2,Medium,6.8,1,1,0,30,26.0,5.0,23.6,Low Risk
29,Male,Urban,Harare,Secondary,Informal,3,1,1,0,1,3,Low,0.8,0,0,0,20,12.0,50.0,23.2,Low Risk
35,Male,Urban,Mashonaland West,Primary,Formal,5,1,1,1,1,4,Low,1.3,1,1,0,0,6.0,0.0,2.1,Low Risk
21,Male,Urban,Bulawayo,Secondary,Unemployed,4,1,1,1,0,3,Low,4.7,1,1,0,10,28.0,0.0,14.3,Low Risk
44,Female,Urban,Harare,Secondary,Formal,5,0,1,1,1,3,Low,1.2,1,1,1,40,10.0,0.0,21.5,Low Risk
48,Female,Rural,Mashonaland Central,Secondary,Unemployed,2,1,0,0,0,1,High,27.8,0,1,1,60,58.0,80.0,63.3,High Risk
51,Female,Urban,Harare,Secondary,Formal,5,1,1,1,1,4,Low,3.9,0,1,0,0,10.0,30.0,9.5,Low Risk
47,Female,Rural,Mashonaland Central,Secondary,Informal,1,1,0,0,1,2,Medium,13.9,1,1,1,50,57.0,35.0,49.45,High Risk
36,Male,Urban,Bulawayo,Tertiary,Formal,5,1,1,1,1,4,Low,0.5,1,1,0,0,0.0,0.0,0.0,Low Risk
59,Female,Urban,Harare,Secondary,Unemployed,2,1,1,0,0,2,Medium,0.7,0,1,1,30,38.0,30.0,32.8,Moderate Risk
50,Male,Urban,Masvingo,Tertiary,Informal,3,1,1,1,1,4,Low,5.4,1,1,0,0,12.0,25.0,9.2,Low Risk
57,Male,Urban,Manicaland,Secondary,Formal,5,1,1,1,1,4,Low,6.4,1,1,0,0,0.0,5.0,1.0,Low Risk
58,Male,Urban,Matabeleland North,Primary,Formal,4,1,1,1,1,4,Low,10.7,1,1,0,0,6.0,35.0,9.1,Low Risk
36,Male,Rural,Midlands,Primary,Informal,2,0,1,0,1,2,Medium,22.9,1,1,1,60,46.0,30.0,49.1,High Risk
43,Female,Rural,Midlands,None,Informal,1,1,1,0,1,3,Low,4.1,1,0,0,20,69.0,20.0,37.15,Moderate Risk
48,Male,Rural,Midlands,None,Formal,4,1,1,1,1,4,Low,1.6,1,1,0,0,32.0,0.0,11.2,Low Risk
21,Male,Urban,Harare,Secondary,Unemployed,2,1,1,0,0,2,Medium,2.1,1,1,0,30,36.0,0.0,26.1,Moderate Risk
22,Female,Rural,Mashonaland Central,Primary,Informal,3,0,1,0,0,1,High,4.9,1,0,0,70,56.0,40.0,59.1,High Risk
19,Female,Rural,Mashonaland Central,Tertiary,Formal,5,0,1,1,0,2,Medium,41.2,1,1,1,50,38.0,50.0,45.8,High Risk
36,Male,Rural,Masvingo,Secondary,Informal,1,1,0,0,1,2,Medium,3.8,0,0,1,50,47.0,70.0,52.95,High Risk
33,Female,Rural,Matabeleland North,Secondary,Informal,1,1,0,0,0,1,High,1.0,1,0,0,60,57.0,40.0,54.95,High Risk
18,Female,Rural,Manicaland,Secondary,Unemployed,2,0,1,1,0,2,Medium,29.8,1,0,0,50,66.0,50.0,55.6,High Risk
40,Male,Rural,Matabeleland South,Tertiary,Formal,5,1,1,1,0,3,Low,27.6,1,1,0,10,20.0,50.0,21.5,Low Risk
36,Male,Rural,Matabeleland South,Secondary,Informal,3,0,1,1,0,2,Medium,6.4,0,0,0,50,32.0,75.0,48.7,High Risk
54,Male,Urban,Bulawayo,Secondary,Formal,5,1,1,0,1,3,Low,4.2,1,1,1,20,0.0,0.0,9.0,Low Risk
66,Male,Rural,Mashonaland West,Secondary,Unemployed,1,1,0,0,0,1,High,34.6,0,0,0,60,63.0,80.0,65.05,Critical Risk
44,Female,Urban,Harare,Tertiary,Formal,5,1,1,1,1,4,Low,4.1,1,1,0,0,10.0,0.0,3.5,Low Risk
28,Female,Rural,Mashonaland West,Secondary,Informal,1,1,1,0,0,2,Medium,2.6,0,0,1,30,57.0,50.0,43.45,Moderate Risk
47,Female,Rural,Mashonaland Central,None,Informal,1,1,0,0,0,1,High,54.8,0,0,1,60,69.0,100.0,71.15,Critical Risk
38,Female,Urban,Bulawayo,Tertiary,Informal,4,1,1,0,1,3,Low,0.5,1,1,0,20,22.0,0.0,16.7,Low Risk
34,Female,Urban,Harare,Secondary,Formal,5,1,1,1,1,4,Low,0.2,1,1,0,0,10.0,0.0,3.5,Low Risk
25,Female,Urban,Harare,Secondary,Unemployed,4,1,1,0,0,2,Medium,4.5,1,1,0,30,30.0,0.0,24.0,Low Risk
31,Female,Urban,Harare,Secondary,Unemployed,4,1,1,1,0,3,Low,2.9,1,1,0,10,30.0,0.0,15.0,Low Risk
35,Male,Urban,Bulawayo,Secondary,Formal,5,1,1,1,0,3,Low,2.3,1,1,0,10,0.0,0.0,4.5,Low Risk
49,Male,Rural,Mashonaland East,Primary,Informal,1,1,1,0,1,3,Low,9.8,0,1,0,20,53.0,35.0,34.55,Moderate Risk
45,Female,Rural,Midlands,Primary,Unemployed,2,1,0,0,0,1,High,7.0,1,0,1,60,64.0,25.0,54.4,High Risk
63,Male,Rural,Harare,Secondary,Informal,4,1,1,0,1,3,Low,12.1,1,1,0,20,32.0,15.0,23.2,Low Risk
47,Male,Urban,Matabeleland North,Secondary,Informal,4,1,0,0,1,2,Medium,1.0,1,1,0,50,12.0,20.0,30.7,Moderate Risk
43,Male,Urban,Harare,Tertiary,Unemployed,4,1,1,0,0,2,Medium,8.6,0,1,0,30,20.0,35.0,27.5,Moderate Risk
33,Female,Urban,Harare,Secondary,Formal,5,1,1,0,1,3,Low,1.1,1,1,0,20,10.0,0.0,12.5,Low Risk
23,Male,Rural,Midlands,Secondary,Informal,2,1,1,0,0,2,Medium,143.0,0,0,1,30,48.0,80.0,46.3,High Risk
30,Male,Urban,Manicaland,Primary,Informal,4,1,1,0,1,3,Low,0.9,1,1,0,20,18.0,0.0,15.3,Low Risk
28,Female,Urban,Bulawayo,Tertiary,Informal,4,1,1,0,1,3,Low,0.7,1,1,0,20,22.0,0.0,16.7,Low Risk
18,Male,Urban,Manicaland,Tertiary,Informal,4,1,1,0,0,2,Medium,1.2,0,1,0,30,20.0,30.0,26.5,Moderate Risk
23,Female,Rural,Mashonaland West,Primary,Informal,1,1,1,1,0,3,Low,21.7,1,0,0,10,71.0,50.0,39.35,Moderate Risk
60,Male,Urban,Mashonaland East,Secondary,Informal,5,1,1,0,1,3,Low,3.0,1,1,0,20,12.0,0.0,13.2,Low Risk
43,Male,Rural,Mashonaland Central,Secondary,Unemployed,1,1,1,0,0,2,Medium,1.0,1,0,0,30,55.0,40.0,40.75,Moderate Risk
32,Male,Rural,Matabeleland South,Primary,Informal,1,1,1,0,0,2,Medium,9.0,1,1,0,30,53.0,25.0,37.05,Moderate Risk
43,Female,Rural,Midlands,Secondary,Informal,2,0,0,1,1,2,Medium,37.0,1,0,1,70,50.0,50.0,59.0,High Risk
18,Female,Urban,Mashonaland West,Tertiary,Formal,5,1,0,1,1,3,Low,4.0,1,1,0,30,18.0,0.0,19.8,Low Risk
41,Male,Urban,Manicaland,Secondary,Formal,5,1,1,1,1,4,Low,1.6,1,1,0,0,0.0,0.0,0.0,Low Risk
55,Male,Urban,Bulawayo,Tertiary,Formal,5,1,1,1,1,4,Low,1.3,1,1,0,0,0.0,0.0,0.0,Low Risk
36,Female,Urban,Bulawayo,Primary,Unemployed,1,1,0,0,0,1,High,1.7,1,1,1,60,51.0,0.0,44.85,Moderate Risk
18,Female,Rural,Mashonaland West,Tertiary,Informal,2,1,1,0,1,3,Low,3.9,0,0,0,20,58.0,50.0,39.3,Moderate Risk
32,Male,Urban,Masvingo,Tertiary,Formal,5,1,1,1,1,4,Low,4.9,1,1,0,0,0.0,20.0,4.0,Low Risk
55,Male,Urban,Bulawayo,Secondary,Informal,4,0,1,0,1,2,Medium,9.9,1,1,0,60,12.0,5.0,32.2,Moderate Risk
41,Male,Urban,Harare,Secondary,Informal,4,1,0,0,0,1,High,3.6,1,1,0,60,12.0,0.0,31.2,Moderate Risk
18,Male,Rural,Matabeleland South,Secondary,Informal,2,0,1,0,0,1,High,23.9,1,0,1,70,48.0,70.0,62.3,High Risk
71,Female,Urban,Harare,Tertiary,Formal,5,1,1,1,1,4,Low,2.2,1,1,0,0,18.0,0.0,6.3,Low Risk
20,Female,Rural,Matabeleland South,Primary,Informal,1,0,1,0,0,1,High,2.5,0,0,0,70,71.0,70.0,70.35,Critical Risk
34,Female,Urban,Mashonaland East,Secondary,Formal,4,1,1,0,1,3,Low,8.0,1,1,0,20,10.0,5.0,13.5,Low Risk
23,Female,Rural,Mashonaland Central,Secondary,Informal,1,1,0,0,1,2,Medium,6.5,1,1,0,50,65.0,25.0,50.25,High Risk
23,Male,Rural,Manicaland,Secondary,Informal,2,0,1,1,0,2,Medium,15.2,0,0,0,50,48.0,65.0,52.3,High Risk
31,Female,Urban,Manicaland,Secondary,Informal,4,1,1,0,1,3,Low,1.0,1,1,0,20,22.0,0.0,16.7,Low Risk
46,Male,Urban,Harare,Secondary,Unemployed,2,1,0,0,0,1,High,0.7,0,1,1,60,28.0,30.0,42.8,Moderate Risk
56,Male,Urban,Midlands,Tertiary,Formal,5,1,1,1,1,4,Low,2.9,1,1,0,0,0.0,0.0,0.0,Low Risk
32,Female,Urban,Harare,Primary,Informal,4,1,0,1,0,2,Medium,6.3,1,1,0,40,28.0,5.0,28.8,Moderate Risk
23,Male,Urban,Harare,Tertiary,Unemployed,2,1,1,1,0,3,Low,2.5,0,1,0,10,36.0,30.0,23.1,Low Risk
44,Female,Rural,Manicaland,Secondary,Informal,2,1,0,0,0,1,High,30.2,1,0,0,60,50.0,50.0,54.5,High Risk
45,Female,Rural,Matabeleland South,Tertiary,Informal,3,1,1,1,0,3,Low,9.2,1,0,0,10,42.0,45.0,28.2,Moderate Risk
41,Female,Urban,Bulawayo,Primary,Unemployed,2,0,1,0,0,1,High,6.6,0,1,0,70,44.0,35.0,53.9,High Risk
41,Female,Rural,Midlands,Secondary,Informal,1,1,1,1,0,3,Low,21.7,0,1,1,10,57.0,60.0,36.45,Moderate Risk
36,Male,Urban,Midlands,Tertiary,Informal,3,0,0,0,0,0,High,7.8,1,1,0,100,12.0,5.0,50.2,High Risk
39,Male,Rural,Masvingo,Secondary,Informal,1,1,1,0,0,2,Medium,46.3,1,0,1,30,47.0,70.0,43.95,Moderate Risk
35,Female,Urban,Harare,None,Unemployed,2,1,0,0,0,1,High,1.4,0,0,1,60,50.0,50.0,54.5,High Risk
52,Female,Rural,Manicaland,Secondary,Informal,2,1,0,0,1,2,Medium,6.3,1,0,0,50,50.0,25.0,45.0,Moderate Risk
69,Female,Rural,Midlands,None,Formal,4,0,0,0,1,1,High,8.0,1,1,0,90,50.0,5.0,59.0,High Risk
40,Male,Urban,Harare,Secondary,Informal,3,1,1,0,1,3,Low,2.2,1,0,0,20,12.0,20.0,17.2,Low Risk
37,Male,Urban,Masvingo,Tertiary,Formal,4,1,1,1,1,4,Low,3.6,1,1,0,0,0.0,20.0,4.0,Low Risk
41,Male,Urban,Masvingo,Tertiary,Informal,4,1,1,0,0,2,Medium,1.9,1,1,0,30,12.0,20.0,21.7,Low Risk
28,Female,Rural,Masvingo,Secondary,Formal,5,1,1,1,1,4,Low,50.0,1,1,0,0,30.0,50.0,20.5,Low Risk
48,Female,Urban,Bulawayo,Primary,Informal,3,1,1,1,1,4,Low,0.1,1,0,0,0,28.0,20.0,13.8,Low Risk
44,Female,Rural,Midlands,Primary,Informal,1,1,0,0,0,1,High,63.1,1,0,1,60,63.0,50.0,59.05,High Risk
32,Male,Rural,Matabeleland South,Primary,Informal,1,1,0,1,1,3,Low,5.6,1,0,0,30,53.0,45.0,41.05,Moderate Risk
50,Female,Rural,Matabeleland North,Primary,Informal,2,1,0,0,0,1,High,11.2,1,1,1,60,56.0,35.0,53.6,High Risk
38,Male,Urban,Harare,Tertiary,Formal,5,1,1,1,1,4,Low,6.5,1,1,0,0,0.0,5.0,1.0,Low Risk
24,Male,Urban,Bulawayo,Secondary,Formal,4,1,1,1,1,4,Low,0.4,1,1,0,0,8.0,0.0,2.8,Low Risk
42,Male,Rural,Mashonaland East,Primary,Informal,1,1,1,1,0,3,Low,3.5,1,1,0,10,53.0,0.0,23.05,Low Risk
41,Female,Urban,Matabeleland South,Tertiary,Informal,4,1,0,0,1,2,Medium,0.8,1,0,0,50,22.0,40.0,38.2,Moderate Risk
51,Male,Rural,Masvingo,Primary,Unemployed,1,1,1,0,0,2,Medium,8.5,0,0,0,30,61.0,75.0,49.85,High Risk
49,Male,Urban,Mashonaland East,Secondary,Formal,5,1,1,0,1,3,Low,5.4,1,1,0,20,0.0,5.0,10.0,Low Risk
36,Female,Urban,Harare,Secondary,Informal,3,1,1,1,0,3,Low,0.7,1,1,0,10,22.0,0.0,12.2,Low Risk
31,Female,Rural,Midlands,None,Unemployed,1,1,0,0,0,1,High,2.0,1,0,0,60,77.0,20.0,57.95,High Risk
38,Male,Urban,Harare,Secondary,Informal,3,0,1,0,1,2,Medium,0.5,1,1,1,60,12.0,0.0,31.2,Moderate Risk
43,Male,Urban,Manicaland,Secondary,Formal,5,1,0,1,1,3,Low,6.0,1,0,0,30,0.0,25.0,18.5,Low Risk
44,Female,Urban,Harare,Secondary,Formal,5,1,0,0,1,2,Medium,0.2,0,1,0,50,10.0,30.0,32.0,Moderate Risk
42,Female,Urban,Masvingo,Secondary,Unemployed,2,1,0,0,0,1,High,4.2,1,1,0,60,38.0,20.0,44.3,Moderate Risk
36,Female,Rural,Matabeleland North,Primary,Informal,2,0,1,0,0,1,High,1.0,0,1,1,70,56.0,50.0,61.1,High Risk
51,Male,Urban,Bulawayo,Secondary,Formal,4,1,1,1,1,4,Low,2.4,1,1,0,0,0.0,0.0,0.0,Low Risk
28,Female,Urban,Harare,Primary,Informal,2,1,1,1,1,4,Low,2.3,1,0,0,0,36.0,20.0,16.6,Low Risk
72,Female,Urban,Harare,Primary,Formal,4,1,1,0,1,3,Low,3.5,1,1,0,20,24.0,0.0,17.4,Low Risk
48,Male,Rural,Mashonaland East,Primary,Informal,3,0,1,0,1,2,Medium,34.7,1,0,1,60,38.0,50.0,50.3,High Risk
22,Male,Urban,Harare,Primary,Unemployed,1,1,1,0,0,2,Medium,0.5,0,0,1,30,49.0,50.0,40.65,Moderate Risk
40,Female,Rural,Mashonaland West,None,Unemployed,1,1,1,0,0,2,Medium,37.9,0,0,1,30,77.0,80.0,56.45,High Risk
48,Male,Rural,Mashonaland West,Tertiary,Informal,2,1,0,0,1,2,Medium,23.2,1,0,0,50,40.0,50.0,46.5,High Risk
33,Female,Urban,Harare,Secondary,Unemployed,4,1,0,0,0,1,High,0.9,1,1,1,60,30.0,0.0,37.5,Moderate Risk
18,Female,Rural,Matabeleland North,Secondary,Unemployed,3,1,1,0,0,2,Medium,33.5,1,1,0,30,58.0,50.0,43.8,Moderate Risk
23,Male,Rural,Mashonaland West,Primary,Unemployed,1,1,1,1,0,3,Low,12.7,1,0,0,10,69.0,35.0,35.65,Moderate Risk
45,Female,Urban,Harare,None,Unemployed,2,1,0,0,0,1,High,2.2,1,1,1,60,50.0,0.0,44.5,Moderate Risk
18,Male,Urban,Mashonaland West,Tertiary,Unemployed,3,1,1,0,0,2,Medium,11.0,0,1,0,30,28.0,45.0,32.3,Moderate Risk
18,Female,Rural,Mashonaland West,Secondary,Informal,2,1,1,0,1,3,Low,38.6,0,0,1,20,58.0,80.0,45.3,High Risk
45,Female,Rural,Matabeleland North,Tertiary,Formal,4,1,1,1,1,4,Low,5.8,1,1,0,0,30.0,25.0,15.5,Low Risk
34,Female,Rural,Midlands,None,Formal,1,1,1,0,1,3,Low,10.5,1,0,0,20,57.0,35.0,35.95,Moderate Risk
28,Male,Rural,Matabeleland South,Primary,Informal,1,1,1,0,0,2,Medium,1.9,0,0,0,30,53.0,70.0,46.05,High Risk
31,Female,Urban,Bulawayo,Tertiary,Unemployed,4,1,1,0,0,2,Medium,3.7,1,1,1,30,30.0,0.0,24.0,Low Risk
18,Female,Rural,Masvingo,Primary,Unemployed,1,1,1,0,0,2,Medium,4.8,1,1,1,30,79.0,20.0,45.15,High Risk
44,Female,Rural,Midlands,None,Unemployed,1,1,0,0,0,1,High,9.6,0,1,1,60,77.0,35.0,60.95,High Risk
26,Female,Urban,Mashonaland West,Secondary,Informal,2,1,1,0,0,2,Medium,7.8,0,0,0,30,30.0,55.0,35.0,Moderate Risk
30,Male,Urban,Harare,Primary,Informal,3,1,1,0,1,3,Low,0.9,1,1,0,20,18.0,0.0,15.3,Low Risk
42,Female,Urban,Bulawayo,Tertiary,Informal,5,1,1,1,1,4,Low,0.8,1,0,0,0,22.0,20.0,11.7,Low Risk
34,Male,Rural,Midlands,Secondary,Informal,2,0,1,0,1,2,Medium,10.5,1,0,0,60,40.0,35.0,48.0,High Risk
28,Male,Urban,Mashonaland East,Secondary,Formal,4,1,1,1,0,3,Low,1.6,1,1,0,10,0.0,0.0,4.5,Low Risk
18,Female,Rural,Manicaland,Primary,Unemployed,1,0,0,0,0,0,High,32.5,1,0,1,100,79.0,50.0,82.65,Critical Risk
43,Female,Urban,Harare,Tertiary,Informal,4,1,0,0,0,1,High,3.9,0,1,1,60,22.0,30.0,40.7,Moderate Risk
39,Female,Urban,Bulawayo,Secondary,Formal,5,1,1,1,1,4,Low,5.3,1,1,0,0,10.0,5.0,4.5,Low Risk
30,Male,Rural,Mashonaland Central,Secondary,Informal,2,1,1,0,1,3,Low,14.2,0,0,1,20,40.0,85.0,40.0,Moderate Risk
23,Male,Urban,Bulawayo,Secondary,Informal,3,1,1,0,1,3,Low,5.4,0,1,0,20,20.0,35.0,23.0,Low Risk
38,Male,Rural,Mashonaland West,Tertiary,Unemployed,1,1,1,0,0,2,Medium,5.9,1,0,0,30,55.0,25.0,37.75,Moderate Risk
44,Male,Urban,Harare,Secondary,Informal,4,1,1,0,1,3,Low,7.0,1,1,0,20,12.0,5.0,14.2,Low Risk
39,Female,Rural,Mashonaland East,Secondary,Informal,1,1,0,0,1,2,Medium,8.1,0,1,1,50,57.0,35.0,49.45,High Risk
60,Female,Urban,Mashonaland West,Tertiary,Informal,3,1,1,0,0,2,Medium,5.0,1,1,0,30,22.0,0.0,21.2,Low Risk
47,Male,Rural,Midlands,Secondary,Informal,4,1,1,0,0,2,Medium,64.4,1,0,1,30,32.0,50.0,34.7,Moderate Risk
36,Male,Rural,Matabeleland South,Tertiary,Informal,1,1,1,0,1,3,Low,4.1,0,0,1,20,47.0,70.0,39.45,Moderate Risk
48,Male,Urban,Matabeleland North,Secondary,Informal,2,1,1,0,1,3,Low,1.2,1,0,0,20,20.0,40.0,24.0,Low Risk
38,Female,Urban,Matabeleland South,Secondary,Informal,4,1,1,0,0,2,Medium,2.2,0,0,0,30,22.0,70.0,35.2,Moderate Risk
38,Female,Urban,Bulawayo,Secondary,Unemployed,3,1,1,0,0,2,Medium,6.0,1,1,1,30,30.0,5.0,25.0,Low Risk
56,Male,Rural,Manicaland,Secondary,Formal,3,1,1,0,1,3,Low,4.8,1,0,1,20,20.0,20.0,20.0,Low Risk
25,Male,Rural,Matabeleland South,Primary,Informal,2,1,1,0,0,2,Medium,144.6,1,0,0,30,46.0,70.0,43.6,Moderate Risk
38,Male,Urban,Bulawayo,Secondary,Unemployed,3,1,1,0,0,2,Medium,3.0,1,1,0,30,20.0,0.0,20.5,Low Risk
54,Male,Urban,Harare,Tertiary,Unemployed,2,1,1,0,0,2,Medium,1.0,1,1,0,30,28.0,0.0,23.3,Low Risk
42,Female,Rural,Midlands,Secondary,Informal,1,1,1,0,0,2,Medium,14.0,1,0,0,30,57.0,35.0,40.45,Moderate Risk
32,Female,Urban,Harare,Secondary,Formal,5,1,1,1,1,4,Low,1.6,1,1,0,0,10.0,0.0,3.5,Low Risk
18,Male,Rural,Midlands,Primary,Informal,2,1,0,0,1,2,Medium,42.2,0,1,1,50,54.0,60.0,53.4,High Risk
18,Female,Urban,Bulawayo,Secondary,Unemployed,3,1,1,0,0,2,Medium,0.3,1,0,0,30,38.0,20.0,30.8,Moderate Risk
67,Male,Rural,Manicaland,Primary,Informal,1,1,0,0,1,2,Medium,9.4,1,0,1,50,61.0,25.0,48.85,High Risk
42,Male,Rural,Midlands,None,Informal,1,1,0,1,1,3,Low,29.7,0,0,1,30,59.0,80.0,50.15,High Risk
29,Female,Urban,Mashonaland Central,Tertiary,Unemployed,4,1,1,0,0,2,Medium,0.4,0,0,0,30,30.0,70.0,38.0,Moderate Risk
42,Male,Urban,Bulawayo,Secondary,Informal,3,0,1,0,0,1,High,0.2,1,0,1,70,12.0,20.0,39.7,Moderate Risk
24,Male,Urban,Bulawayo,Primary,Informal,3,1,1,1,1,4,Low,12.8,0,1,0,0,26.0,45.0,18.1,Low Risk
33,Female,Rural,Mashonaland Central,Secondary,Unemployed,1,0,0,0,0,0,High,12.0,1,1,1,100,65.0,35.0,74.75,Critical Risk
24,Female,Urban,Harare,Primary,Informal,2,1,0,0,1,2,Medium,1.6,1,1,1,50,44.0,0.0,37.9,Moderate Risk
18,Male,Rural,Bulawayo,Primary,Informal,1,1,0,0,0,1,High,42.0,1,0,1,60,61.0,50.0,58.35,High Risk
18,Female,Rural,Mashonaland Central,Primary,Informal,1,1,0,0,0,1,High,3.4,0,0,1,60,71.0,70.0,65.85,Critical Risk
18,Male,Urban,Harare,Secondary,Informal,4,1,1,0,1,3,Low,4.5,1,1,1,20,20.0,0.0,16.0,Low Risk
52,Female,Rural,Masvingo,Secondary,Informal,1,1,0,0,1,2,Medium,17.8,0,1,1,50,57.0,65.0,55.45,High Risk
24,Male,Urban,Harare,Tertiary,Formal,5,1,1,1,1,4,Low,2.4,1,1,0,0,8.0,0.0,2.8,Low Risk
45,Female,Rural,Masvingo,Secondary,Informal,2,1,1,0,0,2,Medium,1.0,1,1,1,30,50.0,20.0,35.0,Moderate Risk
51,Male,Urban,Harare,Tertiary,Informal,5,1,1,0,1,3,Low,3.1,1,1,0,20,12.0,0.0,13.2,Low Risk
38,Female,Rural,Mashonaland Central,Tertiary,Unemployed,3,0,1,0,0,1,High,23.6,1,1,1,70,50.0,50.0,59.0,High Risk
33,Female,Rural,Midlands,Secondary,Informal,3,1,0,0,0,1,High,48.6,1,0,1,60,42.0,50.0,51.7,High Risk
39,Male,Rural,Midlands,Tertiary,Unemployed,3,1,1,1,0,3,Low,14.6,0,0,1,10,40.0,65.0,31.5,Moderate Risk
32,Female,Rural,Matabeleland South,Tertiary,Unemployed,1,1,1,0,0,2,Medium,2.4,1,1,0,30,65.0,20.0,40.25,Moderate Risk
54,Male,Urban,Harare,Tertiary,Informal,5,1,1,0,1,3,Low,2.1,1,1,0,20,12.0,0.0,13.2,Low Risk
64,Female,Rural,Matabeleland North,Primary,Informal,2,1,1,0,0,2,Medium,8.9,1,0,1,30,56.0,45.0,42.1,Moderate Risk
58,Male,Rural,Mashonaland Central,Primary,Formal,3,0,1,0,1,2,Medium,5.2,1,1,0,60,26.0,25.0,41.1,Moderate Risk
18,Male,Rural,Masvingo,Secondary,Informal,1,1,1,0,1,3,Low,41.4,1,1,0,20,55.0,50.0,38.25,Moderate Risk
31,Female,Urban,Masvingo,Tertiary,Formal,5,1,1,1,1,4,Low,4.3,1,1,0,0,10.0,20.0,7.5,Low Risk
38,Male,Urban,Harare,Tertiary,Informal,2,1,1,0,0,2,Medium,4.0,1,0,0,30,20.0,20.0,24.5,Low Risk
44,Female,Rural,Midlands,Secondary,Unemployed,1,1,1,0,0,2,Medium,43.8,1,0,1,30,65.0,50.0,46.25,High Risk
18,Female,Urban,Manicaland,Tertiary,Formal,5,1,1,1,0,3,Low,6.9,1,1,0,10,18.0,5.0,11.8,Low Risk
18,Male,Rural,Mashonaland East,Secondary,Informal,2,1,0,0,0,1,High,1.0,1,0,0,60,48.0,20.0,47.8,High Risk
56,Male,Rural,Manicaland,Secondary,Unemployed,1,1,1,1,0,3,Low,35.5,0,0,1,10,55.0,80.0,39.75,Moderate Risk
30,Female,Rural,Matabeleland South,None,Unemployed,1,1,0,1,0,2,Medium,80.4,0,0,1,40,77.0,100.0,64.95,High Risk
18,Female,Urban,Bulawayo,Secondary,Informal,4,1,1,0,1,3,Low,2.7,1,0,0,20,30.0,20.0,23.5,Low Risk
22,Male,Rural,Manicaland,None,Informal,3,1,1,0,1,3,Low,19.5,1,0,0,20,52.0,35.0,34.2,Moderate Risk
43,Male,Urban,Harare,Primary,Informal,4,1,1,1,1,4,Low,2.5,1,0,0,0,18.0,20.0,10.3,Low Risk
26,Female,Urban,Midlands,Secondary,Formal,5,1,1,1,1,4,Low,1.1,1,1,0,0,10.0,0.0,3.5,Low Risk
41,Female,Rural,Mashonaland Central,None,Informal,2,1,1,0,0,2,Medium,33.8,1,0,0,30,62.0,70.0,49.2,High Risk
24,Female,Urban,Midlands,Tertiary,Informal,4,1,1,0,1,3,Low,2.4,1,1,0,20,30.0,0.0,19.5,Low Risk
18,Male,Urban,Bulawayo,Secondary,Informal,3,1,1,0,0,2,Medium,2.1,1,1,0,30,20.0,0.0,20.5,Low Risk
57,Female,Urban,Harare,Secondary,Formal,5,1,1,1,1,4,Low,2.0,1,1,0,0,10.0,0.0,3.5,Low Risk
43,Female,Urban,Harare,Primary,Unemployed,3,1,0,0,0,1,High,13.1,0,0,0,60,36.0,65.0,52.6,High Risk
33,Male,Rural,Matabeleland South,Secondary,Informal,5,1,1,0,0,2,Medium,36.2,1,0,1,30,32.0,70.0,38.7,Moderate Risk
30,Male,Urban,Harare,Secondary,Formal,5,1,1,1,1,4,Low,0.1,1,1,0,0,0.0,0.0,0.0,Low Risk
58,Male,Urban,Harare,Secondary,Informal,4,1,0,0,1,2,Medium,1.0,1,1,1,50,12.0,0.0,26.7,Moderate Risk
46,Female,Rural,Mashonaland Central,Secondary,Informal,2,1,0,0,1,2,Medium,23.5,1,0,1,50,50.0,70.0,54.0,High Risk
54,Male,Urban,Masvingo,Secondary,Informal,4,0,1,0,1,2,Medium,1.9,1,1,0,60,12.0,20.0,35.2,Moderate Risk
29,Female,Rural,Matabeleland North,Secondary,Informal,2,1,1,0,0,2,Medium,7.5,0,0,1,30,50.0,75.0,46.0,High Risk
38,Female,Rural,Mashonaland West,Secondary,Formal,4,1,1,1,1,4,Low,30.4,0,0,0,0,30.0,80.0,26.5,Moderate Risk
43,Male,Rural,Mashonaland Central,Secondary,Informal,2,1,0,0,0,1,High,37.4,0,1,1,60,40.0,80.0,57.0,High Risk
30,Female,Rural,Mashonaland West,Primary,Unemployed,1,1,1,1,0,3,Low,22.5,1,0,1,10,71.0,50.0,39.35,Moderate Risk
36,Female,Urban,Mashonaland East,Tertiary,Formal,5,1,1,0,1,3,Low,2.8,1,0,0,20,10.0,20.0,16.5,Low Risk
29,Male,Rural,Manicaland,Primary,Unemployed,2,1,1,0,0,2,Medium,2.9,1,0,0,30,54.0,20.0,36.4,Moderate Risk
43,Female,Urban,Midlands,Secondary,Informal,3,1,1,1,0,3,Low,3.6,1,1,0,10,22.0,0.0,12.2,Low Risk
19,Female,Urban,Mashonaland West,Secondary,Unemployed,3,0,1,0,0,1,High,3.3,1,1,0,70,38.0,0.0,44.8,Moderate Risk
46,Male,Rural,Mashonaland East,Primary,Unemployed,2,0,1,0,0,1,High,4.5,1,0,1,70,54.0,20.0,54.4,High Risk
42,Female,Urban,Masvingo,Secondary,Informal,3,1,1,0,0,2,Medium,1.4,1,1,1,30,22.0,20.0,25.2,Moderate Risk
35,Female,Rural,Matabeleland North,Secondary,Informal,1,0,0,0,0,0,High,23.5,0,1,1,100,57.0,80.0,80.95,Critical Risk
44,Male,Rural,Matabeleland North,Secondary,Unemployed,1,1,1,0,0,2,Medium,2.5,1,1,1,30,55.0,20.0,36.75,Moderate Risk
32,Female,Rural,Manicaland,Tertiary,Informal,2,1,1,0,0,2,Medium,6.1,0,0,0,30,50.0,55.0,42.0,Moderate Risk
28,Female,Urban,Matabeleland North,Primary,Formal,5,1,1,1,1,4,Low,0.3,1,1,0,0,16.0,20.0,9.6,Low Risk
45,Female,Urban,Bulawayo,Secondary,Informal,3,0,1,1,1,3,Low,0.7,1,1,0,40,22.0,0.0,25.7,Moderate Risk
46,Male,Rural,Matabeleland South,None,Informal,1,1,1,0,1,3,Low,11.9,0,1,1,20,59.0,65.0,42.65,Moderate Risk
30,Male,Urban,Harare,Secondary,Informal,3,1,1,1,1,4,Low,0.8,1,1,0,0,12.0,0.0,4.2,Low Risk
29,Male,Urban,Harare,Secondary,Unemployed,3,1,1,0,0,2,Medium,3.8,1,1,1,30,20.0,0.0,20.5,Low Risk
35,Female,Rural,Midlands,Secondary,Informal,1,1,1,0,1,3,Low,59.3,1,1,0,20,57.0,30.0,34.95,Moderate Risk
30,Female,Rural,Mashonaland West,Secondary,Informal,2,1,0,1,1,3,Low,36.9,0,0,1,30,50.0,80.0,47.0,High Risk
59,Female,Rural,Manicaland,Primary,Informal,1,1,0,0,1,2,Medium,21.7,0,1,1,50,63.0,60.0,56.55,High Risk
42,Male,Urban,Mashonaland West,Secondary,Formal,5,0,1,1,1,3,Low,0.4,0,1,1,40,0.0,30.0,24.0,Low Risk
38,Female,Urban,Harare,Secondary,Formal,5,1,1,1,1,4,Low,1.8,1,1,0,0,10.0,0.0,3.5,Low Risk
24,Female,Rural,Midlands,Primary,Informal,1,1,1,0,0,2,Medium,51.6,1,1,0,30,71.0,30.0,44.35,Moderate Risk
48,Female,Urban,Matabeleland North,Secondary,Informal,3,1,1,0,1,3,Low,7.3,1,1,0,20,22.0,25.0,21.7,Low Risk
29,Female,Urban,Harare,Secondary,Informal,4,1,1,1,0,3,Low,11.7,1,1,0,10,22.0,15.0,15.2,Low Risk
28,Female,Urban,Bulawayo,Tertiary,Informal,5,1,1,0,1,3,Low,7.1,1,1,1,20,22.0,5.0,17.7,Low Risk
48,Male,Urban,Midlands,Tertiary,Informal,3,1,1,1,1,4,Low,3.9,1,0,0,0,12.0,20.0,8.2,Low Risk
43,Female,Urban,Matabeleland South,Secondary,Formal,5,1,1,1,1,4,Low,1.2,1,1,0,0,10.0,20.0,7.5,Low Risk
18,Female,Urban,Bulawayo,Tertiary,Informal,2,1,1,0,1,3,Low,10.1,1,1,0,20,38.0,15.0,25.3,Moderate Risk
35,Female,Rural,Matabeleland North,Secondary,Informal,3,0,1,0,1,2,Medium,2.8,1,0,1,60,42.0,40.0,49.7,High Risk
39,Male,Urban,Bulawayo,Primary,Informal,3,1,1,0,0,2,Medium,1.7,1,0,0,30,18.0,20.0,23.8,Low Risk
33,Female,Rural,Mashonaland Central,Secondary,Informal,1,1,1,0,1,3,Low,31.5,1,0,0,20,57.0,70.0,42.95,Moderate Risk
40,Male,Urban,Bulawayo,Secondary,Formal,4,1,1,1,1,4,Low,13.1,1,1,0,0,0.0,15.0,3.0,Low Risk
18,Male,Rural,Mashonaland East,Secondary,Informal,3,1,0,0,0,1,High,3.5,0,0,1,60,40.0,50.0,51.0,High Risk
18,Male,Urban,Harare,Tertiary,Informal,2,0,1,0,0,1,High,1.1,1,0,1,70,28.0,20.0,45.3,High Risk
24,Male,Urban,Harare,Tertiary,Formal,5,1,1,1,1,4,Low,0.9,1,1,0,0,8.0,0.0,2.8,Low Risk
41,Male,Urban,Mashonaland West,Tertiary,Informal,3,1,1,1,1,4,Low,6.4,1,1,0,0,12.0,5.0,5.2,Low Risk
18,Female,Urban,Harare,Tertiary,Formal,5,0,1,1,1,3,Low,5.6,1,1,0,40,18.0,5.0,25.3,Moderate Risk
26,Female,Urban,Harare,Secondary,Unemployed,2,1,1,0,0,2,Medium,0.8,1,1,0,30,38.0,0.0,26.8,Moderate Risk
18,Male,Rural,Harare,Tertiary,Informal,1,0,1,1,1,3,Low,5.4,1,0,1,40,55.0,25.0,42.25,Moderate Risk
34,Female,Rural,Mashonaland Central,Secondary,Formal,3,1,1,1,1,4,Low,12.6,1,1,1,0,30.0,35.0,17.5,Low Risk
65,Female,Urban,Midlands,Tertiary,Formal,5,1,1,1,1,4,Low,6.8,1,1,0,0,18.0,5.0,7.3,Low Risk
34,Female,Urban,Harare,Tertiary,Unemployed,3,0,1,0,0,1,High,1.2,1,0,1,70,30.0,20.0,46.0,High Risk
36,Male,Rural,Mashonaland Central,Primary,Informal,2,1,1,0,1,3,Low,3.8,0,0,1,20,46.0,70.0,39.1,Moderate Risk
49,Male,Rural,Midlands,Primary,Unemployed,1,1,1,0,0,2,Medium,1.3,0,0,1,30,61.0,50.0,44.85,Moderate Risk
38,Female,Urban,Harare,Tertiary,Unemployed,4,1,1,1,0,3,Low,5.9,1,1,0,10,30.0,5.0,16.0,Low Risk
34,Female,Rural,Mashonaland West,Tertiary,Informal,3,1,1,0,1,3,Low,11.5,0,0,1,20,42.0,65.0,36.7,Moderate Risk
50,Female,Urban,Mashonaland East,Tertiary,Informal,3,1,1,0,1,3,Low,0.2,1,1,0,20,22.0,0.0,16.7,Low Risk
44,Male,Rural,Matabeleland South,Secondary,Informal,1,1,0,0,0,1,High,4.2,1,0,1,60,47.0,40.0,51.45,High Risk
42,Female,Urban,Harare,Secondary,Unemployed,4,1,1,0,0,2,Medium,2.7,1,1,0,30,30.0,0.0,24.0,Low Risk
36,Female,Urban,Manicaland,Secondary,Informal,3,1,1,1,1,4,Low,0.8,1,1,0,0,22.0,0.0,7.7,Low Risk
33,Female,Urban,Bulawayo,Secondary,Unemployed,3,1,1,0,0,2,Medium,6.8,1,1,1,30,30.0,5.0,25.0,Low Risk
50,Female,Rural,Matabeleland North,Secondary,Informal,2,1,0,0,1,2,Medium,1.0,1,0,1,50,50.0,40.0,48.0,High Risk
33,Female,Urban,Harare,Secondary,Unemployed,2,1,1,0,0,2,Medium,4.6,1,1,0,30,38.0,0.0,26.8,Moderate Risk
55,Female,Rural,Matabeleland South,Primary,Formal,4,1,0,1,1,3,Low,1.0,0,1,1,30,36.0,50.0,36.1,Moderate Risk
23,Female,Rural,Masvingo,Secondary,Informal,3,1,1,1,1,4,Low,33.9,1,1,1,0,50.0,50.0,27.5,Moderate Risk
58,Female,Rural,Matabeleland North,Tertiary,Formal,5,1,1,1,1,4,Low,12.5,1,0,0,0,30.0,55.0,21.5,Low Risk
44,Female,Urban,Matabeleland South,Secondary,Unemployed,3,0,1,0,0,1,High,1.9,0,0,0,70,30.0,70.0,56.0,High Risk
24,Male,Urban,Mashonaland West,Secondary,Formal,5,1,1,0,1,3,Low,5.1,0,1,0,20,8.0,35.0,18.8,Low Risk
45,Female,Urban,Mashonaland East,Secondary,Informal,2,1,1,1,1,4,Low,1.6,1,1,0,0,30.0,0.0,10.5,Low Risk
28,Female,Rural,Mashonaland East,Secondary,Formal,3,1,0,0,1,2,Medium,20.9,0,0,1,50,30.0,80.0,49.0,High Risk
38,Male,Rural,Manicaland,Primary,Informal,1,1,1,0,0,2,Medium,5.1,0,0,1,30,53.0,55.0,43.05,Moderate Risk
31,Male,Urban,Bulawayo,Tertiary,Formal,5,1,1,0,1,3,Low,12.6,1,1,0,20,0.0,15.0,12.0,Low Risk
36,Female,Rural,Manicaland,Primary,Unemployed,2,1,1,1,0,3,Low,4.9,0,0,1,10,64.0,50.0,36.9,Moderate Risk
51,Female,Urban,Manicaland,Secondary,Formal,4,1,1,1,1,4,Low,2.6,1,1,0,0,10.0,0.0,3.5,Low Risk
45,Male,Urban,Manicaland,Secondary,Informal,3,1,1,0,1,3,Low,1.1,0,0,1,20,12.0,50.0,23.2,Low Risk
22,Male,Urban,Bulawayo,Secondary,Informal,2,1,1,0,1,3,Low,3.3,1,1,0,20,28.0,0.0,18.8,Low Risk
23,Male,Rural,Mashonaland Central,Secondary,Unemployed,1,1,0,0,0,1,High,1.5,0,0,0,60,63.0,70.0,63.05,High Risk
41,Female,Urban,Masvingo,Secondary,Informal,4,1,1,0,0,2,Medium,2.0,1,1,0,30,22.0,20.0,25.2,Moderate Risk
42,Female,Urban,Bulawayo,Primary,Informal,4,1,1,0,1,3,Low,0.7,1,1,0,20,28.0,0.0,18.8,Low Risk
28,Female,Rural,Masvingo,Primary,Informal,2,1,0,0,0,1,High,56.0,1,0,0,60,56.0,70.0,60.6,High Risk
60,Male,Urban,Bulawayo,Tertiary,Formal,5,1,1,1,1,4,Low,1.1,1,1,0,0,0.0,0.0,0.0,Low Risk
49,Female,Urban,Harare,Tertiary,Informal,4,1,1,0,1,3,Low,1.0,1,1,0,20,22.0,0.0,16.7,Low Risk
29,Female,Urban,Mashonaland Central,Primary,Unemployed,3,1,1,0,0,2,Medium,0.7,1,0,0,30,36.0,40.0,34.1,Moderate Risk
27,Female,Urban,Harare,Primary,Formal,5,1,0,0,1,2,Medium,1.2,1,1,0,50,16.0,0.0,28.1,Moderate Risk
34,Male,Urban,Bulawayo,Tertiary,Formal,4,1,1,1,1,4,Low,5.7,1,1,0,0,0.0,5.0,1.0,Low Risk
33,Male,Urban,Harare,Primary,Informal,4,1,1,0,1,3,Low,11.9,1,1,1,20,18.0,15.0,18.3,Low Risk
55,Female,Rural,Mashonaland Central,Tertiary,Unemployed,2,1,0,0,0,1,High,10.7,0,0,1,60,58.0,85.0,64.3,High Risk
51,Male,Urban,Harare,Tertiary,Formal,5,1,1,1,1,4,Low,7.5,0,1,0,0,0.0,35.0,7.0,Low Risk
38,Female,Rural,Harare,Primary,Unemployed,1,0,1,0,0,1,High,26.1,0,0,1,70,71.0,80.0,72.35,Critical Risk
47,Female,Urban,Masvingo,Primary,Informal,4,1,1,1,0,3,Low,0.2,1,1,0,10,28.0,20.0,18.3,Low Risk
49,Male,Urban,Mashonaland East,Tertiary,Informal,4,1,1,0,1,3,Low,2.0,0,1,0,20,12.0,30.0,19.2,Low Risk
38,Male,Urban,Harare,Secondary,Unemployed,2,1,1,1,0,3,Low,3.7,1,0,0,10,28.0,20.0,18.3,Low Risk
43,Female,Urban,Harare,Secondary,Formal,5,1,1,1,1,4,Low,1.5,1,1,0,0,10.0,0.0,3.5,Low Risk
46,Female,Urban,Mashonaland East,Secondary,Informal,4,1,1,0,0,2,Medium,1.7,1,1,0,30,22.0,0.0,21.2,Low Risk
44,Female,Urban,Harare,Secondary,Unemployed,3,1,1,1,0,3,Low,1.1,1,1,0,10,30.0,0.0,15.0,Low Risk
27,Male,Rural,Mashonaland West,Secondary,Informal,1,0,1,0,1,2,Medium,5.0,1,1,0,60,47.0,0.0,43.45,Moderate Risk
28,Female,Rural,Manicaland,Secondary,Formal,4,0,1,1,1,3,Low,64.6,1,1,1,40,30.0,30.0,34.5,Moderate Risk
33,Male,Urban,Bulawayo,Primary,Unemployed,3,1,1,1,0,3,Low,12.4,1,1,0,10,26.0,15.0,16.6,Low Risk
28,Female,Rural,Midlands,Secondary,Informal,2,1,0,1,1,3,Low,21.4,1,1,1,30,50.0,30.0,37.0,Moderate Risk
18,Female,Rural,Mashonaland Central,Secondary,Unemployed,1,1,0,0,0,1,High,22.0,1,0,1,60,73.0,70.0,66.55,Critical Risk
47,Male,Rural,Midlands,Primary,Unemployed,2,1,0,0,0,1,High,5.5,1,0,1,60,54.0,25.0,50.9,High Risk
42,Female,Urban,Masvingo,Tertiary,Informal,2,1,1,0,1,3,Low,0.3,1,1,0,20,30.0,20.0,23.5,Low Risk
19,Female,Urban,Midlands,Secondary,Informal,4,1,1,1,0,3,Low,3.6,1,1,0,10,30.0,0.0,15.0,Low Risk
34,Male,Urban,Mashonaland Central,None,Informal,3,1,1,0,1,3,Low,2.6,1,0,1,20,24.0,40.0,25.4,Moderate Risk
35,Female,Urban,Mashonaland West,Tertiary,Formal,5,1,1,1,1,4,Low,2.8,1,1,0,0,10.0,0.0,3.5,Low Risk
40,Female,Urban,Bulawayo,Secondary,Informal,3,1,1,1,0,3,Low,1.4,1,0,0,10,22.0,20.0,16.2,Low Risk
22,Female,Rural,Midlands,Primary,Unemployed,1,1,0,0,0,1,High,39.2,1,0,1,60,79.0,50.0,64.65,High Risk
19,Male,Rural,Manicaland,None,Unemployed,1,1,0,0,0,1,High,56.0,0,0,1,60,75.0,80.0,69.25,Critical Risk
45,Female,Urban,Mashonaland Central,Secondary,Unemployed,3,1,1,0,0,2,Medium,1.1,0,0,0,30,30.0,70.0,38.0,Moderate Risk
18,Male,Urban,Bulawayo,Secondary,Unemployed,4,1,1,1,0,3,Low,15.5,1,1,0,10,28.0,15.0,17.3,Low Risk
34,Female,Urban,Harare,Secondary,Formal,4,1,1,1,1,4,Low,1.9,1,0,0,0,10.0,20.0,7.5,Low Risk
33,Female,Urban,Harare,Tertiary,Informal,3,1,1,1,1,4,Low,0.8,1,1,0,0,22.0,0.0,7.7,Low Risk
36,Male,Rural,Mashonaland Central,Secondary,Informal,3,1,1,0,1,3,Low,43.4,1,1,0,20,32.0,50.0,30.2,Moderate Risk
41,Male,Urban,Harare,Primary,Informal,3,1,0,0,0,1,High,1.6,1,1,0,60,18.0,0.0,33.3,Moderate Risk
60,Female,Rural,Mashonaland Central,Secondary,Unemployed,1,1,0,0,0,1,High,21.9,1,1,1,60,65.0,50.0,59.75,High Risk
18,Male,Rural,Mashonaland East,Secondary,Unemployed,1,0,0,0,0,0,High,1.5,0,0,1,100,63.0,50.0,77.05,Critical Risk
50,Female,Rural,Mashonaland East,Secondary,Unemployed,2,0,0,0,0,0,High,26.5,0,0,1,100,58.0,80.0,81.3,Critical Risk
18,Female,Rural,Masvingo,Tertiary,Informal,3,1,1,0,1,3,Low,3.1,1,1,0,20,50.0,20.0,30.5,Moderate Risk
57,Female,Urban,Harare,Secondary,Informal,3,0,1,1,0,2,Medium,0.8,1,1,1,50,22.0,0.0,30.2,Moderate Risk
18,Male,Urban,Harare,Primary,Informal,3,1,0,0,0,1,High,0.2,1,0,0,60,26.0,20.0,40.1,Moderate Risk
72,Male,Urban,Harare,None,Informal,2,1,1,0,1,3,Low,5.1,0,1,0,20,40.0,35.0,30.0,Moderate Risk
32,Male,Rural,Mashonaland West,Primary,Informal,2,0,1,0,0,1,High,57.1,1,0,1,70,46.0,50.0,57.6,High Risk
56,Female,Urban,Harare,Secondary,Informal,3,1,1,1,1,4,Low,1.1,1,1,0,0,22.0,0.0,7.7,Low Risk
53,Female,Rural,Midlands,None,Informal,1,1,0,0,1,2,Medium,56.1,1,0,1,50,69.0,50.0,56.65,High Risk
31,Female,Urban,Harare,Secondary,Informal,4,1,1,0,1,3,Low,3.2,1,1,0,20,22.0,0.0,16.7,Low Risk
32,Male,Urban,Harare,Tertiary,Unemployed,4,1,1,0,0,2,Medium,4.0,1,1,0,30,20.0,0.0,20.5,Low Risk
26,Male,Urban,Bulawayo,Tertiary,Formal,5,1,0,1,1,3,Low,0.9,1,1,0,30,0.0,0.0,13.5,Low Risk
49,Male,Rural,Midlands,Secondary,Informal,1,1,1,0,0,2,Medium,3.7,0,1,0,30,47.0,30.0,35.95,Moderate Risk
32,Female,Urban,Bulawayo,Secondary,Unemployed,3,1,1,1,0,3,Low,12.0,1,1,0,10,30.0,15.0,18.0,Low Risk
26,Male,Urban,Harare,Tertiary,Unemployed,3,1,1,0,0,2,Medium,0.9,1,1,0,30,20.0,0.0,20.5,Low Risk
45,Male,Urban,Bulawayo,Secondary,Formal,5,1,1,1,1,4,Low,6.7,1,1,0,0,0.0,5.0,1.0,Low Risk
25,Female,Rural,Mashonaland West,Secondary,Informal,1,1,0,1,0,2,Medium,29.7,1,0,0,40,57.0,50.0,47.95,High Risk
33,Female,Rural,Mashonaland West,Primary,Informal,1,1,0,0,1,2,Medium,1.2,0,0,1,50,63.0,50.0,54.55,High Risk
39,Male,Urban,Midlands,Primary,Informal,3,1,1,0,0,2,Medium,2.1,1,0,0,30,18.0,20.0,23.8,Low Risk
29,Female,Rural,Midlands,Secondary,Informal,1,1,1,0,1,3,Low,12.1,0,1,0,20,57.0,45.0,37.95,Moderate Risk
31,Male,Urban,Bulawayo,Secondary,Informal,3,1,1,0,0,2,Medium,6.1,1,1,0,30,12.0,5.0,18.7,Low Risk
59,Male,Rural,Manicaland,None,Informal,2,1,0,0,0,1,High,39.0,1,0,1,60,52.0,50.0,55.2,High Risk
35,Male,Urban,Bulawayo,Secondary,Informal,5,1,1,1,0,3,Low,4.6,1,1,0,10,12.0,0.0,8.7,Low Risk
32,Male,Urban,Matabeleland South,Tertiary,Formal,5,1,1,0,1,3,Low,2.2,1,1,0,20,0.0,20.0,13.0,Low Risk
35,Female,Rural,Midlands,Primary,Formal,2,1,1,1,0,3,Low,118.9,0,1,0,10,44.0,60.0,31.9,Moderate Risk
44,Female,Urban,Harare,Secondary,Informal,4,1,1,0,0,2,Medium,16.6,1,0,0,30,22.0,35.0,28.2,Moderate Risk
23,Female,Urban,Harare,Secondary,Formal,3,1,1,1,1,4,Low,3.2,1,0,0,0,18.0,20.0,10.3,Low Risk
43,Male,Rural,Mashonaland Central,Primary,Informal,1,1,1,0,0,2,Medium,3.8,1,1,0,30,53.0,20.0,36.05,Moderate Risk
41,Female,Rural,Matabeleland South,Secondary,Informal,2,1,1,1,1,4,Low,8.4,0,1,0,0,50.0,55.0,28.5,Moderate Risk
18,Female,Urban,Bulawayo,Primary,Informal,2,1,0,1,0,2,Medium,0.8,1,0,1,40,44.0,20.0,37.4,Moderate Risk
63,Male,Rural,Mashonaland East,Primary,Informal,1,1,1,0,0,2,Medium,3.8,0,0,0,30,53.0,50.0,42.05,Moderate Risk
58,Female,Rural,Mashonaland East,Tertiary,Unemployed,1,1,0,1,0,2,Medium,25.6,1,0,1,40,65.0,50.0,50.75,High Risk
26,Female,Urban,Harare,Secondary,Informal,3,1,1,0,1,3,Low,3.1,1,1,0,20,22.0,0.0,16.7,Low Risk
22,Female,Rural,Midlands,Secondary,Informal,3,0,0,0,1,1,High,7.2,1,1,1,90,50.0,5.0,59.0,High Risk
41,Male,Urban,Harare,Secondary,Formal,5,0,1,1,1,3,Low,7.7,1,1,0,40,0.0,5.0,19.0,Low Risk
18,Female,Rural,Mashonaland Central,Primary,Unemployed,1,1,1,0,0,2,Medium,42.5,0,0,0,30,79.0,100.0,61.15,High Risk
57,Female,Urban,Manicaland,Secondary,Formal,4,1,1,1,1,4,Low,3.9,1,1,0,0,10.0,0.0,3.5,Low Risk
31,Female,Urban,Bulawayo,Secondary,Formal,4,1,1,1,1,4,Low,0.9,0,1,0,0,10.0,30.0,9.5,Low Risk
60,Female,Urban,Manicaland,Secondary,Formal,4,1,1,1,1,4,Low,1.3,1,1,1,0,10.0,0.0,3.5,Low Risk
26,Male,Urban,Mashonaland West,Secondary,Informal,4,1,1,0,1,3,Low,2.4,1,1,0,20,12.0,0.0,13.2,Low Risk
36,Female,Rural,Manicaland,Secondary,Informal,1,1,1,1,1,4,Low,42.7,1,0,1,0,57.0,50.0,29.95,Moderate Risk
55,Female,Rural,Harare,None,Informal,1,0,0,0,1,1,High,10.7,1,1,1,90,69.0,15.0,67.65,Critical Risk
33,Female,Urban,Harare,Primary,Formal,5,1,1,1,1,4,Low,1.0,1,1,1,0,16.0,0.0,5.6,Low Risk
41,Male,Urban,Manicaland,Secondary,Informal,4,1,1,1,1,4,Low,1.9,1,1,0,0,12.0,0.0,4.2,Low Risk
53,Male,Urban,Matabeleland South,Secondary,Formal,5,1,1,1,1,4,Low,6.3,1,1,0,0,0.0,25.0,5.0,Low Risk
30,Male,Urban,Harare,Secondary,Informal,3,1,0,1,0,2,Medium,2.0,1,1,0,40,12.0,0.0,22.2,Low Risk
20,Male,Urban,Mashonaland East,None,Unemployed,1,0,1,0,0,1,High,12.2,0,0,1,70,55.0,65.0,63.75,High Risk
18,Female,Rural,Matabeleland North,Secondary,Informal,3,0,1,0,0,1,High,43.5,1,0,1,70,50.0,70.0,63.0,High Risk
46,Male,Rural,Midlands,Secondary,Informal,1,1,0,0,1,2,Medium,26.2,1,0,1,50,47.0,50.0,48.95,High Risk
43,Female,Urban,Bulawayo,Secondary,Informal,3,1,1,0,0,2,Medium,0.2,1,1,0,30,22.0,0.0,21.2,Low Risk
52,Female,Urban,Harare,Tertiary,Informal,5,1,1,0,1,3,Low,2.5,0,1,0,20,22.0,30.0,22.7,Low Risk
34,Female,Rural,Matabeleland South,Primary,Informal,2,1,0,0,0,1,High,5.5,1,1,1,60,56.0,25.0,51.6,High Risk
18,Male,Urban,Mashonaland East,Primary,Informal,3,1,1,0,0,2,Medium,0.4,1,1,0,30,26.0,0.0,22.6,Low Risk
18,Female,Urban,Manicaland,Secondary,Formal,5,1,1,1,1,4,Low,2.8,1,1,0,0,18.0,0.0,6.3,Low Risk
78,Female,Urban,Masvingo,Secondary,Informal,3,1,1,0,1,3,Low,1.2,1,1,0,20,30.0,20.0,23.5,Low Risk
45,Female,Urban,Harare,Tertiary,Formal,4,1,1,1,1,4,Low,3.5,1,1,0,0,10.0,0.0,3.5,Low Risk
39,Male,Urban,Bulawayo,Secondary,Formal,5,1,1,1,1,4,Low,0.9,1,1,0,0,0.0,0.0,0.0,Low Risk
41,Female,Rural,Mashonaland Central,Primary,Informal,1,0,1,0,0,1,High,6.0,0,0,1,70,63.0,75.0,68.55,Critical Risk
18,Male,Urban,Harare,Tertiary,Informal,3,1,1,0,0,2,Medium,1.7,1,1,0,30,20.0,0.0,20.5,Low Risk
26,Female,Rural,Mashonaland Central,Primary,Informal,1,1,1,1,1,4,Low,46.5,1,0,1,0,63.0,70.0,36.05,Moderate Risk
62,Male,Urban,Harare,Secondary,Informal,3,1,1,1,1,4,Low,8.8,1,1,0,0,12.0,5.0,5.2,Low Risk
47,Male,Rural,Manicaland,Primary,Informal,1,1,0,0,1,2,Medium,14.7,0,1,0,50,53.0,45.0,50.05,High Risk
27,Female,Urban,Bulawayo,Tertiary,Unemployed,3,1,1,1,0,3,Low,3.0,1,1,0,10,30.0,0.0,15.0,Low Risk
20,Male,Urban,Masvingo,Secondary,Informal,3,1,1,0,1,3,Low,1.1,1,1,1,20,20.0,20.0,20.0,Low Risk
30,Female,Urban,Harare,Tertiary,Informal,4,1,1,0,1,3,Low,2.5,1,1,0,20,22.0,0.0,16.7,Low Risk
33,Female,Urban,Harare,Secondary,Formal,5,1,1,1,1,4,Low,6.9,1,1,0,0,10.0,5.0,4.5,Low Risk
66,Male,Urban,Harare,Tertiary,Informal,4,0,1,0,1,2,Medium,3.7,1,1,0,60,20.0,0.0,34.0,Moderate Risk
35,Male,Rural,Mashonaland West,Tertiary,Informal,2,0,1,0,1,2,Medium,12.6,0,1,1,60,40.0,45.0,50.0,High Risk
21,Male,Urban,Harare,Tertiary,Unemployed,4,1,1,1,0,3,Low,1.6,0,1,0,10,28.0,30.0,20.3,Low Risk
37,Female,Urban,Bulawayo,Primary,Unemployed,2,1,1,0,0,2,Medium,0.1,0,0,0,30,44.0,50.0,38.9,Moderate Risk
41,Female,Urban,Matabeleland North,Secondary,Formal,5,1,1,1,1,4,Low,0.3,0,1,0,0,10.0,50.0,13.5,Low Risk
20,Male,Rural,Mashonaland West,Secondary,Unemployed,1,1,1,1,0,3,Low,98.6,0,1,1,10,63.0,60.0,38.55,Moderate Risk
43,Female,Rural,Matabeleland North,Secondary,Informal,1,1,0,0,1,2,Medium,19.5,1,0,1,50,57.0,55.0,53.45,High Risk
54,Male,Rural,Matabeleland North,Secondary,Informal,3,1,0,0,0,1,High,21.1,1,1,1,60,32.0,50.0,48.2,High Risk
39,Female,Rural,Mashonaland Central,Secondary,Informal,2,1,0,0,0,1,High,12.2,0,0,1,60,50.0,85.0,61.5,High Risk
26,Female,Rural,Mashonaland East,Primary,Informal,3,0,1,0,1,2,Medium,7.1,0,0,1,60,48.0,55.0,54.8,High Risk
30,Male,Rural,Manicaland,Primary,Unemployed,1,1,1,0,0,2,Medium,9.9,1,0,0,30,61.0,25.0,39.85,Moderate Risk
18,Female,Urban,Harare,Secondary,Formal,5,1,1,0,1,3,Low,1.3,1,0,0,20,18.0,20.0,19.3,Low Risk
36,Male,Rural,Midlands,Secondary,Informal,2,1,0,0,0,1,High,29.4,0,0,1,60,40.0,80.0,57.0,High Risk
42,Female,Rural,Mashonaland West,Secondary,Formal,5,1,1,1,1,4,Low,118.9,1,0,1,0,30.0,50.0,20.5,Low Risk
25,Female,Urban,Bulawayo,Primary,Informal,2,1,1,1,1,4,Low,6.4,1,1,0,0,36.0,5.0,13.6,Low Risk
65,Female,Rural,Mashonaland Central,Secondary,Informal,2,0,1,0,1,2,Medium,20.6,1,0,1,60,58.0,70.0,61.3,High Risk
49,Female,Urban,Harare,Primary,Informal,4,1,1,0,0,2,Medium,5.0,1,1,0,30,28.0,0.0,23.3,Low Risk
18,Female,Urban,Matabeleland South,Secondary,Unemployed,4,1,0,0,0,1,High,1.5,1,1,0,60,38.0,20.0,44.3,Moderate Risk
18,Male,Urban,Harare,Secondary,Informal,4,1,1,0,0,2,Medium,0.5,1,1,0,30,20.0,0.0,20.5,Low Risk
24,Female,Rural,Matabeleland North,Secondary,Informal,1,1,1,0,0,2,Medium,60.9,1,0,0,30,65.0,70.0,50.25,High Risk
60,Male,Rural,Manicaland,Primary,Unemployed,1,0,0,0,0,0,High,1.0,1,0,1,100,61.0,20.0,70.35,Critical Risk
50,Female,Urban,Harare,Tertiary,Informal,3,0,1,0,1,2,Medium,1.2,1,1,0,60,22.0,0.0,34.7,Moderate Risk
60,Male,Urban,Harare,Tertiary,Informal,4,1,1,0,1,3,Low,4.8,1,1,0,20,12.0,0.0,13.2,Low Risk
38,Female,Urban,Matabeleland North,Secondary,Unemployed,3,1,1,0,0,2,Medium,1.7,1,1,0,30,30.0,20.0,28.0,Moderate Risk
35,Female,Urban,Harare,Tertiary,Informal,5,1,1,0,1,3,Low,4.0,1,1,0,20,22.0,0.0,16.7,Low Risk
20,Male,Rural,Matabeleland North,Primary,Unemployed,1,0,1,0,0,1,High,18.2,1,0,0,70,69.0,55.0,66.65,Critical Risk
42,Female,Urban,Harare,Secondary,Informal,3,0,1,1,0,2,Medium,0.2,1,0,0,50,22.0,20.0,34.2,Moderate Risk
35,Female,Urban,Bulawayo,Primary,Informal,1,1,1,0,1,3,Low,4.4,1,1,0,20,43.0,0.0,24.05,Low Risk
34,Male,Urban,Bulawayo,Tertiary,Informal,5,0,1,0,0,1,High,0.9,1,1,0,70,12.0,0.0,35.7,Moderate Risk
60,Female,Rural,Masvingo,Primary,Informal,1,0,1,0,0,1,High,27.3,1,0,1,70,63.0,70.0,67.55,Critical Risk
36,Female,Urban,Harare,Tertiary,Informal,4,1,1,0,0,2,Medium,5.2,1,1,0,30,22.0,5.0,22.2,Low Risk
56,Female,Rural,Mashonaland Central,Secondary,Informal,4,1,1,0,1,3,Low,6.8,1,1,1,20,42.0,25.0,28.7,Moderate Risk
18,Male,Urban,Masvingo,Tertiary,Formal,5,0,1,1,1,3,Low,0.2,1,1,0,40,8.0,20.0,24.8,Low Risk
75,Female,Urban,Bulawayo,Secondary,Informal,3,1,1,0,1,3,Low,4.2,1,1,0,20,30.0,0.0,19.5,Low Risk
32,Male,Rural,Mashonaland Central,Secondary,Informal,2,1,0,0,1,2,Medium,1.0,1,0,0,50,40.0,40.0,44.5,Moderate Risk
47,Female,Urban,Harare,Secondary,Informal,2,0,1,1,0,2,Medium,1.7,1,0,0,50,30.0,20.0,37.0,Moderate Risk
50,Male,Rural,Manicaland,Secondary,Informal,1,0,0,0,1,1,High,2.6,1,0,1,90,47.0,20.0,60.95,High Risk
31,Male,Urban,Bulawayo,Tertiary,Formal,5,1,1,1,1,4,Low,0.9,1,1,0,0,0.0,0.0,0.0,Low Risk
49,Male,Rural,Mashonaland West,Primary,Unemployed,1,1,1,0,0,2,Medium,9.3,0,1,0,30,61.0,35.0,41.85,Moderate Risk
50,Male,Rural,Manicaland,Secondary,Informal,2,0,0,0,0,0,High,1.6,1,1,1,100,40.0,0.0,59.0,High Risk
28,Female,Rural,Mashonaland West,Secondary,Unemployed,1,1,1,0,0,2,Medium,45.3,0,0,1,30,65.0,80.0,52.25,High Risk
28,Female,Urban,Bulawayo,Tertiary,Formal,5,1,1,1,1,4,Low,4.5,1,1,0,0,10.0,0.0,3.5,Low Risk
38,Female,Rural,Midlands,Primary,Informal,1,0,0,0,0,0,High,14.8,1,0,1,100,63.0,35.0,74.05,Critical Risk
36,Female,Rural,Matabeleland North,None,Formal,3,1,1,0,1,3,Low,3.9,1,0,0,20,42.0,40.0,31.7,Moderate Risk
57,Male,Urban,Bulawayo,Primary,Formal,5,1,1,0,1,3,Low,1.3,1,1,0,20,6.0,0.0,11.1,Low Risk
47,Male,Urban,Mashonaland Central,Secondary,Formal,5,1,1,0,1,3,Low,1.9,0,1,0,20,0.0,50.0,19.0,Low Risk
37,Female,Rural,Mashonaland East,Primary,Informal,1,0,0,0,0,0,High,17.5,0,0,1,100,63.0,65.0,80.05,Critical Risk
46,Female,Urban,Bulawayo,Tertiary,Formal,5,1,1,1,1,4,Low,0.1,1,1,0,0,10.0,0.0,3.5,Low Risk
18,Female,Rural,Harare,Tertiary,Unemployed,2,1,1,0,0,2,Medium,10.7,0,1,1,30,66.0,45.0,45.6,High Risk
29,Male,Rural,Manicaland,None,Informal,2,0,0,0,1,1,High,2.3,1,0,1,90,52.0,20.0,62.7,High Risk
42,Female,Urban,Bulawayo,Tertiary,Formal,5,1,1,0,1,3,Low,0.2,1,1,0,20,10.0,0.0,12.5,Low Risk
53,Male,Rural,Mashonaland Central,Primary,Unemployed,2,1,1,0,0,2,Medium,6.8,1,1,0,30,54.0,25.0,37.4,Moderate Risk
40,Female,Rural,Matabeleland North,Primary,Informal,3,1,1,0,1,3,Low,150.0,0,0,0,20,48.0,100.0,45.8,High Risk
58,Male,Urban,Bulawayo,Secondary,Formal,4,1,1,1,0,3,Low,3.7,0,1,0,10,0.0,30.0,10.5,Low Risk
50,Female,Rural,Manicaland,Secondary,Informal,2,1,0,0,0,1,High,3.4,1,0,1,60,50.0,20.0,48.5,High Risk
31,Male,Urban,Harare,Tertiary,Informal,3,0,1,0,1,2,Medium,10.7,1,0,0,60,12.0,35.0,38.2,Moderate Risk
36,Female,Urban,Bulawayo,Primary,Informal,1,1,1,1,0,3,Low,3.4,1,0,0,10,43.0,20.0,23.55,Low Risk
43,Male,Rural,Matabeleland North,Primary,Unemployed,2,1,1,0,0,2,Medium,74.6,0,0,1,30,54.0,100.0,52.4,High Risk
31,Female,Urban,Mashonaland East,Secondary,Formal,5,1,1,1,1,4,Low,0.3,1,1,0,0,10.0,0.0,3.5,Low Risk
59,Male,Rural,Mashonaland East,Secondary,Informal,2,1,0,0,0,1,High,29.8,1,0,1,60,40.0,50.0,51.0,High Risk
22,Female,Urban,Mashonaland West,Primary,Unemployed,1,1,1,0,0,2,Medium,0.8,1,1,1,30,59.0,0.0,34.15,Moderate Risk
42,Male,Urban,Harare,Tertiary,Informal,4,1,1,0,1,3,Low,3.8,1,1,0,20,12.0,0.0,13.2,Low Risk
48,Male,Urban,Harare,Tertiary,Unemployed,2,1,0,0,0,1,High,6.2,1,1,1,60,28.0,5.0,37.8,Moderate Risk
33,Female,Rural,Masvingo,Secondary,Unemployed,1,0,0,0,0,0,High,7.1,1,0,0,100,65.0,45.0,76.75,Critical Risk
30,Male,Rural,Mashonaland Central,Secondary,Informal,1,1,1,0,0,2,Medium,66.7,0,1,1,30,47.0,80.0,45.95,High Risk
36,Male,Rural,Manicaland,Secondary,Informal,3,1,0,0,0,1,High,5.4,0,0,1,60,32.0,55.0,49.2,High Risk
49,Female,Rural,Mashonaland Central,Secondary,Informal,2,1,1,0,1,3,Low,7.7,1,0,1,20,50.0,45.0,35.5,Moderate Risk
31,Female,Rural,Matabeleland South,Secondary,Informal,2,1,0,0,1,2,Medium,53.2,1,1,1,50,50.0,50.0,50.0,High Risk
23,Female,Rural,Midlands,Secondary,Informal,2,1,1,0,0,2,Medium,21.4,1,0,0,30,58.0,50.0,43.8,Moderate Risk
54,Male,Urban,Midlands,Secondary,Formal,5,1,1,1,1,4,Low,7.0,1,1,0,0,0.0,5.0,1.0,Low Risk
43,Female,Rural,Mashonaland East,Primary,Informal,2,0,1,0,0,1,High,14.1,0,1,1,70,56.0,45.0,60.1,High Risk
52,Female,Rural,Mashonaland West,Secondary,Informal,2,1,0,0,1,2,Medium,35.7,0,0,1,50,50.0,80.0,56.0,High Risk
48,Male,Rural,Matabeleland South,Primary,Unemployed,1,1,1,0,0,2,Medium,8.1,1,1,0,30,61.0,25.0,39.85,Moderate Risk
68,Female,Urban,Harare,Secondary,Formal,5,1,1,1,1,4,Low,1.4,0,1,0,0,18.0,30.0,12.3,Low Risk
53,Male,Urban,Harare,Secondary,Informal,4,1,1,0,1,3,Low,0.9,1,1,0,20,12.0,0.0,13.2,Low Risk
27,Female,Rural,Mashonaland Central,Primary,Informal,2,1,1,0,1,3,Low,15.1,0,0,1,20,56.0,85.0,45.6,High Risk
44,Female,Urban,Bulawayo,Secondary,Informal,3,1,1,0,0,2,Medium,3.0,1,0,0,30,22.0,20.0,25.2,Moderate Risk
30,Female,Urban,Bulawayo,Secondary,Formal,5,1,1,0,1,3,Low,5.1,1,1,0,20,10.0,5.0,13.5,Low Risk
31,Male,Rural,Mashonaland East,Secondary,Informal,2,1,1,0,0,2,Medium,8.1,0,0,1,30,40.0,55.0,38.5,Moderate Risk
18,Male,Urban,Harare,Secondary,Informal,3,1,1,0,0,2,Medium,3.2,0,1,0,30,20.0,30.0,26.5,Moderate Risk
33,Male,Urban,Manicaland,Secondary,Formal,4,1,1,1,0,3,Low,2.9,0,0,0,10,0.0,50.0,14.5,Low Risk
45,Female,Urban,Bulawayo,Tertiary,Informal,5,1,1,0,0,2,Medium,3.2,1,0,0,30,22.0,20.0,25.2,Moderate Risk
37,Female,Urban,Harare,Tertiary,Formal,5,1,1,1,0,3,Low,1.3,0,1,0,10,10.0,30.0,14.0,Low Risk
22,Female,Rural,Mashonaland East,None,Informal,1,1,0,0,1,2,Medium,55.8,1,0,1,50,77.0,50.0,59.45,High Risk
18,Male,Rural,Midlands,Secondary,Unemployed,2,1,1,0,0,2,Medium,3.5,0,0,0,30,56.0,50.0,43.1,Moderate Risk
67,Female,Rural,Masvingo,Primary,Formal,5,1,1,0,1,3,Low,53.8,1,0,0,20,44.0,70.0,38.4,Moderate Risk
42,Male,Rural,Masvingo,Secondary,Informal,1,1,1,0,1,3,Low,6.4,1,0,0,20,47.0,45.0,34.45,Moderate Risk
26,Male,Rural,Masvingo,Secondary,Unemployed,1,0,0,0,0,0,High,27.4,0,0,0,100,55.0,100.0,84.25,Critical Risk
44,Female,Urban,Matabeleland South,None,Formal,5,1,1,1,1,4,Low,0.3,1,1,0,0,22.0,20.0,11.7,Low Risk
68,Female,Rural,Mashonaland East,Secondary,Informal,2,1,0,0,1,2,Medium,17.6,1,0,1,50,58.0,35.0,49.8,High Risk
46,Female,Urban,Harare,Secondary,Informal,3,1,1,0,1,3,Low,6.4,1,1,0,20,22.0,5.0,17.7,Low Risk
18,Female,Urban,Harare,Secondary,Informal,3,1,1,1,1,4,Low,3.1,1,1,0,0,30.0,0.0,10.5,Low Risk
75,Male,Rural,Matabeleland South,None,Informal,1,1,1,0,1,3,Low,9.3,1,0,0,20,67.0,45.0,41.45,Moderate Risk
18,Female,Rural,Manicaland,Secondary,Informal,5,0,0,0,1,1,High,27.2,1,1,1,90,50.0,30.0,64.0,High Risk
35,Female,Urban,Harare,Secondary,Unemployed,2,1,1,0,0,2,Medium,2.2,1,1,0,30,38.0,0.0,26.8,Moderate Risk
22,Female,Rural,Mashonaland Central,Primary,Informal,2,0,1,0,1,2,Medium,3.5,0,0,1,60,64.0,70.0,63.4,High Risk
27,Male,Urban,Bulawayo,Tertiary,Informal,5,1,1,1,1,4,Low,3.3,0,1,1,0,12.0,30.0,10.2,Low Risk
41,Male,Urban,Bulawayo,Primary,Unemployed,4,1,1,0,0,2,Medium,0.7,1,1,0,30,26.0,0.0,22.6,Low Risk
18,Male,Urban,Harare,Secondary,Formal,5,1,1,1,1,4,Low,2.7,1,0,0,0,8.0,20.0,6.8,Low Risk
36,Male,Urban,Harare,Secondary,Unemployed,3,1,1,0,0,2,Medium,1.2,1,0,0,30,20.0,20.0,24.5,Low Risk
54,Male,Urban,Mashonaland Central,Primary,Unemployed,2,1,1,1,0,3,Low,1.2,1,0,0,10,34.0,40.0,24.4,Low Risk
26,Female,Urban,Harare,Secondary,Unemployed,1,1,1,0,0,2,Medium,1.3,1,1,0,30,45.0,0.0,29.25,Moderate Risk
18,Female,Urban,Manicaland,Primary,Formal,5,1,1,1,1,4,Low,2.6,1,1,0,0,24.0,0.0,8.4,Low Risk
36,Male,Urban,Harare,Tertiary,Informal,4,1,1,0,0,2,Medium,4.9,1,0,1,30,12.0,20.0,21.7,Low Risk
33,Female,Rural,Midlands,Secondary,Unemployed,2,1,1,0,0,2,Medium,113.2,1,1,0,30,58.0,30.0,39.8,Moderate Risk
29,Female,Rural,Mashonaland West,None,Informal,3,1,0,0,1,2,Medium,7.0,1,1,1,50,54.0,5.0,42.4,Moderate Risk
21,Female,Rural,Matabeleland North,None,Informal,2,1,1,1,1,4,Low,6.9,0,0,1,0,70.0,75.0,39.5,Moderate Risk
45,Female,Urban,Harare,Tertiary,Formal,5,1,1,1,1,4,Low,1.2,1,1,0,0,10.0,0.0,3.5,Low Risk
46,Female,Rural,Mashonaland Central,Primary,Informal,1,0,1,0,0,1,High,8.6,1,0,1,70,63.0,45.0,62.55,High Risk
23,Male,Rural,Matabeleland North,Primary,Unemployed,2,1,1,0,0,2,Medium,11.7,1,0,0,30,62.0,55.0,46.2,High Risk
25,Male,Urban,Bulawayo,Secondary,Unemployed,3,1,0,1,0,2,Medium,5.2,1,1,1,40,20.0,5.0,26.0,Moderate Risk
39,Female,Urban,Mashonaland Central,Primary,Formal,5,1,1,1,1,4,Low,0.3,1,1,0,0,16.0,20.0,9.6,Low Risk
24,Female,Urban,Bulawayo,Tertiary,Formal,5,1,1,0,1,3,Low,5.9,1,1,0,20,18.0,5.0,16.3,Low Risk
40,Female,Urban,Bulawayo,None,Informal,3,1,1,1,0,3,Low,1.3,0,1,0,10,34.0,30.0,22.4,Low Risk
58,Female,Urban,Mashonaland West,Tertiary,Formal,4,1,1,1,1,4,Low,0.2,1,1,0,0,10.0,0.0,3.5,Low Risk
37,Male,Urban,Harare,Secondary,Informal,4,1,0,0,1,2,Medium,1.4,1,0,0,50,12.0,20.0,30.7,Moderate Risk
21,Male,Urban,Masvingo,Secondary,Informal,4,1,1,0,1,3,Low,0.1,1,1,0,20,20.0,20.0,20.0,Low Risk
43,Female,Rural,Mashonaland East,Primary,Informal,2,1,1,0,1,3,Low,13.4,1,0,0,20,56.0,35.0,35.6,Moderate Risk
35,Male,Urban,Harare,Tertiary,Informal,4,1,1,0,1,3,Low,11.7,0,0,1,20,12.0,65.0,26.2,Moderate Risk
35,Female,Urban,Mashonaland Central,Secondary,Formal,5,0,1,1,1,3,Low,3.8,1,1,0,40,10.0,20.0,25.5,Moderate Risk
44,Female,Rural,Harare,None,Informal,2,0,1,1,1,3,Low,8.2,0,1,1,40,62.0,35.0,46.7,High Risk
47,Female,Urban,Harare,Tertiary,Informal,3,1,1,0,1,3,Low,5.0,1,1,0,20,22.0,0.0,16.7,Low Risk
38,Male,Urban,Harare,Primary,Formal,5,1,1,1,1,4,Low,0.4,1,1,0,0,6.0,0.0,2.1,Low Risk
37,Female,Urban,Bulawayo,Primary,Informal,2,1,1,0,1,3,Low,4.3,1,0,0,20,36.0,20.0,25.6,Moderate Risk
66,Male,Urban,Bulawayo,Primary,Informal,4,1,1,0,1,3,Low,1.9,1,1,0,20,26.0,0.0,18.1,Low Risk
54,Female,Urban,Harare,Tertiary,Formal,5,1,1,1,1,4,Low,0.2,1,1,0,0,10.0,0.0,3.5,Low Risk
49,Male,Urban,Harare,Secondary,Informal,3,1,1,0,1,3,Low,1.1,1,0,0,20,12.0,20.0,17.2,Low Risk
39,Female,Urban,Harare,Secondary,Informal,4,1,1,0,1,3,Low,0.7,1,1,0,20,22.0,0.0,16.7,Low Risk
23,Female,Rural,Mashonaland East,Tertiary,Formal,4,1,1,0,1,3,Low,3.1,1,0,0,20,38.0,20.0,26.3,Moderate Risk
53,Male,Rural,Manicaland,Secondary,Informal,2,1,0,0,1,2,Medium,1.0,0,1,1,50,40.0,30.0,42.5,Moderate Risk
40,Female,Urban,Harare,Secondary,Formal,5,1,1,1,1,4,Low,5.8,0,1,0,0,10.0,35.0,10.5,Low Risk
29,Male,Urban,Mashonaland West,Secondary,Informal,4,1,1,0,0,2,Medium,2.3,0,1,1,30,12.0,30.0,23.7,Low Risk
34,Male,Urban,Manicaland,Secondary,Formal,4,1,1,1,1,4,Low,0.1,1,1,0,0,0.0,0.0,0.0,Low Risk
24,Female,Rural,Mashonaland East,Secondary,Unemployed,2,1,0,0,0,1,High,4.4,1,1,1,60,66.0,0.0,50.1,High Risk
52,Female,Rural,Mashonaland Central,Primary,Formal,3,1,0,1,1,3,Low,9.6,1,0,0,30,36.0,45.0,35.1,Moderate Risk
47,Male,Urban,Harare,Secondary,Informal,3,1,0,0,1,2,Medium,3.1,1,1,0,50,12.0,0.0,26.7,Moderate Risk
40,Female,Urban,Harare,Tertiary,Informal,3,1,1,0,0,2,Medium,5.2,1,1,0,30,22.0,5.0,22.2,Low Risk
37,Female,Urban,Harare,Secondary,Informal,3,1,1,0,1,3,Low,0.1,1,0,0,20,22.0,20.0,20.7,Low Risk
28,Female,Rural,Midlands,Primary,Informal,1,1,1,1,1,4,Low,10.1,1,1,0,0,63.0,15.0,25.05,Moderate Risk
18,Male,Rural,Matabeleland South,Primary,Informal,3,1,1,0,0,2,Medium,1.4,0,1,0,30,46.0,50.0,39.6,Moderate Risk
18,Male,Urban,Bulawayo,Tertiary,Formal,4,1,1,1,1,4,Low,1.0,1,1,0,0,8.0,0.0,2.8,Low Risk
27,Female,Rural,Manicaland,Secondary,Informal,1,0,1,1,0,2,Medium,2.6,0,1,1,50,57.0,30.0,48.45,High Risk
25,Male,Urban,Bulawayo,Tertiary,Formal,5,1,1,1,1,4,Low,0.7,1,1,0,0,0.0,0.0,0.0,Low Risk
42,Male,Rural,Midlands,Tertiary,Informal,3,0,0,0,1,1,High,1.0,1,0,1,90,32.0,20.0,55.7,High Risk
49,Female,Rural,Manicaland,Secondary,Informal,3,0,0,0,0,0,High,37.8,1,0,1,100,42.0,50.0,69.7,Critical Risk
36,Male,Urban,Mashonaland West,Tertiary,Informal,4,1,1,0,1,3,Low,2.9,1,1,0,20,12.0,0.0,13.2,Low Risk
57,Female,Urban,Harare,Secondary,Unemployed,2,1,1,0,0,2,Medium,4.3,1,1,0,30,38.0,0.0,26.8,Moderate Risk
27,Male,Rural,Matabeleland North,Primary,Informal,1,0,1,0,0,1,High,44.5,0,1,1,70,53.0,80.0,66.05,Critical Risk
36,Female,Urban,Harare,Secondary,Informal,3,1,1,0,1,3,Low,1.9,0,1,0,20,22.0,30.0,22.7,Low Risk
37,Female,Rural,Masvingo,Primary,Informal,2,1,1,0,0,2,Medium,1.5,1,1,0,30,56.0,20.0,37.1,Moderate Risk
53,Female,Urban,Harare,Primary,Informal,3,0,0,0,1,1,High,0.4,1,1,1,90,28.0,0.0,50.3,High Risk
39,Female,Rural,Masvingo,Primary,Informal,1,0,1,0,0,1,High,28.4,1,1,1,70,63.0,50.0,63.55,High Risk
39,Female,Urban,Bulawayo,Secondary,Formal,5,1,1,1,1,4,Low,4.1,1,1,0,0,10.0,0.0,3.5,Low Risk
18,Male,Urban,Bulawayo,Tertiary,Informal,5,1,1,0,1,3,Low,4.7,1,1,0,20,20.0,0.0,16.0,Low Risk
25,Female,Urban,Bulawayo,Secondary,Informal,3,0,1,0,0,1,High,1.3,0,1,0,70,22.0,30.0,45.2,High Risk
53,Female,Urban,Harare,None,Informal,3,1,1,0,1,3,Low,0.9,0,1,1,20,34.0,30.0,26.9,Moderate Risk
18,Female,Urban,Manicaland,Tertiary,Formal,4,1,1,1,1,4,Low,5.1,1,0,0,0,18.0,25.0,11.3,Low Risk
56,Male,Rural,Mashonaland Central,Secondary,Informal,1,1,0,0,0,1,High,8.3,1,0,0,60,47.0,45.0,52.45,High Risk
44,Male,Urban,Bulawayo,Secondary,Formal,4,1,1,1,1,4,Low,3.7,1,1,0,0,0.0,0.0,0.0,Low Risk
27,Female,Urban,Harare,Secondary,Formal,5,1,1,1,1,4,Low,0.8,1,1,0,0,10.0,0.0,3.5,Low Risk
26,Female,Urban,Bulawayo,Primary,Informal,3,1,0,0,0,1,High,11.5,1,1,0,60,28.0,15.0,39.8,Moderate Risk
64,Male,Urban,Harare,Tertiary,Informal,4,1,1,0,0,2,Medium,9.2,1,1,0,30,12.0,5.0,18.7,Low Risk
57,Male,Rural,Midlands,Primary,Informal,1,1,1,1,1,4,Low,59.2,1,0,1,0,53.0,50.0,28.55,Moderate Risk
36,Female,Rural,Masvingo,Tertiary,Unemployed,3,1,1,0,0,2,Medium,41.5,1,0,1,30,50.0,70.0,45.0,Moderate Risk
39,Male,Urban,Harare,Secondary,Informal,4,1,0,0,0,1,High,3.5,1,1,0,60,12.0,0.0,31.2,Moderate Risk
28,Female,Rural,Matabeleland North,Secondary,Informal,2,1,0,0,0,1,High,13.8,1,0,0,60,50.0,55.0,55.5,High Risk
39,Male,Rural,Mashonaland Central,None,Unemployed,1,1,1,1,0,3,Low,13.4,1,1,1,10,67.0,35.0,34.95,Moderate Risk
28,Male,Rural,Mashonaland East,Secondary,Unemployed,1,1,1,0,0,2,Medium,4.8,0,0,1,30,55.0,50.0,42.75,Moderate Risk
36,Male,Urban,Harare,Secondary,Informal,5,1,1,0,0,2,Medium,3.1,0,1,0,30,12.0,30.0,23.7,Low Risk
63,Female,Urban,Mashonaland Central,Secondary,Formal,4,1,1,1,1,4,Low,0.5,1,1,0,0,10.0,20.0,7.5,Low Risk
36,Female,Urban,Matabeleland South,Tertiary,Informal,2,1,1,0,1,3,Low,1.4,1,1,0,20,30.0,20.0,23.5,Low Risk
23,Male,Rural,Midlands,Secondary,Informal,2,1,1,0,1,3,Low,3.8,1,0,0,20,48.0,20.0,29.8,Moderate Risk
18,Male,Rural,Mashonaland Central,Primary,Informal,1,1,1,0,0,2,Medium,11.0,0,1,1,30,61.0,65.0,47.85,High Risk
39,Male,Urban,Harare,Tertiary,Informal,4,1,1,0,1,3,Low,2.5,1,0,1,20,12.0,20.0,17.2,Low Risk
27,Male,Urban,Mashonaland West,Primary,Unemployed,2,1,1,0,0,2,Medium,6.5,1,0,0,30,34.0,25.0,30.4,Moderate Risk
41,Female,Rural,Mashonaland East,Tertiary,Informal,3,1,0,0,1,2,Medium,14.8,1,1,1,50,42.0,15.0,40.2,Moderate Risk
18,Male,Rural,Masvingo,Secondary,Formal,4,0,1,1,0,2,Medium,51.6,0,0,1,50,28.0,100.0,52.3,High Risk
47,Female,Urban,Midlands,Secondary,Formal,5,1,1,1,1,4,Low,0.7,1,1,0,0,10.0,0.0,3.5,Low Risk
23,Male,Rural,Mashonaland Central,Primary,Unemployed,1,1,0,0,0,1,High,11.8,1,0,1,60,69.0,55.0,62.15,High Risk
38,Male,Urban,Harare,Secondary,Informal,3,1,1,0,1,3,Low,1.7,1,1,0,20,12.0,0.0,13.2,Low Risk
33,Male,Urban,Masvingo,Tertiary,Informal,3,1,1,0,1,3,Low,6.0,1,1,1,20,12.0,25.0,18.2,Low Risk
62,Male,Urban,Bulawayo,Secondary,Formal,5,1,1,1,1,4,Low,3.5,1,1,0,0,0.0,0.0,0.0,Low Risk
40,Male,Rural,Midlands,Primary,Unemployed,3,1,1,1,0,3,Low,1.0,1,0,1,10,46.0,20.0,24.6,Low Risk
65,Male,Rural,Masvingo,Secondary,Informal,2,0,1,1,1,3,Low,16.2,1,1,1,40,48.0,35.0,41.8,Moderate Risk
45,Male,Urban,Harare,Secondary,Formal,5,1,1,1,1,4,Low,1.2,1,1,0,0,0.0,0.0,0.0,Low Risk
57,Female,Urban,Mashonaland East,Primary,Unemployed,4,1,1,0,0,2,Medium,5.8,0,1,1,30,36.0,35.0,33.1,Moderate Risk
35,Male,Urban,Mashonaland Central,Secondary,Formal,5,1,1,1,1,4,Low,4.1,1,1,0,0,0.0,20.0,4.0,Low Risk
42,Male,Urban,Matabeleland South,None,Informal,2,1,0,0,1,2,Medium,0.4,1,0,1,50,32.0,40.0,41.7,Moderate Risk
55,Male,Urban,Bulawayo,Tertiary,Informal,4,1,1,1,0,3,Low,0.5,0,1,0,10,12.0,30.0,14.7,Low Risk
50,Female,Urban,Bulawayo,Secondary,Unemployed,3,1,1,1,0,3,Low,0.4,0,1,1,10,30.0,30.0,21.0,Low Risk
45,Female,Urban,Harare,Secondary,Formal,5,1,1,1,1,4,Low,0.4,1,0,0,0,10.0,20.0,7.5,Low Risk
33,Female,Urban,Harare,Secondary,Formal,5,1,0,1,1,3,Low,2.2,1,1,1,30,10.0,0.0,17.0,Low Risk
35,Female,Urban,Midlands,Secondary,Informal,3,1,1,1,1,4,Low,0.6,1,1,0,0,22.0,0.0,7.7,Low Risk
53,Female,Rural,Midlands,Secondary,Unemployed,2,1,0,0,0,1,High,5.7,0,0,1,60,58.0,55.0,58.3,High Risk
56,Male,Urban,Bulawayo,Secondary,Unemployed,4,1,1,0,0,2,Medium,1.8,1,1,0,30,20.0,0.0,20.5,Low Risk
29,Female,Rural,Midlands,Secondary,Informal,1,0,0,0,1,1,High,31.4,1,1,1,90,57.0,30.0,66.45,Critical Risk
27,Female,Rural,Mashonaland East,Secondary,Informal,3,1,0,0,1,2,Medium,1.3,1,0,1,50,42.0,20.0,41.2,Moderate Risk
25,Male,Rural,Midlands,Secondary,Informal,1,1,1,0,1,3,Low,7.5,1,0,0,20,47.0,25.0,30.45,Moderate Risk
49,Male,Urban,Bulawayo,Primary,Informal,4,1,1,0,1,3,Low,5.3,1,1,0,20,18.0,5.0,16.3,Low Risk
24,Male,Urban,Manicaland,Tertiary,Formal,5,1,1,1,1,4,Low,0.7,1,1,0,0,8.0,0.0,2.8,Low Risk
49,Male,Rural,Matabeleland North,Primary,Informal,1,1,1,1,0,3,Low,19.8,1,0,1,10,53.0,55.0,34.05,Moderate Risk
45,Female,Urban,Bulawayo,Tertiary,Formal,5,1,1,1,1,4,Low,1.7,1,0,0,0,10.0,20.0,7.5,Low Risk
30,Male,Urban,Mashonaland West,Secondary,Formal,5,1,1,1,1,4,Low,2.2,1,1,0,0,0.0,0.0,0.0,Low Risk
59,Female,Urban,Harare,Primary,Informal,4,0,1,0,1,2,Medium,1.2,1,0,1,60,28.0,20.0,40.8,Moderate Risk
18,Female,Urban,Mashonaland West,Secondary,Unemployed,2,1,1,0,0,2,Medium,0.1,1,0,0,30,46.0,20.0,33.6,Moderate Risk
61,Male,Urban,Harare,Tertiary,Formal,5,1,1,0,1,3,Low,1.2,1,0,0,20,0.0,20.0,13.0,Low Risk
42,Male,Rural,Mashonaland Central,Secondary,Unemployed,1,1,1,0,0,2,Medium,1.4,0,1,0,30,55.0,50.0,42.75,Moderate Risk
18,Female,Urban,Manicaland,Tertiary,Unemployed,3,1,1,0,0,2,Medium,0.1,1,1,1,30,38.0,0.0,26.8,Moderate Risk
60,Female,Urban,Mashonaland Central,Secondary,Informal,4,1,1,0,1,3,Low,0.7,1,1,0,20,22.0,20.0,20.7,Low Risk
51,Male,Rural,Midlands,Secondary,Informal,1,1,1,0,1,3,Low,27.7,1,0,0,20,47.0,50.0,35.45,Moderate Risk
32,Male,Urban,Harare,Secondary,Formal,4,1,1,1,0,3,Low,2.4,0,1,0,10,0.0,30.0,10.5,Low Risk
24,Female,Rural,Manicaland,Secondary,Formal,2,1,1,0,1,3,Low,7.3,1,1,0,20,46.0,5.0,26.1,Moderate Risk
18,Female,Urban,Bulawayo,Secondary,Informal,5,1,1,0,1,3,Low,6.5,1,1,0,20,30.0,5.0,20.5,Low Risk
71,Male,Urban,Masvingo,Tertiary,Informal,3,1,1,1,1,4,Low,0.8,1,1,0,0,20.0,20.0,11.0,Low Risk
25,Male,Rural,Midlands,Secondary,Informal,1,0,1,0,1,2,Medium,36.4,0,0,1,60,47.0,80.0,59.45,High Risk
20,Female,Urban,Mashonaland West,Secondary,Unemployed,2,1,0,0,0,1,High,2.6,1,1,1,60,46.0,0.0,43.1,Moderate Risk
41,Male,Urban,Bulawayo,Secondary,Informal,4,0,1,1,0,2,Medium,0.6,1,1,1,50,12.0,0.0,26.7,Moderate Risk
18,Male,Rural,Midlands,Primary,Informal,1,0,0,1,1,2,Medium,22.0,1,0,1,70,61.0,50.0,62.85,High Risk
24,Female,Rural,Mashonaland Central,Primary,Formal,2,1,1,0,0,2,Medium,41.9,1,0,0,30,52.0,70.0,45.7,High Risk
51,Male,Rural,Midlands,Primary,Unemployed,1,1,1,0,0,2,Medium,19.3,1,0,0,30,61.0,35.0,41.85,Moderate Risk
44,Male,Urban,Bulawayo,Secondary,Unemployed,3,1,1,0,0,2,Medium,1.7,1,1,0,30,20.0,0.0,20.5,Low Risk
32,Female,Urban,Harare,Secondary,Informal,4,0,1,0,1,2,Medium,1.2,1,1,0,60,22.0,0.0,34.7,Moderate Risk
38,Female,Rural,Masvingo,Secondary,Unemployed,1,0,0,1,0,1,High,6.5,1,0,1,80,65.0,45.0,67.75,Critical Risk
31,Female,Urban,Mashonaland East,Tertiary,Informal,5,1,1,0,0,2,Medium,2.0,1,1,0,30,22.0,0.0,21.2,Low Risk
37,Male,Urban,Harare,Secondary,Formal,4,1,1,1,1,4,Low,8.1,1,1,0,0,0.0,5.0,1.0,Low Risk
27,Female,Rural,Manicaland,Tertiary,Unemployed,1,1,0,0,0,1,High,9.6,0,0,1,60,65.0,55.0,60.75,High Risk
29,Female,Urban,Manicaland,Tertiary,Informal,3,1,1,0,1,3,Low,2.8,1,1,0,20,22.0,0.0,16.7,Low Risk
29,Female,Urban,Matabeleland South,Primary,Informal,2,1,1,1,1,4,Low,1.4,1,1,0,0,36.0,20.0,16.6,Low Risk
27,Female,Urban,Bulawayo,Secondary,Informal,2,1,1,0,0,2,Medium,0.2,1,0,0,30,30.0,20.0,28.0,Moderate Risk
52,Female,Urban,Harare,Tertiary,Informal,4,1,1,0,0,2,Medium,4.6,1,1,0,30,22.0,0.0,21.2,Low Risk
48,Female,Rural,Matabeleland North,Primary,Formal,2,1,1,1,1,4,Low,25.5,1,1,0,0,44.0,50.0,25.4,Moderate Risk
24,Female,Rural,Manicaland,Primary,Informal,1,1,0,0,0,1,High,24.8,1,0,1,60,71.0,50.0,61.85,High Risk
21,Male,Urban,Harare,Tertiary,Formal,5,1,1,1,1,4,Low,0.7,1,1,0,0,8.0,0.0,2.8,Low Risk
35,Female,Urban,Harare,Tertiary,Formal,4,1,1,0,1,3,Low,0.5,0,1,0,20,10.0,30.0,18.5,Low Risk
68,Female,Urban,Bulawayo,Tertiary,Formal,5,1,1,1,1,4,Low,0.1,1,1,0,0,18.0,0.0,6.3,Low Risk
23,Male,Urban,Harare,Tertiary,Formal,5,1,1,1,1,4,Low,0.1,1,1,0,0,8.0,0.0,2.8,Low Risk
35,Male,Urban,Harare,Secondary,Unemployed,4,1,1,0,0,2,Medium,2.7,1,1,1,30,20.0,0.0,20.5,Low Risk
39,Female,Rural,Mashonaland East,Secondary,Formal,2,1,1,1,1,4,Low,8.9,1,1,0,0,38.0,5.0,14.3,Low Risk
36,Male,Urban,Bulawayo,Tertiary,Formal,4,1,1,1,1,4,Low,2.3,1,1,0,0,0.0,0.0,0.0,Low Risk
31,Female,Urban,Harare,Secondary,Informal,5,1,1,0,1,3,Low,6.4,1,0,0,20,22.0,25.0,21.7,Low Risk
54,Female,Rural,Manicaland,None,Unemployed,1,0,1,1,0,2,Medium,6.8,0,0,1,50,77.0,55.0,60.45,High Risk
44,Male,Urban,Bulawayo,Secondary,Informal,2,1,1,0,1,3,Low,1.6,0,1,0,20,20.0,30.0,22.0,Low Risk
49,Male,Rural,Matabeleland South,Secondary,Unemployed,3,1,1,0,0,2,Medium,26.8,0,0,0,30,40.0,100.0,47.5,High Risk
46,Female,Urban,Mashonaland West,Secondary,Informal,3,1,1,0,1,3,Low,7.9,0,0,1,20,22.0,55.0,27.7,Moderate Risk
50,Male,Urban,Bulawayo,Tertiary,Informal,4,1,1,0,1,3,Low,1.8,1,1,0,20,12.0,0.0,13.2,Low Risk
60,Female,Rural,Matabeleland North,Primary,Informal,1,1,0,0,0,1,High,39.3,1,0,0,60,63.0,70.0,63.05,High Risk
56,Male,Urban,Mashonaland West,Secondary,Formal,5,1,0,1,1,3,Low,4.7,1,1,0,30,0.0,0.0,13.5,Low Risk
70,Male,Urban,Bulawayo,None,Informal,3,1,1,1,1,4,Low,0.9,0,1,0,0,32.0,30.0,17.2,Low Risk
55,Female,Urban,Bulawayo,Tertiary,Informal,3,0,1,0,1,2,Medium,4.8,0,1,1,60,22.0,30.0,40.7,Moderate Risk
28,Male,Rural,Manicaland,Secondary,Informal,3,1,1,0,1,3,Low,22.8,1,1,1,20,32.0,30.0,26.2,Moderate Risk
49,Female,Rural,Mashonaland East,Secondary,Unemployed,1,1,1,0,0,2,Medium,5.9,0,0,1,30,65.0,55.0,47.25,High Risk
47,Female,Urban,Harare,Secondary,Informal,3,0,1,1,1,3,Low,7.3,1,1,0,40,22.0,5.0,26.7,Moderate Risk
64,Male,Rural,Mashonaland West,None,Informal,3,0,1,0,1,2,Medium,1.1,1,0,1,60,44.0,20.0,46.4,High Risk
24,Male,Rural,Midlands,None,Informal,1,1,1,0,1,3,Low,2.7,1,1,0,20,67.0,0.0,32.45,Moderate Risk
45,Female,Urban,Harare,Tertiary,Formal,5,1,1,1,1,4,Low,7.4,0,1,0,0,10.0,35.0,10.5,Low Risk
28,Female,Urban,Bulawayo,Secondary,Informal,4,1,1,0,0,2,Medium,3.9,0,0,0,30,22.0,50.0,31.2,Moderate Risk
45,Female,Urban,Midlands,Tertiary,Formal,5,1,1,1,1,4,Low,0.9,1,1,0,0,10.0,0.0,3.5,Low Risk
34,Female,Urban,Bulawayo,Secondary,Unemployed,3,1,1,0,0,2,Medium,0.3,1,0,0,30,30.0,20.0,28.0,Moderate Risk
44,Male,Urban,Harare,Secondary,Formal,4,1,1,1,1,4,Low,1.7,1,1,0,0,0.0,0.0,0.0,Low Risk
18,Male,Urban,Midlands,Secondary,Formal,5,1,1,1,1,4,Low,9.3,1,1,0,0,8.0,5.0,3.8,Low Risk
49,Female,Urban,Harare,Primary,Informal,3,1,1,1,1,4,Low,5.6,1,1,0,0,28.0,5.0,10.8,Low Risk
40,Female,Urban,Harare,Secondary,Formal,4,1,1,1,1,4,Low,0.9,1,0,0,0,10.0,20.0,7.5,Low Risk
40,Female,Rural,Mashonaland West,Primary,Informal,3,1,0,0,0,1,High,1.5,1,0,1,60,48.0,20.0,47.8,High Risk
65,Male,Urban,Harare,Secondary,Formal,4,1,1,1,1,4,Low,2.8,1,1,0,0,8.0,0.0,2.8,Low Risk
32,Female,Rural,Matabeleland South,Secondary,Informal,1,1,0,0,1,2,Medium,10.4,1,0,1,50,57.0,55.0,53.45,High Risk
42,Female,Rural,Mashonaland Central,Primary,Informal,1,1,1,0,1,3,Low,33.0,0,0,1,20,63.0,100.0,51.05,High Risk
39,Male,Rural,Matabeleland South,Secondary,Informal,1,1,1,0,0,2,Medium,47.9,1,0,0,30,47.0,70.0,43.95,Moderate Risk
40,Female,Rural,Manicaland,Secondary,Informal,2,1,0,0,1,2,Medium,7.3,0,0,1,50,50.0,55.0,51.0,High Risk
69,Female,Rural,Midlands,None,Informal,1,1,1,0,0,2,Medium,3.0,0,0,1,30,77.0,50.0,50.45,High Risk
38,Male,Urban,Harare,Secondary,Informal,4,1,1,1,0,3,Low,2.0,1,1,0,10,12.0,0.0,8.7,Low Risk
30,Male,Rural,Midlands,None,Informal,2,1,0,0,0,1,High,38.0,1,1,0,60,52.0,30.0,51.2,High Risk
64,Male,Urban,Harare,None,Formal,4,1,0,1,1,3,Low,2.4,1,0,0,30,12.0,20.0,21.7,Low Risk
33,Female,Rural,Midlands,None,Informal,1,0,0,0,1,1,High,18.5,0,0,1,90,69.0,65.0,77.65,Critical Risk
18,Male,Urban,Mashonaland West,Secondary,Informal,3,1,1,1,1,4,Low,1.1,1,1,0,0,20.0,0.0,7.0,Low Risk
27,Male,Urban,Bulawayo,Primary,Unemployed,3,1,1,0,0,2,Medium,0.8,1,0,0,30,26.0,20.0,26.6,Moderate Risk
20,Male,Urban,Harare,Tertiary,Informal,2,1,1,0,1,3,Low,1.3,1,1,0,20,28.0,0.0,18.8,Low Risk
18,Male,Rural,Masvingo,Secondary,Informal,1,1,1,0,0,2,Medium,18.0,0,0,0,30,55.0,85.0,49.75,High Risk
32,Male,Urban,Bulawayo,None,Formal,3,1,1,1,0,3,Low,0.4,1,1,0,10,12.0,0.0,8.7,Low Risk
37,Female,Urban,Bulawayo,Secondary,Informal,4,1,1,0,1,3,Low,0.6,1,1,0,20,22.0,0.0,16.7,Low Risk
54,Male,Urban,Bulawayo,None,Informal,4,1,1,0,0,2,Medium,2.1,1,1,0,30,24.0,0.0,21.9,Low Risk
46,Male,Urban,Midlands,Primary,Unemployed,1,1,1,0,0,2,Medium,5.3,1,1,0,30,41.0,5.0,28.85,Moderate Risk
46,Male,Rural,Midlands,Tertiary,Informal,3,1,0,0,1,2,Medium,28.0,0,0,1,50,32.0,80.0,49.7,High Risk
25,Male,Rural,Masvingo,Secondary,Formal,3,1,1,1,1,4,Low,1.0,1,1,0,0,20.0,20.0,11.0,Low Risk
50,Male,Urban,Harare,None,Unemployed,1,1,1,0,0,2,Medium,3.6,1,1,0,30,47.0,0.0,29.95,Moderate Risk
57,Female,Urban,Harare,Tertiary,Informal,5,1,1,1,1,4,Low,5.3,1,1,0,0,22.0,5.0,8.7,Low Risk
43,Female,Urban,Manicaland,Tertiary,Formal,5,1,1,1,1,4,Low,8.7,1,1,0,0,10.0,5.0,4.5,Low Risk
43,Female,Urban,Midlands,Secondary,Informal,4,1,1,0,0,2,Medium,1.9,0,0,0,30,22.0,50.0,31.2,Moderate Risk
20,Male,Rural,Mashonaland West,Secondary,Informal,2,1,1,0,0,2,Medium,31.5,1,0,1,30,48.0,50.0,40.3,Moderate Risk
52,Female,Rural,Manicaland,Secondary,Informal,2,1,1,0,1,3,Low,15.6,0,0,1,20,50.0,65.0,39.5,Moderate Risk
62,Female,Urban,Harare,Tertiary,Unemployed,3,1,1,1,0,3,Low,6.8,1,1,0,10,30.0,5.0,16.0,Low Risk
42,Male,Rural,Mashonaland East,Secondary,Informal,2,1,1,1,0,3,Low,80.0,0,1,0,10,40.0,60.0,30.5,Moderate Risk
29,Male,Urban,Midlands,Tertiary,Formal,5,1,1,1,1,4,Low,3.5,1,1,0,0,0.0,0.0,0.0,Low Risk
35,Female,Rural,Matabeleland North,Secondary,Informal,4,1,1,0,1,3,Low,24.9,1,0,0,20,42.0,70.0,37.7,Moderate Risk
32,Male,Urban,Harare,Secondary,Unemployed,2,1,1,0,0,2,Medium,0.1,1,1,0,30,28.0,0.0,23.3,Low Risk
32,Male,Rural,Mashonaland East,None,Informal,1,1,0,0,0,1,High,1.3,0,0,1,60,59.0,50.0,57.65,High Risk
47,Female,Urban,Harare,Secondary,Informal,3,1,1,0,0,2,Medium,0.5,1,0,0,30,22.0,20.0,25.2,Moderate Risk
41,Male,Rural,Matabeleland North,None,Unemployed,1,1,1,1,0,3,Low,7.6,1,1,0,10,67.0,25.0,32.95,Moderate Risk
52,Female,Urban,Bulawayo,Primary,Unemployed,5,1,1,0,0,2,Medium,0.2,1,1,0,30,36.0,0.0,26.1,Moderate Risk
43,Male,Urban,Harare,Secondary,Formal,5,1,1,1,1,4,Low,5.4,1,1,0,0,0.0,5.0,1.0,Low Risk
25,Male,Urban,Harare,Tertiary,Formal,5,1,1,1,1,4,Low,0.9,1,1,0,0,0.0,0.0,0.0,Low Risk
30,Male,Urban,Matabeleland North,Primary,Unemployed,3,1,1,0,0,2,Medium,0.3,1,0,0,30,26.0,40.0,30.6,Moderate Risk
30,Male,Urban,Mashonaland West,Secondary,Informal,4,1,1,0,1,3,Low,2.0,1,0,0,20,12.0,20.0,17.2,Low Risk
35,Female,Rural,Masvingo,Secondary,Formal,5,1,1,1,1,4,Low,9.2,1,1,0,0,30.0,25.0,15.5,Low Risk
63,Female,Rural,Mashonaland West,Secondary,Formal,2,1,1,0,1,3,Low,12.0,1,1,0,20,38.0,15.0,25.3,Moderate Risk
65,Female,Urban,Midlands,Tertiary,Informal,4,1,0,0,1,2,Medium,2.0,0,1,1,50,30.0,30.0,39.0,Moderate Risk
49,Female,Rural,Matabeleland North,Secondary,Unemployed,1,1,0,0,0,1,High,95.3,0,1,0,60,65.0,80.0,65.75,Critical Risk
39,Male,Rural,Midlands,Secondary,Informal,3,0,1,1,1,3,Low,9.0,0,0,1,40,32.0,55.0,40.2,Moderate Risk
18,Male,Urban,Harare,Secondary,Formal,5,1,1,1,1,4,Low,0.9,1,1,0,0,8.0,0.0,2.8,Low Risk
41,Male,Urban,Harare,Secondary,Informal,3,1,1,0,1,3,Low,3.5,1,1,0,20,12.0,0.0,13.2,Low Risk
26,Female,Urban,Harare,Secondary,Formal,3,1,1,1,1,4,Low,5.2,1,1,0,0,10.0,5.0,4.5,Low Risk
60,Female,Urban,Masvingo,None,Unemployed,2,1,1,0,0,2,Medium,0.7,1,0,1,30,50.0,40.0,39.0,Moderate Risk
18,Male,Rural,Matabeleland North,Primary,Informal,2,0,0,0,0,0,High,1.0,1,1,1,100,54.0,20.0,67.9,Critical Risk
43,Female,Rural,Mashonaland Central,Primary,Informal,1,1,0,0,1,2,Medium,121.1,0,0,1,50,63.0,100.0,64.55,High Risk
25,Female,Rural,Midlands,Secondary,Informal,1,1,1,0,1,3,Low,82.6,1,1,0,20,57.0,30.0,34.95,Moderate Risk
37,Male,Urban,Matabeleland South,Secondary,Formal,4,1,1,1,1,4,Low,0.2,0,1,0,0,0.0,50.0,10.0,Low Risk
47,Female,Rural,Mashonaland Central,Secondary,Informal,2,1,0,0,0,1,High,13.5,1,0,0,60,50.0,55.0,55.5,High Risk
52,Female,Rural,Matabeleland North,Secondary,Informal,1,0,0,0,0,0,High,21.0,1,1,1,100,57.0,50.0,74.95,Critical Risk
37,Female,Urban,Bulawayo,Primary,Informal,4,1,1,0,1,3,Low,0.4,1,1,0,20,28.0,0.0,18.8,Low Risk
48,Male,Rural,Harare,Tertiary,Informal,2,1,1,0,0,2,Medium,61.2,0,0,0,30,40.0,80.0,43.5,Moderate Risk
28,Male,Urban,Bulawayo,Tertiary,Formal,4,1,1,1,1,4,Low,0.4,1,1,0,0,0.0,0.0,0.0,Low Risk
41,Male,Urban,Harare,Secondary,Formal,5,1,1,1,1,4,Low,9.6,1,1,0,0,0.0,5.0,1.0,Low Risk
52,Female,Urban,Matabeleland North,Secondary,Informal,4,1,1,1,1,4,Low,1.8,1,1,0,0,22.0,20.0,11.7,Low Risk
42,Female,Urban,Mashonaland West,Secondary,Informal,5,1,1,0,0,2,Medium,1.5,1,1,0,30,22.0,0.0,21.2,Low Risk
30,Female,Rural,Midlands,Tertiary,Formal,5,1,1,0,1,3,Low,6.0,1,1,0,20,30.0,5.0,20.5,Low Risk
34,Male,Urban,Mashonaland Central,Secondary,Informal,3,1,0,0,0,1,High,2.6,1,1,1,60,12.0,20.0,35.2,Moderate Risk
52,Male,Urban,Harare,Secondary,Formal,5,1,1,1,1,4,Low,3.1,1,1,0,0,0.0,0.0,0.0,Low Risk
22,Female,Urban,Harare,Tertiary,Formal,4,1,1,0,1,3,Low,0.5,1,1,0,20,18.0,0.0,15.3,Low Risk
24,Male,Urban,Manicaland,Secondary,Formal,5,1,1,1,1,4,Low,3.5,1,1,0,0,8.0,0.0,2.8,Low Risk
46,Female,Urban,Harare,Primary,Informal,4,1,1,0,1,3,Low,0.7,1,0,0,20,28.0,20.0,22.8,Low Risk
31,Female,Urban,Manicaland,Secondary,Formal,5,1,1,1,1,4,Low,2.6,1,1,0,0,10.0,0.0,3.5,Low Risk
18,Male,Rural,Mashonaland East,Secondary,Formal,5,1,1,1,1,4,Low,29.5,1,0,0,0,28.0,50.0,19.8,Low Risk
56,Male,Urban,Harare,Secondary,Informal,4,1,1,1,1,4,Low,0.2,1,1,0,0,12.0,0.0,4.2,Low Risk
22,Male,Rural,Masvingo,Secondary,Informal,2,0,1,0,1,2,Medium,5.6,1,0,0,60,48.0,45.0,52.8,High Risk
35,Male,Urban,Bulawayo,Secondary,Formal,5,1,1,1,1,4,Low,2.3,1,1,0,0,0.0,0.0,0.0,Low Risk
29,Female,Rural,Masvingo,Secondary,Informal,2,1,0,1,1,3,Low,4.4,0,0,1,30,50.0,70.0,45.0,Moderate Risk
33,Male,Rural,Matabeleland North,Tertiary,Informal,2,0,0,0,0,0,High,31.6,1,1,1,100,40.0,50.0,69.0,Critical Risk
25,Male,Urban,Harare,Secondary,Formal,5,1,1,1,1,4,Low,2.9,1,1,0,0,0.0,0.0,0.0,Low Risk
47,Male,Urban,Mashonaland Central,Secondary,Formal,5,1,1,1,1,4,Low,5.1,1,1,0,0,0.0,25.0,5.0,Low Risk
39,Male,Rural,Matabeleland North,Secondary,Informal,3,1,0,0,0,1,High,9.6,1,0,0,60,32.0,45.0,47.2,High Risk
51,Female,Urban,Bulawayo,Primary,Unemployed,4,1,1,1,0,3,Low,5.0,1,1,0,10,36.0,0.0,17.1,Low Risk
29,Female,Rural,Mashonaland West,None,Unemployed,1,0,0,0,0,0,High,9.1,1,0,1,100,77.0,25.0,76.95,Critical Risk
67,Female,Urban,Bulawayo,Tertiary,Formal,5,1,1,1,1,4,Low,4.4,1,1,0,0,18.0,0.0,6.3,Low Risk
18,Female,Urban,Harare,Tertiary,Unemployed,4,1,1,0,0,2,Medium,0.2,1,1,0,30,38.0,0.0,26.8,Moderate Risk
18,Male,Urban,Bulawayo,Secondary,Informal,4,1,1,0,1,3,Low,8.2,1,1,0,20,20.0,5.0,17.0,Low Risk
62,Female,Rural,Mashonaland Central,None,Informal,1,0,1,0,0,1,High,4.9,1,0,1,70,69.0,40.0,63.65,High Risk
44,Male,Urban,Masvingo,Secondary,Unemployed,4,1,1,0,0,2,Medium,1.5,1,0,0,30,20.0,40.0,28.5,Moderate Risk
42,Female,Rural,Matabeleland South,None,Informal,2,1,0,0,1,2,Medium,13.7,0,0,1,50,62.0,85.0,61.2,High Risk
44,Male,Rural,Masvingo,Primary,Informal,1,1,0,1,0,2,Medium,39.4,1,1,1,40,53.0,50.0,46.55,High Risk
45,Male,Urban,Mashonaland West,Secondary,Informal,4,1,0,1,1,3,Low,2.8,1,0,1,30,12.0,20.0,21.7,Low Risk
42,Male,Urban,Bulawayo,Secondary,Unemployed,4,1,1,1,0,3,Low,0.7,1,1,0,10,20.0,0.0,11.5,Low Risk
24,Female,Urban,Harare,Secondary,Formal,5,1,1,1,1,4,Low,3.4,1,1,0,0,18.0,0.0,6.3,Low Risk
49,Male,Urban,Mashonaland Central,Tertiary,Formal,4,1,0,0,1,2,Medium,0.1,0,1,0,50,0.0,50.0,32.5,Moderate Risk
47,Female,Rural,Midlands,Tertiary,Informal,2,0,1,1,0,2,Medium,19.4,1,0,1,50,50.0,35.0,47.0,High Risk
57,Male,Urban,Harare,Tertiary,Unemployed,4,1,1,0,0,2,Medium,0.1,1,0,0,30,20.0,20.0,24.5,Low Risk
62,Female,Urban,Harare,Secondary,Formal,4,1,1,1,1,4,Low,0.5,1,1,0,0,10.0,0.0,3.5,Low Risk
42,Female,Rural,Masvingo,Secondary,Informal,3,0,1,0,1,2,Medium,9.9,1,0,0,60,42.0,45.0,50.7,High Risk
20,Male,Rural,Mashonaland West,Secondary,Informal,3,1,0,0,1,2,Medium,9.9,1,0,1,50,40.0,25.0,41.5,Moderate Risk
62,Male,Urban,Bulawayo,Secondary,Formal,5,1,1,0,1,3,Low,0.5,1,1,0,20,0.0,0.0,9.0,Low Risk
23,Male,Rural,Masvingo,Secondary,Informal,2,1,1,1,0,3,Low,13.0,1,0,0,10,48.0,55.0,32.3,Moderate Risk
42,Female,Urban,Mashonaland East,Secondary,Formal,5,1,1,1,1,4,Low,3.3,1,1,0,0,10.0,0.0,3.5,Low Risk
34,Female,Rural,Manicaland,Secondary,Unemployed,1,1,1,0,0,2,Medium,2.7,0,0,1,30,65.0,50.0,46.25,High Risk
31,Male,Urban,Harare,Secondary,Informal,2,0,1,0,0,1,High,0.8,1,1,1,70,20.0,0.0,38.5,Moderate Risk
48,Male,Urban,Masvingo,Secondary,Informal,3,1,1,1,0,3,Low,0.4,1,1,0,10,12.0,20.0,12.7,Low Risk
41,Male,Urban,Harare,Tertiary,Unemployed,4,1,1,1,0,3,Low,13.1,1,1,0,10,20.0,15.0,14.5,Low Risk
45,Male,Rural,Mashonaland West,Primary,Informal,3,0,1,0,1,2,Medium,50.6,0,0,1,60,38.0,80.0,56.3,High Risk
26,Female,Rural,Bulawayo,None,Informal,2,0,0,0,1,1,High,48.1,1,1,0,90,62.0,30.0,68.2,Critical Risk
35,Male,Urban,Harare,Secondary,Informal,5,1,1,0,1,3,Low,5.5,1,1,1,20,12.0,5.0,14.2,Low Risk
27,Male,Rural,Mashonaland West,Secondary,Informal,1,1,1,0,1,3,Low,3.3,1,0,0,20,47.0,20.0,29.45,Moderate Risk
35,Female,Rural,Mashonaland West,None,Formal,3,1,1,1,0,3,Low,12.2,1,0,0,10,42.0,35.0,26.2,Moderate Risk
36,Female,Urban,Manicaland,Secondary,Informal,5,1,1,0,0,2,Medium,1.6,1,1,0,30,22.0,0.0,21.2,Low Risk
63,Female,Rural,Masvingo,Secondary,Informal,1,1,1,0,0,2,Medium,1.0,1,0,0,30,57.0,40.0,41.45,Moderate Risk
34,Male,Urban,Masvingo,Tertiary,Informal,3,1,1,0,0,2,Medium,2.5,1,1,1,30,12.0,20.0,21.7,Low Risk
18,Female,Rural,Midlands,Secondary,Informal,2,1,0,0,1,2,Medium,1.6,1,0,0,50,58.0,20.0,46.8,High Risk
57,Female,Urban,Harare,Tertiary,Formal,5,1,1,1,1,4,Low,2.6,1,1,1,0,10.0,0.0,3.5,Low Risk
44,Female,Urban,Harare,Secondary,Unemployed,2,1,1,0,0,2,Medium,2.8,1,0,0,30,38.0,20.0,30.8,Moderate Risk
36,Male,Urban,Mashonaland West,Tertiary,Formal,5,1,1,1,1,4,Low,1.4,1,1,0,0,0.0,0.0,0.0,Low Risk
31,Female,Urban,Harare,Secondary,Unemployed,3,1,1,1,0,3,Low,1.2,1,0,0,10,30.0,20.0,19.0,Low Risk
24,Female,Rural,Mashonaland East,Secondary,Informal,1,1,0,1,1,3,Low,7.4,1,0,1,30,65.0,25.0,41.25,Moderate Risk
65,Female,Urban,Harare,Tertiary,Informal,4,1,0,0,0,1,High,0.8,1,1,0,60,30.0,0.0,37.5,Moderate Risk
38,Female,Urban,Bulawayo,Secondary,Formal,5,1,1,0,1,3,Low,3.8,0,1,0,20,10.0,30.0,18.5,Low Risk
18,Female,Urban,Harare,Primary,Unemployed,3,1,1,0,0,2,Medium,3.6,1,1,0,30,44.0,0.0,28.9,Moderate Risk
42,Female,Rural,Mashonaland Central,Secondary,Unemployed,3,1,1,0,0,2,Medium,16.4,1,0,0,30,50.0,55.0,42.0,Moderate Risk
54,Female,Rural,Mashonaland West,None,Informal,1,1,1,1,0,3,Low,5.5,1,1,0,10,69.0,5.0,29.65,Moderate Risk
40,Male,Urban,Mashonaland Central,Secondary,Informal,3,1,1,1,1,4,Low,3.6,0,1,0,0,12.0,50.0,14.2,Low Risk
25,Male,Urban,Harare,Secondary,Informal,5,0,1,0,0,1,High,0.8,1,1,0,70,12.0,0.0,35.7,Moderate Risk
24,Female,Urban,Manicaland,Primary,Formal,4,1,1,1,1,4,Low,6.7,1,1,0,0,24.0,5.0,9.4,Low Risk
25,Female,Rural,Mashonaland West,Secondary,Unemployed,1,1,0,0,0,1,High,3.8,0,0,1,60,65.0,50.0,59.75,High Risk
59,Female,Rural,Mashonaland West,Secondary,Formal,5,1,1,0,1,3,Low,22.9,1,1,1,20,30.0,30.0,25.5,Moderate Risk
36,Female,Rural,Mashonaland East,Secondary,Informal,2,1,1,0,0,2,Medium,8.6,1,1,0,30,50.0,5.0,32.0,Moderate Risk
18,Female,Rural,Manicaland,Primary,Informal,2,1,0,0,0,1,High,29.9,1,0,1,60,64.0,50.0,59.4,High Risk
43,Female,Urban,Harare,None,Informal,4,1,1,0,1,3,Low,0.2,0,1,0,20,34.0,30.0,26.9,Moderate Risk
39,Male,Rural,Midlands,Primary,Informal,1,1,1,0,0,2,Medium,56.0,1,0,0,30,53.0,50.0,42.05,Moderate Risk
31,Female,Urban,Harare,Secondary,Informal,3,1,1,0,1,3,Low,0.8,1,1,0,20,22.0,0.0,16.7,Low Risk
23,Male,Urban,Matabeleland South,Secondary,Formal,4,1,1,1,1,4,Low,20.0,1,1,0,0,8.0,35.0,9.8,Low Risk
23,Female,Urban,Harare,Secondary,Formal,5,0,1,1,1,3,Low,2.6,1,0,0,40,18.0,20.0,28.3,Moderate Risk
53,Female,Urban,Harare,Primary,Formal,4,1,1,1,1,4,Low,7.6,1,1,0,0,16.0,5.0,6.6,Low Risk
41,Male,Rural,Masvingo,Tertiary,Unemployed,1,1,0,0,0,1,High,35.6,1,1,0,60,55.0,50.0,56.25,High Risk
44,Male,Urban,Mashonaland West,Primary,Formal,5,1,1,0,0,2,Medium,0.6,1,1,0,30,6.0,0.0,15.6,Low Risk
41,Male,Rural,Manicaland,Primary,Unemployed,1,1,1,0,0,2,Medium,17.8,0,0,1,30,61.0,65.0,47.85,High Risk
42,Female,Rural,Manicaland,Secondary,Informal,1,0,0,0,0,0,High,42.0,1,1,1,100,57.0,30.0,70.95,Critical Risk
31,Male,Rural,Masvingo,Secondary,Unemployed,1,1,1,0,0,2,Medium,30.4,1,1,1,30,55.0,50.0,42.75,Moderate Risk
35,Male,Rural,Mashonaland East,Primary,Informal,2,0,1,0,0,1,High,9.2,1,0,0,70,46.0,25.0,52.6,High Risk
54,Female,Urban,Bulawayo,Tertiary,Informal,2,0,1,1,0,2,Medium,2.4,1,1,1,50,30.0,0.0,33.0,Moderate Risk
57,Male,Urban,Mashonaland West,Secondary,Informal,4,1,1,0,1,3,Low,9.6,1,1,0,20,12.0,5.0,14.2,Low Risk
20,Female,Urban,Harare,None,Informal,4,1,0,0,0,1,High,2.7,1,1,0,60,42.0,0.0,41.7,Moderate Risk
35,Female,Urban,Mashonaland West,None,Informal,3,1,1,0,1,3,Low,1.5,1,1,0,20,34.0,0.0,20.9,Low Risk
49,Male,Rural,Manicaland,Tertiary,Formal,4,1,1,1,1,4,Low,25.7,1,1,0,0,20.0,30.0,13.0,Low Risk
64,Male,Urban,Masvingo,Secondary,Unemployed,3,1,1,1,0,3,Low,4.6,1,1,0,10,20.0,20.0,15.5,Low Risk
62,Female,Urban,Midlands,Tertiary,Informal,3,1,1,0,1,3,Low,2.0,1,1,0,20,22.0,0.0,16.7,Low Risk
26,Female,Urban,Bulawayo,Primary,Formal,5,1,1,1,1,4,Low,5.2,1,1,0,0,16.0,5.0,6.6,Low Risk
55,Male,Urban,Midlands,Primary,Informal,3,1,1,0,1,3,Low,7.8,1,0,0,20,18.0,25.0,20.3,Low Risk
38,Female,Rural,Matabeleland South,Secondary,Informal,1,1,0,1,1,3,Low,25.9,0,0,1,30,57.0,100.0,53.45,High Risk
52,Female,Urban,Harare,Tertiary,Unemployed,4,1,1,0,0,2,Medium,0.1,0,0,0,30,30.0,50.0,34.0,Moderate Risk
49,Male,Rural,Harare,None,Unemployed,1,1,0,0,0,1,High,8.6,1,0,1,60,67.0,25.0,55.45,High Risk
20,Female,Rural,Bulawayo,Primary,Informal,1,0,0,0,0,0,High,38.5,0,1,1,100,71.0,60.0,81.85,Critical Risk
45,Female,Rural,Mashonaland West,Secondary,Informal,1,1,0,0,1,2,Medium,17.4,0,1,1,50,57.0,45.0,51.45,High Risk
52,Male,Urban,Bulawayo,Secondary,Formal,5,1,1,1,1,4,Low,6.4,1,1,0,0,0.0,5.0,1.0,Low Risk
37,Female,Rural,Mashonaland West,Secondary,Informal,3,1,1,0,1,3,Low,19.8,1,1,1,20,42.0,15.0,26.7,Moderate Risk
34,Male,Urban,Bulawayo,Secondary,Informal,4,1,1,0,1,3,Low,0.7,1,1,0,20,12.0,0.0,13.2,Low Risk
18,Male,Urban,Harare,Tertiary,Formal,5,1,1,1,1,4,Low,3.1,1,1,0,0,8.0,0.0,2.8,Low Risk
47,Male,Rural,Manicaland,Primary,Informal,1,1,0,0,1,2,Medium,18.7,1,0,1,50,53.0,35.0,48.05,High Risk
40,Female,Rural,Mashonaland Central,Primary,Formal,3,1,1,0,0,2,Medium,3.2,1,0,0,30,36.0,40.0,34.1,Moderate Risk
25,Female,Urban,Midlands,Secondary,Formal,5,1,1,1,1,4,Low,2.4,1,1,0,0,10.0,0.0,3.5,Low Risk
33,Female,Rural,Mashonaland East,Primary,Informal,1,1,1,0,0,2,Medium,42.4,1,1,0,30,63.0,30.0,41.55,Moderate Risk
40,Male,Urban,Harare,Secondary,Formal,5,1,0,0,1,2,Medium,3.1,1,1,1,50,0.0,0.0,22.5,Low Risk
30,Female,Rural,Mashonaland Central,Primary,Informal,1,1,0,0,1,2,Medium,35.2,0,1,1,50,63.0,80.0,60.55,High Risk
38,Female,Rural,Midlands,Secondary,Unemployed,2,1,1,0,0,2,Medium,3.9,1,1,0,30,58.0,0.0,33.8,Moderate Risk
18,Male,Urban,Harare,Secondary,Formal,5,1,1,1,1,4,Low,3.0,1,1,0,0,8.0,0.0,2.8,Low Risk
56,Male,Rural,Matabeleland North,None,Unemployed,1,1,1,0,0,2,Medium,24.0,0,0,1,30,67.0,100.0,56.95,High Risk
38,Female,Rural,Manicaland,Secondary,Informal,4,1,0,0,0,1,High,3.7,1,0,0,60,42.0,20.0,45.7,High Risk
22,Male,Rural,Manicaland,Secondary,Informal,1,1,0,0,1,2,Medium,1.6,1,1,0,50,55.0,0.0,41.75,Moderate Risk
18,Female,Rural,Matabeleland North,Primary,Informal,2,1,0,1,0,2,Medium,9.1,0,1,1,40,64.0,55.0,51.4,High Risk
52,Female,Rural,Masvingo,None,Informal,1,1,1,0,1,3,Low,3.3,0,0,0,20,69.0,70.0,47.15,High Risk
45,Male,Urban,Bulawayo,Secondary,Informal,3,1,0,0,1,2,Medium,2.0,1,1,0,50,12.0,0.0,26.7,Moderate Risk
40,Female,Rural,Mashonaland Central,Secondary,Informal,4,0,1,0,1,2,Medium,20.4,1,0,0,60,42.0,70.0,55.7,High Risk
50,Female,Urban,Midlands,Secondary,Formal,5,1,1,1,1,4,Low,0.1,1,1,0,0,10.0,0.0,3.5,Low Risk
50,Male,Rural,Masvingo,Secondary,Formal,4,0,1,1,1,3,Low,57.8,0,1,0,40,20.0,80.0,41.0,Moderate Risk
40,Female,Urban,Midlands,Secondary,Formal,5,1,1,1,1,4,Low,3.7,1,1,0,0,10.0,0.0,3.5,Low Risk
34,Male,Urban,Harare,Tertiary,Informal,4,1,1,1,1,4,Low,1.6,1,0,0,0,12.0,20.0,8.2,Low Risk
32,Female,Rural,Mashonaland West,Primary,Formal,3,0,1,1,1,3,Low,14.9,1,0,1,40,36.0,35.0,37.6,Moderate Risk
43,Male,Urban,Harare,Secondary,Informal,3,1,1,1,0,3,Low,1.7,1,1,0,10,12.0,0.0,8.7,Low Risk
57,Male,Urban,Mashonaland Central,Secondary,Informal,4,1,1,1,1,4,Low,0.1,1,1,0,0,12.0,20.0,8.2,Low Risk
36,Male,Rural,Matabeleland South,None,Informal,1,1,0,0,0,1,High,59.1,1,1,0,60,59.0,50.0,57.65,High Risk
58,Male,Urban,Bulawayo,Secondary,Formal,5,1,1,1,1,4,Low,1.1,1,1,0,0,0.0,0.0,0.0,Low Risk
43,Male,Urban,Harare,Secondary,Informal,4,0,1,0,0,1,High,3.0,1,0,0,70,12.0,20.0,39.7,Moderate Risk
43,Male,Urban,Harare,Tertiary,Informal,4,1,1,0,0,2,Medium,3.9,0,1,0,30,12.0,30.0,23.7,Low Risk
71,Female,Urban,Harare,Tertiary,Informal,5,1,1,1,0,3,Low,1.9,1,1,0,10,30.0,0.0,15.0,Low Risk
61,Male,Urban,Mashonaland West,Secondary,Informal,3,1,0,0,1,2,Medium,3.9,0,1,1,50,12.0,30.0,32.7,Moderate Risk
61,Male,Urban,Harare,Secondary,Formal,5,1,1,0,1,3,Low,10.4,1,1,0,20,0.0,15.0,12.0,Low Risk
26,Male,Urban,Harare,Secondary,Formal,5,1,1,0,1,3,Low,1.4,1,1,0,20,0.0,0.0,9.0,Low Risk
68,Female,Urban,Harare,Tertiary,Informal,5,1,1,1,0,3,Low,0.6,1,1,0,10,30.0,0.0,15.0,Low Risk
36,Male,Urban,Harare,Secondary,Informal,5,1,1,0,1,3,Low,0.1,1,1,0,20,12.0,0.0,13.2,Low Risk
34,Female,Rural,Midlands,Secondary,Informal,1,1,1,0,0,2,Medium,14.4,0,0,0,30,57.0,65.0,46.45,High Risk
18,Female,Rural,Mashonaland East,None,Informal,1,1,0,0,1,2,Medium,35.1,0,1,1,50,77.0,60.0,61.45,High Risk
42,Male,Urban,Matabeleland South,Secondary,Unemployed,3,1,1,0,0,2,Medium,3.0,1,1,1,30,20.0,20.0,24.5,Low Risk
22,Female,Urban,Bulawayo,Secondary,Unemployed,3,1,1,1,0,3,Low,0.4,0,1,1,10,38.0,30.0,23.8,Low Risk
43,Male,Rural,Masvingo,Secondary,Informal,2,1,1,0,1,3,Low,48.3,1,0,0,20,40.0,70.0,37.0,Moderate Risk
21,Female,Rural,Mashonaland West,Secondary,Informal,1,1,0,0,1,2,Medium,53.2,1,0,1,50,65.0,50.0,55.25,High Risk
63,Male,Urban,Bulawayo,Tertiary,Unemployed,2,1,1,0,0,2,Medium,1.5,0,1,1,30,28.0,30.0,29.3,Moderate Risk
45,Female,Urban,Bulawayo,Secondary,Informal,4,0,1,0,1,2,Medium,0.7,1,1,0,60,22.0,0.0,34.7,Moderate Risk
69,Female,Urban,Harare,Secondary,Unemployed,4,1,1,0,0,2,Medium,1.0,1,1,0,30,38.0,0.0,26.8,Moderate Risk
23,Male,Rural,Midlands,Secondary,Informal,1,1,1,0,1,3,Low,10.5,1,0,0,20,55.0,35.0,35.25,Moderate Risk
59,Male,Rural,Mashonaland East,Primary,Unemployed,1,1,0,0,0,1,High,2.6,1,0,0,60,61.0,20.0,52.35,High Risk
18,Male,Rural,Mashonaland East,Secondary,Informal,1,0,0,0,1,1,High,9.6,1,1,0,90,55.0,5.0,60.75,High Risk
40,Male,Urban,Harare,Secondary,Informal,2,1,1,0,0,2,Medium,6.6,0,1,0,30,20.0,35.0,27.5,Moderate Risk
29,Female,Urban,Bulawayo,Secondary,Informal,3,1,1,0,0,2,Medium,2.0,1,1,0,30,22.0,0.0,21.2,Low Risk
31,Female,Urban,Harare,Secondary,Formal,5,1,1,1,1,4,Low,18.0,1,1,0,0,10.0,15.0,6.5,Low Risk
30,Female,Urban,Harare,Secondary,Formal,5,1,1,1,1,4,Low,9.8,1,1,0,0,10.0,5.0,4.5,Low Risk
25,Female,Urban,Harare,Secondary,Formal,4,1,1,1,1,4,Low,0.7,0,1,1,0,10.0,30.0,9.5,Low Risk
20,Female,Rural,Mashonaland West,Primary,Formal,3,1,1,1,1,4,Low,18.3,1,1,0,0,44.0,15.0,18.4,Low Risk
31,Female,Urban,Harare,Secondary,Unemployed,4,1,1,0,0,2,Medium,0.6,1,0,0,30,30.0,20.0,28.0,Moderate Risk
39,Male,Rural,Midlands,Primary,Unemployed,1,1,0,0,0,1,High,4.8,1,1,1,60,61.0,0.0,48.35,High Risk
54,Male,Urban,Harare,Tertiary,Unemployed,4,1,0,0,0,1,High,7.1,1,1,0,60,20.0,5.0,35.0,Moderate Risk
42,Male,Urban,Midlands,Tertiary,Unemployed,3,1,1,0,0,2,Medium,2.2,1,1,0,30,20.0,0.0,20.5,Low Risk
54,Male,Rural,Matabeleland North,Tertiary,Unemployed,3,1,1,0,0,2,Medium,4.0,1,0,0,30,40.0,40.0,35.5,Moderate Risk
18,Male,Rural,Matabeleland South,Secondary,Unemployed,1,1,0,0,0,1,High,7.8,1,1,1,60,63.0,25.0,54.05,High Risk
31,Male,Urban,Matabeleland South,Primary,Formal,5,1,0,0,1,2,Medium,1.1,0,1,0,50,6.0,50.0,34.6,Moderate Risk
47,Male,Rural,Mashonaland Central,None,Informal,3,1,0,0,1,2,Medium,9.9,0,0,1,50,44.0,75.0,52.9,High Risk
42,Male,Urban,Bulawayo,Secondary,Unemployed,3,1,1,0,0,2,Medium,9.3,0,1,0,30,20.0,35.0,27.5,Moderate Risk
25,Male,Urban,Harare,Secondary,Informal,4,1,1,0,0,2,Medium,0.7,1,1,0,30,12.0,0.0,17.7,Low Risk
51,Male,Urban,Harare,Tertiary,Informal,4,1,0,0,1,2,Medium,2.8,0,1,0,50,12.0,30.0,32.7,Moderate Risk
30,Male,Urban,Harare,Secondary,Informal,3,1,1,0,1,3,Low,0.9,1,0,0,20,12.0,20.0,17.2,Low Risk
27,Male,Rural,Matabeleland North,Tertiary,Informal,2,1,0,0,1,2,Medium,18.6,0,1,0,50,40.0,65.0,49.5,High Risk
