age,gender,location,province,education_level,employment_sector,income_quintile,has_national_id,has_proof_of_address,has_tin,has_employment_proof,kyc_doc_score,kyc_barrier_level,distance_to_branch_km,has_mobile_phone,has_internet,financially_excluded
18,Male,Rural,Matabeleland South,Secondary,Informal,2,1,0,0,1,2,Medium,3.6,1,0,0
53,Female,Urban,Bulawayo,Secondary,Informal,4,1,1,0,1,3,Low,0.3,1,1,0
54,Female,Rural,Masvingo,Secondary,Unemployed,1,1,1,0,0,2,Medium,20.0,1,0,1
31,Male,Rural,Masvingo,Primary,Informal,4,1,0,1,1,3,Low,4.8,1,1,1
45,Male,Urban,Harare,None,Informal,4,1,1,1,1,4,Low,2.4,0,1,1
34,Male,Rural,Mashonaland Central,None,Informal,1,0,0,0,0,0,High,19.3,0,0,1
41,Female,Rural,Matabeleland South,Secondary,Unemployed,3,1,0,0,0,1,High,10.5,0,1,0
21,Female,Rural,Mashonaland West,Secondary,Unemployed,1,1,1,0,0,2,Medium,2.7,0,0,0
46,Female,Urban,Bulawayo,Secondary,Formal,4,1,1,1,1,4,Low,1.1,1,1,0
18,Male,Urban,Matabeleland South,None,Informal,3,1,1,1,1,4,Low,3.3,1,1,0
18,Male,Urban,Harare,Secondary,Informal,3,0,1,0,0,1,High,3.7,1,1,0
36,Female,Rural,Mashonaland West,Secondary,Informal,3,1,1,0,0,2,Medium,3.3,1,1,0
35,Male,Rural,Mashonaland East,None,Informal,2,1,1,0,0,2,Medium,8.9,1,0,0
41,Female,Rural,Manicaland,Secondary,Informal,2,1,1,0,1,3,Low,5.8,1,1,1
28,Male,Urban,Matabeleland South,Secondary,Formal,5,1,1,1,1,4,Low,1.2,1,1,0
64,Male,Urban,Midlands,Secondary,Informal,4,1,1,0,1,3,Low,1.3,1,1,0
40,Female,Rural,Mashonaland East,None,Unemployed,1,0,0,1,0,1,High,25.4,1,0,1
41,Male,Urban,Matabeleland South,Tertiary,Formal,5,1,1,1,1,4,Low,0.7,1,1,1
40,Female,Rural,Manicaland,Secondary,Informal,1,1,0,0,1,2,Medium,3.1,1,0,1
52,Male,Rural,Midlands,Primary,Informal,2,0,0,0,0,0,High,8.8,1,1,1
46,Female,Rural,Matabeleland South,Secondary,Informal,2,1,1,0,0,2,Medium,7.7,1,0,0
44,Female,Urban,Harare,Tertiary,Formal,5,1,1,0,1,3,Low,4.0,1,1,0
48,Female,Rural,Masvingo,Secondary,Informal,2,1,0,1,1,3,Low,38.5,1,0,0
18,Female,Rural,Matabeleland South,Secondary,Informal,2,0,1,0,1,2,Medium,3.3,0,1,1
18,Female,Rural,Mashonaland East,Primary,Informal,2,1,1,1,0,3,Low,32.2,0,1,1
36,Female,Urban,Harare,Tertiary,Formal,5,1,0,1,1,3,Low,0.3,1,1,0
35,Male,Urban,Bulawayo,Secondary,Formal,4,1,1,1,1,4,Low,1.8,1,1,0
46,Male,Urban,Harare,Tertiary,Informal,4,1,1,0,0,2,Medium,5.5,1,1,0
38,Female,Urban,Harare,Secondary,Unemployed,4,1,1,1,0,3,Low,2.5,1,1,0
46,Male,Rural,Mashonaland Central,None,Unemployed,1,1,0,0,0,1,High,6.7,1,0,1
20,Male,Rural,Matabeleland South,Secondary,Unemployed,2,0,0,0,0,0,High,2.6,0,1,1
37,Female,Rural,Mashonaland East,Secondary,Formal,4,1,1,0,1,3,Low,10.5,1,1,0
19,Male,Urban,Bulawayo,Secondary,Unemployed,3,1,1,0,0,2,Medium,1.1,1,1,0
43,Female,Urban,Harare,Tertiary,Informal,5,1,1,0,1,3,Low,0.1,1,1,0
18,Female,Urban,Harare,Primary,Informal,3,1,1,0,0,2,Medium,1.2,1,1,1
42,Male,Urban,Bulawayo,Secondary,Informal,2,1,1,0,1,3,Low,5.3,1,1,1
18,Female,Urban,Harare,Secondary,Formal,5,1,1,1,1,4,Low,0.4,1,1,0
32,Male,Urban,Bulawayo,Secondary,Formal,4,1,1,1,1,4,Low,8.2,1,1,0
50,Female,Urban,Harare,Secondary,Formal,3,1,0,1,1,3,Low,0.3,1,1,0
41,Female,Rural,Matabeleland North,Tertiary,Informal,2,1,0,0,0,1,High,10.4,1,1,1
18,Male,Urban,Harare,Secondary,Informal,4,1,1,0,0,2,Medium,1.3,1,1,0
28,Male,Rural,Midlands,Secondary,Unemployed,2,1,1,1,0,3,Low,34.6,1,0,1
18,Male,Rural,Manicaland,Secondary,Formal,3,1,1,1,1,4,Low,23.3,1,0,0
18,Male,Urban,Masvingo,Tertiary,Informal,4,1,1,0,0,2,Medium,1.3,0,1,0
39,Male,Rural,Mashonaland Central,Secondary,Informal,3,1,1,0,0,2,Medium,44.5,1,0,0
45,Female,Rural,Manicaland,Secondary,Formal,3,0,1,0,0,1,High,2.1,1,1,1
44,Male,Urban,Bulawayo,Secondary,Formal,5,1,1,0,1,3,Low,4.5,1,1,0
46,Female,Urban,Harare,Tertiary,Informal,5,1,1,0,1,3,Low,4.4,1,1,1
37,Male,Rural,Mashonaland West,Primary,Informal,1,1,1,0,1,3,Low,26.2,0,0,1
34,Female,Urban,Mashonaland East,Tertiary,Formal,5,1,1,1,1,4,Low,0.5,1,1,0
22,Male,Urban,Mashonaland East,Tertiary,Formal,5,1,1,1,1,4,Low,4.5,1,0,0
31,Male,Urban,Bulawayo,Tertiary,Formal,5,1,1,1,1,4,Low,12.7,0,0,0
19,Female,Rural,Midlands,None,Unemployed,2,0,1,0,0,1,High,10.3,0,0,1
26,Male,Rural,Mashonaland West,Secondary,Unemployed,2,1,0,0,0,1,High,11.8,0,0,1
39,Female,Rural,Manicaland,None,Informal,3,0,1,0,1,2,Medium,1.4,0,0,1
36,Male,Rural,Matabeleland South,Secondary,Informal,3,1,0,0,0,1,High,14.7,1,0,1
80,Female,Urban,Harare,Secondary,Unemployed,4,1,1,1,0,3,Low,4.1,1,1,0
19,Female,Rural,Mashonaland Central,Secondary,Informal,2,1,1,0,0,2,Medium,9.8,1,1,0
36,Female,Urban,Harare,Secondary,Formal,4,1,1,1,0,3,Low,8.7,1,1,0
18,Male,Urban,Harare,Secondary,Formal,5,1,1,1,1,4,Low,0.7,0,1,0
32,Male,Rural,Mashonaland East,Secondary,Informal,3,0,1,0,1,2,Medium,2.9,0,0,1
33,Male,Urban,Harare,Secondary,Informal,4,1,1,0,1,3,Low,2.2,1,1,0
49,Male,Rural,Masvingo,Secondary,Unemployed,1,1,0,0,0,1,High,64.7,1,1,0
31,Male,Rural,Matabeleland South,Secondary,Informal,4,1,1,0,1,3,Low,43.4,0,0,1
35,Female,Rural,Midlands,Secondary,Informal,2,1,1,0,1,3,Low,10.1,0,0,0
31,Female,Rural,Manicaland,None,Unemployed,1,0,0,1,0,1,High,16.1,1,0,1
18,Female,Rural,Mashonaland Central,Secondary,Informal,2,1,1,0,0,2,Medium,11.5,1,0,0
28,Male,Urban,Bulawayo,Tertiary,Formal,4,1,1,1,0,3,Low,0.5,1,1,0
32,Male,Urban,Harare,Secondary,Formal,5,1,1,1,1,4,Low,4.2,1,1,0
39,Female,Urban,Harare,Primary,Unemployed,5,1,1,0,0,2,Medium,5.8,1,0,0
45,Male,Urban,Bulawayo,Tertiary,Informal,3,1,1,0,0,2,Medium,3.3,1,0,0
34,Male,Urban,Mashonaland East,Tertiary,Informal,4,1,1,0,0,2,Medium,2.0,0,1,1
34,Male,Rural,Mashonaland Central,Secondary,Informal,1,1,0,0,1,2,Medium,11.7,0,0,1
18,Female,Urban,Bulawayo,Tertiary,Formal,5,0,1,1,1,3,Low,3.9,1,1,1
45,Female,Urban,Bulawayo,Tertiary,Formal,4,0,1,1,1,3,Low,1.5,1,1,1
28,Male,Urban,Mashonaland West,Secondary,Informal,4,1,1,0,0,2,Medium,0.1,1,1,0
48,Male,Urban,Harare,Secondary,Unemployed,2,1,1,0,0,2,Medium,0.1,1,1,1
56,Male,Rural,Matabeleland South,Secondary,Informal,3,1,0,0,0,1,High,4.0,0,0,0
35,Male,Rural,Matabeleland South,Tertiary,Formal,4,1,1,1,1,4,Low,4.5,1,1,1
23,Female,Rural,Mashonaland Central,Secondary,Unemployed,2,1,1,0,0,2,Medium,21.7,0,1,1
37,Male,Rural,Masvingo,None,Informal,1,1,1,0,0,2,Medium,38.9,1,1,0
42,Female,Urban,Bulawayo,Tertiary,Formal,4,1,1,1,1,4,Low,1.4,1,1,0
33,Male,Rural,Mashonaland East,Secondary,Informal,2,0,1,1,1,3,Low,1.5,0,0,0
30,Male,Urban,Bulawayo,Secondary,Formal,5,1,1,1,1,4,Low,9.9,0,1,0
45,Female,Urban,Harare,Tertiary,Informal,5,0,1,0,1,2,Medium,0.5,1,1,0
44,Male,Urban,Mashonaland Central,Tertiary,Informal,3,1,1,0,0,2,Medium,8.8,0,1,0
33,Female,Rural,Harare,Secondary,Informal,1,1,1,0,0,2,Medium,23.6,1,0,1
18,Male,Urban,Bulawayo,Tertiary,Formal,5,0,1,1,1,3,Low,0.5,1,1,0
44,Female,Urban,Harare,Primary,Informal,4,1,1,0,1,3,Low,2.9,1,1,0
27,Male,Urban,Bulawayo,Tertiary,Informal,3,1,1,1,1,4,Low,3.5,0,1,0
41,Male,Urban,Bulawayo,Secondary,Formal,4,1,1,1,1,4,Low,1.7,0,1,0
40,Female,Rural,Mashonaland West,Secondary,Informal,2,0,1,0,0,1,High,28.0,1,0,1
18,Male,Urban,Bulawayo,Tertiary,Unemployed,2,1,1,0,0,2,Medium,5.4,0,1,0
39,Male,Urban,Harare,Tertiary,Unemployed,4,0,1,0,0,1,High,3.0,1,0,1
45,Female,Urban,Harare,Tertiary,Formal,5,1,1,1,1,4,Low,14.6,0,1,0
46,Female,Rural,Matabeleland South,Secondary,Informal,3,1,1,0,1,3,Low,6.1,0,0,1
39,Female,Urban,Harare,Secondary,Unemployed,3,1,1,0,0,2,Medium,0.9,0,1,0
18,Female,Urban,Mashonaland Central,Secondary,Formal,5,1,1,1,1,4,Low,1.8,1,1,0
55,Female,Urban,Bulawayo,Primary,Unemployed,1,1,1,0,0,2,Medium,3.1,1,1,1
43,Female,Rural,Midlands,Secondary,Informal,1,1,0,0,1,2,Medium,35.8,1,0,1
21,Female,Rural,Mashonaland Central,Secondary,Informal,3,1,1,1,0,3,Low,1.7,1,1,0
26,Male,Rural,Mashonaland West,Secondary,Informal,1,1,0,1,0,2,Medium,19.0,1,1,0
41,Male,Urban,Harare,Secondary,Formal,4,1,1,1,1,4,Low,2.4,1,1,0
47,Female,Rural,Midlands,Secondary,Unemployed,1,1,1,0,0,2,Medium,15.0,1,1,0
31,Female,Rural,Matabeleland North,Secondary,Informal,2,1,1,0,0,2,Medium,5.3,0,0,1
49,Male,Rural,Masvingo,Tertiary,Formal,4,0,1,1,0,2,Medium,62.8,1,1,1
18,Male,Urban,Manicaland,Tertiary,Informal,4,1,1,0,0,2,Medium,1.3,1,1,0
23,Male,Urban,Harare,Secondary,Unemployed,3,1,1,0,0,2,Medium,0.2,1,1,0
18,Female,Urban,Bulawayo,Tertiary,Unemployed,4,1,1,0,0,2,Medium,0.1,1,1,0
25,Female,Rural,Matabeleland South,Primary,Informal,3,1,1,0,1,3,Low,6.2,1,1,0
59,Male,Urban,Harare,Primary,Formal,5,1,0,1,1,3,Low,2.0,1,1,1
66,Female,Urban,Matabeleland South,Secondary,Formal,5,1,1,1,1,4,Low,0.4,1,1,0
41,Female,Urban,Masvingo,Tertiary,Formal,5,1,1,1,0,3,Low,5.1,1,1,0
29,Female,Rural,Midlands,None,Unemployed,1,1,0,0,0,1,High,2.5,1,0,0
34,Male,Urban,Mashonaland East,Secondary,Informal,3,1,1,0,1,3,Low,2.1,1,1,0
44,Female,Rural,Mashonaland East,Secondary,Unemployed,1,1,0,0,0,1,High,29.4,1,0,1
18,Female,Rural,Masvingo,None,Formal,3,0,1,1,1,3,Low,17.4,1,1,0
29,Female,Rural,Manicaland,Secondary,Unemployed,1,1,1,0,0,2,Medium,1.8,0,0,0
58,Male,Urban,Mashonaland Central,Secondary,Unemployed,2,1,1,0,0,2,Medium,1.1,0,1,0
23,Female,Rural,Mashonaland Central,Tertiary,Informal,1,1,1,1,0,3,Low,18.6,1,1,0
27,Female,Rural,Midlands,Primary,Unemployed,1,1,1,0,0,2,Medium,3.9,0,0,0
38,Male,Rural,Mashonaland Central,Primary,Informal,1,1,1,0,0,2,Medium,69.0,1,1,1
41,Male,Urban,Harare,None,Informal,3,1,1,0,0,2,Medium,2.3,1,1,0
29,Female,Urban,Harare,Primary,Formal,4,1,1,1,1,4,Low,1.2,1,1,0
39,Female,Urban,Manicaland,Tertiary,Formal,5,1,1,1,1,4,Low,3.9,0,1,0
46,Male,Urban,Harare,Secondary,Formal,4,1,1,1,1,4,Low,2.0,1,1,0
65,Male,Urban,Harare,Secondary,Informal,4,1,1,1,1,4,Low,2.9,1,1,0
36,Male,Urban,Harare,Tertiary,Formal,5,1,1,1,1,4,Low,8.5,1,1,0
37,Female,Urban,Harare,Tertiary,Formal,5,1,1,1,1,4,Low,5.9,1,1,0
59,Female,Rural,Midlands,None,Informal,1,1,0,0,1,2,Medium,79.9,1,0,1
30,Male,Urban,Bulawayo,Secondary,Informal,2,1,1,0,0,2,Medium,6.0,1,1,1
19,Male,Rural,Mashonaland Central,Secondary,Unemployed,3,1,1,0,0,2,Medium,48.5,0,0,1
41,Male,Rural,Mashonaland Central,Secondary,Informal,4,1,1,0,1,3,Low,41.2,1,0,0
53,Male,Urban,Harare,Tertiary,Informal,2,1,1,0,1,3,Low,2.6,1,1,0
43,Female,Rural,Mashonaland East,None,Unemployed,1,0,1,1,0,2,Medium,4.7,0,1,1
36,Female,Urban,Harare,Tertiary,Informal,4,1,1,0,1,3,Low,3.2,1,0,0
18,Male,Rural,Bulawayo,None,Informal,1,1,0,0,1,2,Medium,2.7,1,0,1
37,Male,Urban,Harare,Secondary,Informal,1,1,1,0,1,3,Low,3.2,1,1,1
55,Male,Rural,Mashonaland East,Secondary,Unemployed,1,1,1,0,0,2,Medium,80.9,1,1,0
20,Female,Urban,Mashonaland Central,Tertiary,Formal,5,1,1,1,1,4,Low,0.9,1,1,0
34,Female,Urban,Harare,None,Informal,4,1,1,0,0,2,Medium,0.3,1,1,0
32,Female,Urban,Bulawayo,Secondary,Formal,5,1,1,1,1,4,Low,4.2,1,1,0
28,Male,Rural,Masvingo,Secondary,Informal,2,1,1,0,0,2,Medium,17.9,1,0,1
41,Female,Rural,Midlands,Primary,Informal,1,1,1,1,1,4,Low,53.6,0,0,0
44,Male,Urban,Harare,Secondary,Informal,4,1,1,1,1,4,Low,1.2,1,1,0
44,Female,Urban,Mashonaland East,Secondary,Unemployed,3,1,1,0,0,2,Medium,0.3,1,0,0
24,Female,Urban,Masvingo,Primary,Unemployed,2,1,1,1,0,3,Low,13.7,1,1,1
18,Male,Urban,Midlands,Tertiary,Informal,4,1,0,0,0,1,High,1.6,1,1,1
41,Female,Urban,Mashonaland East,Primary,Informal,2,1,1,0,1,3,Low,0.6,1,0,0
30,Male,Urban,Harare,Secondary,Unemployed,1,1,0,0,0,1,High,1.8,1,1,0
63,Female,Rural,Midlands,Secondary,Informal,3,1,1,0,1,3,Low,8.6,0,1,1
64,Male,Rural,Matabeleland South,None,Formal,4,1,0,1,1,3,Low,1.0,1,1,1
65,Male,Urban,Harare,Secondary,Informal,4,1,1,0,1,3,Low,0.7,1,1,0
24,Male,Rural,Mashonaland Central,Primary,Informal,1,1,1,0,0,2,Medium,16.0,0,0,0
45,Male,Urban,Matabeleland South,Tertiary,Informal,4,1,1,1,1,4,Low,1.5,1,1,0
50,Male,Rural,Mashonaland Central,Secondary,Unemployed,2,1,1,0,0,2,Medium,22.0,0,0,1
48,Male,Urban,Mashonaland Central,Tertiary,Formal,5,1,1,0,1,3,Low,0.6,1,1,0
33,Female,Rural,Mashonaland West,Primary,Unemployed,2,1,0,0,0,1,High,6.5,0,1,1
55,Male,Rural,Matabeleland North,Secondary,Informal,1,1,0,1,1,3,Low,1.0,1,0,1
38,Male,Rural,Manicaland,Secondary,Unemployed,2,1,1,0,0,2,Medium,18.4,0,0,0
39,Female,Urban,Manicaland,Secondary,Formal,5,1,1,1,1,4,Low,3.2,1,1,0
18,Female,Rural,Masvingo,None,Informal,2,0,1,0,0,1,High,6.1,0,0,1
47,Male,Urban,Matabeleland North,Primary,Informal,2,1,1,0,1,3,Low,6.2,1,0,0
34,Male,Urban,Harare,Secondary,Informal,3,1,1,1,0,3,Low,3.7,1,0,1
44,Female,Rural,Manicaland,Primary,Informal,1,0,1,0,0,1,High,90.2,1,0,1
41,Female,Urban,Harare,Tertiary,Formal,5,1,1,1,1,4,Low,0.3,1,1,0
40,Male,Rural,Manicaland,Tertiary,Formal,4,1,1,0,1,3,Low,81.1,1,1,1
37,Female,Rural,Midlands,Primary,Informal,1,0,1,0,1,2,Medium,2.4,1,0,0
49,Male,Urban,Harare,Tertiary,Informal,3,1,1,0,0,2,Medium,5.1,1,1,0
35,Male,Rural,Mashonaland Central,Secondary,Informal,3,1,0,1,0,2,Medium,27.4,0,0,1
18,Female,Urban,Mashonaland East,Secondary,Informal,3,1,0,0,0,1,High,4.3,1,1,0
45,Female,Urban,Harare,Tertiary,Formal,5,0,1,1,1,3,Low,1.7,1,1,1
26,Female,Urban,Harare,Tertiary,Formal,4,1,1,1,1,4,Low,2.6,1,1,0
19,Male,Rural,Matabeleland North,Secondary,Unemployed,1,1,0,0,0,1,High,18.1,1,1,0
23,Male,Urban,Harare,Secondary,Informal,3,1,1,0,0,2,Medium,13.4,1,1,0
41,Male,Urban,Mashonaland West,Secondary,Informal,3,0,1,1,1,3,Low,8.8,1,1,1
36,Male,Urban,Bulawayo,Tertiary,Informal,4,1,1,0,1,3,Low,3.5,1,1,0
18,Male,Rural,Mashonaland East,Primary,Unemployed,1,1,0,0,0,1,High,17.1,1,0,1
32,Female,Rural,Masvingo,None,Unemployed,1,1,1,0,0,2,Medium,4.2,0,1,0
54,Female,Rural,Midlands,Primary,Informal,1,0,0,1,1,2,Medium,2.7,1,0,1
31,Female,Rural,Mashonaland East,Secondary,Informal,3,0,1,0,1,2,Medium,72.3,1,0,1
35,Male,Rural,Matabeleland North,Primary,Formal,2,1,1,1,1,4,Low,1.8,0,0,1
52,Male,Urban,Harare,Tertiary,Informal,4,1,1,0,0,2,Medium,0.6,1,1,0
49,Female,Urban,Bulawayo,Secondary,Informal,5,1,1,0,0,2,Medium,5.1,1,1,0
52,Male,Rural,Matabeleland North,Secondary,Informal,3,1,1,0,1,3,Low,7.0,1,1,0
18,Female,Rural,Manicaland,Secondary,Informal,2,1,1,1,1,4,Low,18.3,1,0,0
62,Male,Urban,Bulawayo,Secondary,Unemployed,3,1,1,1,0,3,Low,5.8,1,0,1
46,Female,Urban,Harare,Secondary,Formal,5,1,1,1,1,4,Low,0.1,0,1,0
72,Female,Rural,Matabeleland North,Primary,Unemployed,1,1,0,0,0,1,High,20.5,1,0,1
27,Female,Urban,Bulawayo,Tertiary,Unemployed,3,1,1,0,0,2,Medium,1.0,1,0,0
18,Female,Rural,Mashonaland East,Secondary,Informal,3,1,1,0,0,2,Medium,89.9,1,0,1
38,Female,Urban,Harare,Secondary,Formal,5,1,0,1,1,3,Low,1.9,1,1,0
34,Male,Urban,Matabeleland North,Tertiary,Unemployed,4,1,1,0,0,2,Medium,1.9,1,1,0
47,Female,Rural,Mashonaland East,Secondary,Informal,3,1,0,0,1,2,Medium,34.2,1,1,1
53,Female,Urban,Harare,Primary,Informal,3,1,1,0,0,2,Medium,3.6,1,0,0
36,Female,Urban,Harare,Secondary,Informal,4,1,1,0,0,2,Medium,4.5,0,1,0
34,Male,Rural,Masvingo,Secondary,Informal,1,1,0,0,1,2,Medium,1.3,0,0,1
45,Male,Rural,Mashonaland Central,Secondary,Informal,4,1,0,1,0,2,Medium,22.5,1,0,0
34,Female,Urban,Mashonaland West,Primary,Unemployed,2,1,1,0,0,2,Medium,0.3,1,1,0
33,Female,Urban,Bulawayo,Secondary,Informal,4,1,0,0,1,2,Medium,1.8,1,1,0
52,Male,Rural,Harare,Secondary,Unemployed,1,1,1,0,0,2,Medium,16.2,1,1,0
55,Male,Rural,Masvingo,Primary,Informal,1,1,0,0,1,2,Medium,31.6,1,1,1
53,Male,Urban,Harare,Primary,Unemployed,2,1,1,0,0,2,Medium,2.8,1,0,0
35,Male,Urban,Harare,Secondary,Informal,2,1,1,0,1,3,Low,1.3,0,1,1
18,Male,Urban,Bulawayo,Secondary,Formal,3,1,1,0,1,3,Low,2.2,1,1,0
35,Male,Urban,Harare,Secondary,Unemployed,4,1,1,0,0,2,Medium,1.3,0,1,0
27,Male,Urban,Masvingo,Secondary,Unemployed,3,1,1,0,0,2,Medium,0.4,0,1,0
36,Female,Rural,Masvingo,None,Informal,1,1,0,0,0,1,High,102.1,1,0,1
28,Male,Urban,Harare,Secondary,Informal,4,1,1,0,1,3,Low,2.4,1,1,0
37,Male,Urban,Midlands,Tertiary,Formal,5,1,1,1,1,4,Low,3.2,1,1,0
23,Male,Rural,Masvingo,Secondary,Formal,3,1,1,1,1,4,Low,17.2,0,1,1
20,Male,Rural,Mashonaland Central,Primary,Informal,2,1,1,0,0,2,Medium,31.2,1,0,0
55,Female,Urban,Bulawayo,Tertiary,Informal,5,1,1,1,1,4,Low,3.6,1,1,0
24,Female,Rural,Midlands,Secondary,Formal,3,0,1,1,0,2,Medium,7.7,0,0,1
38,Male,Rural,Mashonaland West,Secondary,Informal,2,0,1,0,1,2,Medium,8.0,1,0,0
51,Male,Rural,Mashonaland West,Tertiary,Unemployed,2,1,0,0,0,1,High,21.5,1,0,1
50,Male,Urban,Bulawayo,Secondary,Informal,5,1,0,0,0,1,High,2.9,1,1,0
49,Male,Urban,Harare,Primary,Unemployed,3,1,1,0,0,2,Medium,2.0,0,1,1
42,Male,Rural,Mashonaland Central,Secondary,Informal,2,0,1,0,1,2,Medium,25.5,1,0,1
48,Male,Urban,Bulawayo,Secondary,Formal,5,1,1,1,1,4,Low,1.4,1,1,0
57,Male,Urban,Masvingo,Secondary,Informal,5,0,1,1,1,3,Low,1.0,1,1,0
43,Female,Urban,Manicaland,Primary,Informal,3,1,1,0,1,3,Low,0.7,0,0,0
18,Male,Rural,Manicaland,None,Informal,2,0,0,0,0,0,High,47.0,1,1,1
30,Male,Rural,Mashonaland West,None,Unemployed,1,1,0,1,0,2,Medium,19.7,1,1,0
47,Male,Urban,Harare,Secondary,Formal,5,1,1,1,1,4,Low,0.7,0,1,0
29,Male,Rural,Mashonaland East,Tertiary,Informal,4,1,1,1,1,4,Low,11.5,1,0,0
60,Male,Urban,Bulawayo,Secondary,Informal,3,1,1,0,1,3,Low,1.3,0,1,0
37,Male,Rural,Mashonaland East,Secondary,Formal,4,1,1,1,1,4,Low,11.4,1,1,1
39,Male,Rural,Midlands,None,Informal,1,1,1,0,1,3,Low,3.8,1,0,0
53,Male,Urban,Bulawayo,Secondary,Informal,2,1,1,0,0,2,Medium,0.5,0,1,0
35,Female,Urban,Bulawayo,Tertiary,Formal,5,1,1,1,1,4,Low,1.9,1,1,0
40,Female,Urban,Masvingo,Secondary,Informal,4,1,1,0,1,3,Low,0.7,1,1,0
50,Male,Rural,Matabeleland North,Primary,Informal,1,0,1,0,0,1,High,5.8,1,0,1
18,Male,Rural,Midlands,Secondary,Informal,1,1,1,0,1,3,Low,27.8,0,1,0
34,Female,Rural,Matabeleland South,Primary,Unemployed,1,1,0,1,0,2,Medium,35.9,1,1,0
49,Female,Rural,Masvingo,None,Unemployed,1,1,0,0,0,1,High,44.1,1,0,1
38,Male,Urban,Harare,Tertiary,Formal,5,1,1,1,1,4,Low,1.3,1,0,0
58,Male,Rural,Mashonaland East,Secondary,Unemployed,1,0,0,0,0,0,High,13.7,0,1,1
18,Male,Urban,Masvingo,Secondary,Informal,4,1,1,0,0,2,Medium,3.2,1,1,0
18,Female,Urban,Harare,Primary,Formal,4,1,1,1,1,4,Low,0.4,1,1,0
48,Male,Rural,Midlands,Primary,Informal,2,0,1,0,0,1,High,30.4,0,0,1
50,Male,Rural,Mashonaland East,Secondary,Informal,1,1,0,1,0,2,Medium,44.7,1,0,1
35,Male,Urban,Manicaland,Secondary,Formal,5,1,1,0,1,3,Low,7.5,1,1,0
43,Male,Urban,Harare,Secondary,Informal,5,1,1,0,1,3,Low,2.1,1,1,0
48,Male,Rural,Midlands,Secondary,Informal,2,0,0,1,1,2,Medium,18.4,1,1,1
26,Female,Rural,Manicaland,Secondary,Unemployed,2,1,1,0,0,2,Medium,7.1,0,0,1
28,Female,Rural,Mashonaland East,Secondary,Informal,3,0,0,0,1,1,High,32.2,0,0,1
40,Male,Urban,Masvingo,Secondary,Formal,4,1,1,1,1,4,Low,6.1,1,1,0
50,Male,Urban,Harare,Secondary,Unemployed,2,1,1,0,0,2,Medium,0.6,1,1,0
21,Female,Urban,Harare,Tertiary,Informal,4,1,1,1,1,4,Low,2.6,1,1,0
35,Male,Rural,Midlands,Primary,Formal,5,1,1,1,1,4,Low,8.6,0,0,1
34,Male,Rural,Matabeleland South,Secondary,Formal,3,1,1,1,0,3,Low,4.3,1,1,1
43,Male,Urban,Harare,Secondary,Informal,5,1,1,0,1,3,Low,1.9,1,1,0
37,Female,Urban,Bulawayo,Tertiary,Informal,4,1,1,1,0,3,Low,0.3,1,0,0
30,Female,Urban,Harare,Tertiary,Informal,4,1,1,0,1,3,Low,2.4,1,0,1
55,Female,Rural,Mashonaland Central,None,Unemployed,2,0,1,0,0,1,High,7.1,0,0,0
30,Female,Rural,Masvingo,Primary,Informal,3,1,0,0,1,2,Medium,7.2,1,0,1
33,Male,Urban,Harare,Secondary,Unemployed,3,1,1,0,0,2,Medium,0.4,1,1,0
18,Male,Urban,Bulawayo,Secondary,Informal,4,0,1,0,1,2,Medium,2.2,1,1,0
28,Male,Rural,Mashonaland Central,Secondary,Informal,1,1,1,0,0,2,Medium,47.2,1,0,0
45,Female,Urban,Mashonaland West,Primary,Formal,4,1,1,1,1,4,Low,0.5,1,1,0
42,Female,Rural,Masvingo,Secondary,Informal,1,0,0,0,0,0,High,63.9,1,1,1
46,Male,Urban,Harare,Tertiary,Informal,3,1,1,0,1,3,Low,0.3,1,1,1
45,Female,Urban,Matabeleland North,Tertiary,Informal,4,1,1,0,0,2,Medium,1.4,1,1,0
67,Male,Rural,Matabeleland South,None,Informal,1,1,1,1,0,3,Low,45.4,1,1,0
27,Male,Urban,Harare,Tertiary,Informal,5,1,0,1,0,2,Medium,2.7,1,1,1
18,Male,Urban,Midlands,Primary,Informal,5,1,1,0,0,2,Medium,3.5,0,1,1
23,Female,Urban,Harare,Secondary,Informal,3,1,0,0,1,2,Medium,1.1,1,0,0
28,Female,Urban,Harare,Secondary,Formal,4,1,1,0,1,3,Low,0.1,1,1,0
24,Female,Urban,Harare,Secondary,Unemployed,4,1,1,1,0,3,Low,1.8,0,1,0
39,Female,Urban,Harare,Primary,Informal,4,1,1,0,1,3,Low,4.2,1,1,1
55,Female,Urban,Bulawayo,Secondary,Informal,4,1,1,0,0,2,Medium,2.6,1,1,0
59,Female,Urban,Bulawayo,Secondary,Informal,4,1,1,0,0,2,Medium,11.8,1,1,0
45,Female,Rural,Midlands,Tertiary,Informal,3,1,1,1,0,3,Low,3.3,1,1,1
67,Male,Rural,Mashonaland Central,Secondary,Unemployed,1,1,0,0,0,1,High,13.1,1,1,1
33,Female,Urban,Harare,Tertiary,Unemployed,2,1,1,0,0,2,Medium,2.1,1,1,0
18,Female,Urban,Harare,Secondary,Informal,3,1,1,0,1,3,Low,2.4,1,0,0
52,Female,Urban,Harare,Secondary,Unemployed,3,0,1,1,0,2,Medium,0.1,1,0,0
18,Male,Rural,Midlands,None,Informal,1,1,1,0,0,2,Medium,63.0,1,0,1
27,Female,Rural,Matabeleland North,None,Unemployed,1,1,1,1,0,3,Low,59.4,0,0,1
45,Female,Urban,Mashonaland East,Secondary,Unemployed,1,0,1,0,0,1,High,0.1,1,1,1
36,Male,Urban,Mashonaland Central,Tertiary,Informal,2,0,1,0,0,1,High,2.0,1,0,1
35,Female,Urban,Harare,Secondary,Informal,4,1,1,1,0,3,Low,5.2,1,1,0
21,Male,Urban,Harare,Secondary,Informal,3,1,1,0,1,3,Low,9.0,0,1,0
37,Male,Rural,Mashonaland West,Secondary,Informal,2,1,1,0,1,3,Low,27.1,1,0,1
52,Male,Urban,Mashonaland West,Tertiary,Informal,3,1,1,0,0,2,Medium,7.3,0,0,0
38,Female,Urban,Harare,Secondary,Formal,4,1,1,1,1,4,Low,3.6,1,1,0
26,Female,Urban,Harare,Tertiary,Informal,3,0,0,0,1,1,High,0.9,0,1,1
20,Male,Urban,Bulawayo,Secondary,Formal,5,1,1,1,1,4,Low,1.0,1,1,0
26,Female,Urban,Harare,Secondary,Informal,3,1,1,0,1,3,Low,2.2,1,1,0
43,Male,Rural,Masvingo,Secondary,Informal,3,0,1,0,0,1,High,4.0,1,0,0
42,Male,Urban,Harare,Secondary,Formal,5,0,1,1,1,3,Low,0.1,1,1,0
26,Female,Rural,Mashonaland West,Secondary,Informal,2,1,1,0,0,2,Medium,33.8,0,0,0
18,Female,Urban,Harare,Secondary,Formal,5,1,1,1,1,4,Low,0.4,1,1,0
43,Female,Rural,Midlands,Secondary,Informal,2,1,0,0,0,1,High,2.3,0,0,1
25,Female,Rural,Matabeleland North,Secondary,Informal,3,1,1,0,0,2,Medium,15.2,0,0,1
47,Female,Rural,Manicaland,Secondary,Formal,4,1,1,1,1,4,Low,17.2,1,1,0
27,Male,Rural,Matabeleland South,None,Informal,2,1,1,0,0,2,Medium,6.5,1,1,1
24,Male,Rural,Matabeleland South,Primary,Informal,1,1,0,1,1,3,Low,16.6,0,1,1
40,Male,Rural,Matabeleland North,Secondary,Informal,2,1,0,0,1,2,Medium,2.5,1,0,1
71,Female,Rural,Midlands,Secondary,Informal,1,1,1,0,0,2,Medium,1.3,0,0,0
48,Female,Urban,Mashonaland East,Tertiary,Informal,5,1,1,0,1,3,Low,0.5,1,1,0
39,Female,Urban,Harare,Secondary,Informal,3,1,1,1,0,3,Low,0.3,1,0,0
43,Male,Urban,Harare,Secondary,Unemployed,2,1,1,0,0,2,Medium,1.2,0,1,0
18,Male,Rural,Mashonaland East,Secondary,Informal,1,0,1,0,0,1,High,6.8,1,0,1
22,Female,Urban,Bulawayo,Tertiary,Formal,5,1,1,0,1,3,Low,4.9,1,1,0
18,Female,Urban,Matabeleland South,Secondary,Formal,5,1,1,1,1,4,Low,6.6,1,1,0
62,Male,Rural,Masvingo,None,Informal,3,0,1,1,0,2,Medium,9.5,1,1,0
59,Male,Urban,Harare,Tertiary,Formal,5,1,1,1,1,4,Low,3.1,1,1,0
43,Male,Urban,Matabeleland South,Tertiary,Formal,5,1,1,1,1,4,Low,2.6,1,1,0
39,Male,Urban,Manicaland,Secondary,Informal,2,1,1,0,1,3,Low,5.1,1,1,1
18,Male,Urban,Harare,Secondary,Formal,3,0,1,1,1,3,Low,1.6,1,0,0
34,Male,Urban,Matabeleland North,Secondary,Informal,2,1,0,1,1,3,Low,1.5,1,1,0
63,Female,Urban,Harare,Secondary,Informal,2,1,1,0,1,3,Low,1.4,1,0,0
39,Male,Urban,Bulawayo,Secondary,Informal,4,1,1,0,1,3,Low,4.5,1,1,0
30,Male,Urban,Bulawayo,Secondary,Formal,5,1,1,1,1,4,Low,3.5,1,0,0
18,Male,Urban,Matabeleland North,Tertiary,Formal,5,1,1,0,1,3,Low,7.8,1,1,0
57,Female,Rural,Mashonaland Central,Primary,Informal,1,1,1,0,0,2,Medium,83.8,0,0,1
37,Male,Urban,Harare,Tertiary,Formal,5,1,1,0,1,3,Low,5.1,1,1,0
18,Male,Rural,Matabeleland North,Secondary,Formal,3,1,1,1,1,4,Low,27.2,1,1,0
25,Male,Rural,Midlands,None,Informal,1,1,0,0,0,1,High,4.2,1,0,1
20,Female,Urban,Harare,Secondary,Formal,5,1,1,1,1,4,Low,3.2,1,1,0
36,Female,Urban,Harare,Secondary,Formal,5,1,1,0,1,3,Low,1.3,1,1,0
40,Male,Urban,Matabeleland South,Secondary,Informal,4,1,1,1,1,4,Low,0.9,1,0,0
30,Male,Rural,Matabeleland South,Tertiary,Unemployed,1,0,1,0,0,1,High,12.1,1,0,1
48,Male,Rural,Mashonaland East,Secondary,Informal,1,1,1,1,0,3,Low,8.5,0,0,1
39,Female,Rural,Mashonaland East,Secondary,Informal,2,1,0,0,0,1,High,8.6,0,0,1
52,Female,Urban,Bulawayo,Tertiary,Unemployed,4,1,1,0,0,2,Medium,0.8,1,1,0
32,Male,Rural,Matabeleland North,Secondary,Informal,2,1,1,0,0,2,Medium,18.7,1,1,0
80,Male,Urban,Bulawayo,Secondary,Informal,5,0,1,0,0,1,High,0.2,1,1,0
30,Female,Rural,Matabeleland South,Secondary,Informal,1,1,1,0,0,2,Medium,7.8,1,0,0
25,Female,Urban,Harare,Secondary,Unemployed,2,1,1,1,0,3,Low,1.3,1,1,0
23,Male,Rural,Matabeleland South,None,Formal,3,1,1,1,0,3,Low,45.0,1,1,0
35,Male,Rural,Manicaland,Secondary,Informal,2,1,0,0,0,1,High,69.8,1,1,1
18,Male,Urban,Masvingo,Tertiary,Unemployed,3,1,0,0,0,1,High,0.6,1,1,1
42,Female,Rural,Manicaland,Primary,Informal,1,1,1,1,1,4,Low,16.3,1,1,1
18,Female,Urban,Harare,Tertiary,Formal,5,1,1,1,1,4,Low,4.4,1,1,0
40,Female,Rural,Mashonaland Central,None,Unemployed,1,1,1,0,0,2,Medium,6.2,1,0,1
19,Female,Urban,Harare,Tertiary,Unemployed,3,0,1,0,0,1,High,1.8,1,1,1
32,Male,Rural,Mashonaland West,Tertiary,Informal,3,1,1,0,0,2,Medium,36.6,0,0,0
46,Male,Urban,Bulawayo,Secondary,Formal,5,1,0,1,1,3,Low,0.9,1,1,0
70,Male,Rural,Midlands,Tertiary,Formal,4,1,1,1,1,4,Low,26.6,0,1,1
22,Female,Rural,Masvingo,Secondary,Unemployed,1,1,0,0,0,1,High,28.0,1,0,1
35,Female,Rural,Masvingo,Secondary,Informal,1,1,1,0,1,3,Low,16.5,0,0,1
27,Male,Rural,Mashonaland East,Tertiary,Informal,1,1,1,0,1,3,Low,1.8,0,0,1
25,Male,Rural,Matabeleland South,Secondary,Informal,1,0,0,0,1,1,High,12.2,0,1,1
27,Female,Rural,Manicaland,Secondary,Informal,2,1,1,0,1,3,Low,8.5,1,0,1
49,Female,Urban,Harare,Secondary,Informal,2,1,1,1,1,4,Low,2.1,1,1,0
31,Female,Rural,Manicaland,Secondary,Informal,3,1,1,0,1,3,Low,24.1,1,1,0
69,Male,Urban,Harare,Secondary,Formal,5,1,1,1,1,4,Low,1.7,1,1,0
43,Female,Rural,Masvingo,None,Informal,1,1,1,0,1,3,Low,28.4,0,0,1
23,Female,Urban,Harare,Secondary,Formal,5,1,1,1,1,4,Low,1.9,1,1,0
32,Female,Rural,Manicaland,Secondary,Formal,4,0,1,0,1,2,Medium,12.4,1,1,0
26,Female,Rural,Matabeleland South,Tertiary,Formal,3,1,1,1,1,4,Low,7.4,1,1,0
49,Female,Urban,Harare,Tertiary,Informal,5,1,1,1,0,3,Low,1.9,1,1,0
18,Female,Urban,Bulawayo,Secondary,Formal,5,1,1,1,1,4,Low,5.6,0,1,0
19,Female,Rural,Mashonaland East,Secondary,Informal,1,1,1,0,1,3,Low,25.2,0,0,1
29,Male,Rural,Midlands,Secondary,Informal,2,1,1,0,1,3,Low,14.7,0,0,0
47,Male,Urban,Manicaland,Secondary,Informal,3,1,1,0,0,2,Medium,0.4,1,1,1
55,Female,Rural,Manicaland,Secondary,Informal,1,1,1,0,1,3,Low,1.0,1,1,0
57,Female,Rural,Midlands,Primary,Unemployed,1,1,1,0,0,2,Medium,7.8,0,0,1
45,Male,Urban,Harare,Tertiary,Formal,5,1,1,1,1,4,Low,1.2,0,1,0
36,Male,Urban,Harare,Secondary,Formal,5,1,1,1,1,4,Low,1.0,1,1,0
49,Female,Urban,Bulawayo,Tertiary,Formal,5,1,1,1,1,4,Low,4.3,1,1,0
21,Female,Rural,Matabeleland North,Secondary,Formal,5,1,1,1,1,4,Low,1.2,1,1,0
18,Female,Urban,Harare,Tertiary,Unemployed,2,1,1,1,0,3,Low,1.0,1,1,0
44,Male,Rural,Mashonaland East,Primary,Informal,3,0,0,1,0,1,High,1.0,0,1,1
23,Female,Rural,Mashonaland Central,Primary,Unemployed,1,1,0,0,0,1,High,8.2,0,0,1
37,Female,Urban,Bulawayo,Tertiary,Unemployed,3,1,1,0,0,2,Medium,7.7,0,1,0
39,Male,Rural,Midlands,None,Unemployed,1,1,1,0,0,2,Medium,29.7,1,1,0
41,Male,Rural,Mashonaland West,None,Informal,1,1,1,0,1,3,Low,27.6,0,0,1
51,Female,Urban,Midlands,Tertiary,Unemployed,3,1,1,0,0,2,Medium,2.3,1,0,0
49,Male,Urban,Harare,Tertiary,Informal,4,1,1,0,1,3,Low,0.9,1,1,0
40,Female,Urban,Mashonaland East,Tertiary,Formal,5,1,1,1,1,4,Low,2.5,1,1,0
31,Female,Urban,Matabeleland North,Secondary,Informal,3,1,1,0,1,3,Low,5.5,1,1,0
39,Female,Urban,Bulawayo,Secondary,Unemployed,3,1,1,0,0,2,Medium,1.4,1,1,0
29,Male,Rural,Manicaland,Secondary,Unemployed,1,1,1,0,0,2,Medium,48.6,1,1,1
35,Female,Urban,Harare,Secondary,Formal,5,1,1,1,1,4,Low,1.3,1,1,0
74,Male,Urban,Harare,Secondary,Unemployed,4,1,1,0,0,2,Medium,3.5,1,1,1
40,Female,Rural,Masvingo,None,Informal,1,1,1,0,1,3,Low,12.5,1,1,1
44,Male,Rural,Midlands,Secondary,Informal,1,0,1,0,1,2,Medium,3.2,1,1,0
28,Female,Rural,Mashonaland East,Primary,Informal,2,1,1,0,1,3,Low,1.9,0,0,1
52,Female,Rural,Mashonaland Central,Secondary,Informal,1,0,1,0,0,1,High,19.2,1,0,1
48,Male,Urban,Harare,Secondary,Formal,5,1,1,1,1,4,Low,2.1,1,0,0
48,Male,Urban,Bulawayo,Secondary,Unemployed,3,0,1,0,0,1,High,2.5,0,1,1
41,Female,Rural,Masvingo,Tertiary,Unemployed,4,1,0,0,0,1,High,39.1,1,1,0
52,Male,Rural,Mashonaland Central,Tertiary,Formal,3,1,1,1,1,4,Low,15.5,1,1,0
55,Male,Rural,Matabeleland South,Secondary,Informal,1,1,1,0,1,3,Low,30.0,1,1,1
41,Male,Urban,Harare,Tertiary,Formal,5,1,1,1,1,4,Low,2.0,1,1,0
36,Female,Rural,Masvingo,Primary,Unemployed,1,1,1,0,0,2,Medium,35.9,0,1,1
50,Female,Rural,Mashonaland West,Secondary,Informal,1,1,0,0,0,1,High,13.8,1,1,1
25,Male,Urban,Harare,Secondary,Informal,2,1,1,0,1,3,Low,2.3,1,1,0
27,Female,Rural,Masvingo,Secondary,Formal,3,1,1,1,1,4,Low,3.8,1,1,0
37,Male,Rural,Matabeleland North,Secondary,Formal,3,1,1,1,1,4,Low,3.1,1,1,1
18,Male,Urban,Harare,Tertiary,Unemployed,4,1,1,0,0,2,Medium,0.7,1,0,0
49,Male,Urban,Mashonaland East,None,Informal,2,1,1,1,1,4,Low,0.6,0,0,0
24,Male,Rural,Mashonaland West,Primary,Informal,3,0,0,0,0,0,High,36.8,1,0,1
31,Male,Urban,Harare,Tertiary,Formal,5,1,1,1,1,4,Low,2.0,1,1,0
35,Female,Urban,Matabeleland South,Secondary,Formal,5,1,1,1,1,4,Low,3.2,1,1,0
38,Male,Urban,Matabeleland South,Secondary,Formal,5,1,1,1,1,4,Low,9.1,1,1,0
33,Female,Urban,Harare,Secondary,Formal,5,1,1,1,1,4,Low,6.9,1,1,0
37,Male,Rural,Midlands,Primary,Informal,2,1,0,1,0,2,Medium,24.8,1,0,1
37,Male,Rural,Matabeleland South,Secondary,Informal,1,1,0,0,0,1,High,49.9,1,0,1
31,Male,Urban,Harare,Secondary,Formal,5,1,1,1,1,4,Low,3.3,1,1,0
27,Female,Rural,Masvingo,Secondary,Informal,2,1,0,1,1,3,Low,4.9,0,1,1
53,Female,Rural,Manicaland,Secondary,Informal,2,1,1,1,1,4,Low,17.6,1,0,1
18,Male,Urban,Bulawayo,Secondary,Informal,4,1,1,0,1,3,Low,2.5,1,1,0
35,Male,Rural,Midlands,None,Unemployed,1,0,1,0,0,1,High,25.1,1,0,1
31,Male,Urban,Harare,Primary,Informal,1,1,1,0,0,2,Medium,4.1,1,0,0
43,Female,Rural,Mashonaland West,Primary,Unemployed,1,1,0,0,0,1,High,7.3,0,0,1
18,Male,Rural,Mashonaland Central,Secondary,Informal,3,1,1,0,1,3,Low,4.7,1,0,1
31,Female,Rural,Masvingo,Secondary,Informal,2,1,1,0,1,3,Low,11.4,1,0,1
36,Male,Urban,Mashonaland East,Primary,Formal,4,1,1,0,1,3,Low,1.0,1,1,0
52,Male,Rural,Mashonaland Central,Secondary,Informal,1,1,0,1,1,3,Low,8.6,0,0,1
42,Female,Urban,Bulawayo,Secondary,Formal,5,1,1,1,1,4,Low,1.5,1,1,0
21,Male,Urban,Harare,Secondary,Informal,3,0,1,0,0,1,High,7.6,1,1,1
31,Male,Urban,Mashonaland Central,Secondary,Formal,5,1,1,0,1,3,Low,1.9,1,1,0
50,Female,Rural,Matabeleland North,Tertiary,Informal,3,1,1,0,0,2,Medium,39.2,1,0,1
21,Male,Urban,Bulawayo,Primary,Formal,4,1,1,1,1,4,Low,1.9,1,1,0
36,Male,Rural,Mashonaland East,Secondary,Informal,1,1,1,1,1,4,Low,6.1,1,0,1
37,Male,Rural,Masvingo,Secondary,Informal,1,1,1,0,0,2,Medium,16.9,0,0,1
32,Male,Urban,Bulawayo,Secondary,Formal,5,1,0,1,1,3,Low,1.9,1,1,0
75,Female,Urban,Bulawayo,Secondary,Formal,5,1,0,0,1,2,Medium,1.2,1,1,0
32,Male,Urban,Bulawayo,Secondary,Informal,2,1,1,0,0,2,Medium,0.5,1,0,0
44,Female,Rural,Midlands,None,Informal,1,0,1,0,0,1,High,16.5,0,0,1
27,Female,Rural,Mashonaland Central,Secondary,Informal,2,1,1,0,0,2,Medium,2.1,0,1,1
45,Female,Urban,Harare,Secondary,Formal,5,1,1,0,1,3,Low,3.5,1,1,0
50,Female,Rural,Midlands,Primary,Formal,3,1,1,1,1,4,Low,42.6,1,1,1
29,Female,Urban,Harare,Tertiary,Formal,5,1,1,1,1,4,Low,0.1,1,1,0
37,Female,Rural,Midlands,Secondary,Informal,2,1,0,0,1,2,Medium,5.9,0,1,1
25,Male,Rural,Masvingo,Secondary,Informal,3,0,1,1,0,2,Medium,103.6,0,0,1
21,Male,Rural,Midlands,Tertiary,Informal,2,1,1,0,1,3,Low,1.0,1,1,1
52,Female,Rural,Masvingo,Secondary,Informal,1,1,1,0,0,2,Medium,18.9,1,0,1
30,Male,Rural,Matabeleland South,Primary,Informal,1,0,1,1,1,3,Low,61.5,1,0,1
18,Female,Urban,Manicaland,Secondary,Formal,5,1,1,1,1,4,Low,4.0,1,0,0
62,Male,Urban,Bulawayo,Secondary,Formal,4,1,1,1,1,4,Low,0.7,1,1,0
26,Female,Urban,Harare,Secondary,Formal,4,1,1,1,1,4,Low,9.0,1,1,0
34,Male,Urban,Harare,Tertiary,Formal,5,1,1,1,1,4,Low,2.9,1,1,0
60,Female,Rural,Mashonaland Central,Secondary,Unemployed,1,1,0,0,0,1,High,20.1,0,1,1
36,Male,Rural,Midlands,None,Informal,1,0,1,0,1,2,Medium,15.1,1,0,0
35,Male,Rural,Mashonaland East,Secondary,Informal,1,0,1,0,1,2,Medium,13.9,1,1,1
20,Female,Urban,Mashonaland Central,Tertiary,Unemployed,2,0,1,0,0,1,High,0.3,1,1,1
18,Female,Rural,Mashonaland West,Primary,Informal,3,1,1,0,1,3,Low,10.2,0,1,0
35,Female,Urban,Harare,None,Formal,4,0,1,0,1,2,Medium,5.7,0,1,1
43,Female,Urban,Midlands,Secondary,Informal,3,1,0,0,0,1,High,2.7,1,1,0
42,Male,Rural,Manicaland,Secondary,Informal,1,1,0,0,1,2,Medium,35.5,1,1,1
31,Female,Rural,Masvingo,None,Unemployed,1,1,1,0,0,2,Medium,6.6,0,0,1
38,Male,Rural,Mashonaland West,Primary,Unemployed,1,1,0,0,0,1,High,7.7,0,0,0
18,Female,Urban,Harare,Primary,Informal,2,1,1,0,0,2,Medium,1.2,1,1,0
44,Male,Rural,Mashonaland Central,Secondary,Informal,1,0,0,1,1,2,Medium,32.1,0,1,1
40,Male,Urban,Bulawayo,Primary,Informal,2,1,1,0,1,3,Low,2.2,1,1,1
65,Female,Rural,Manicaland,None,Informal,3,1,0,0,0,1,High,1.5,0,0,1
38,Female,Rural,Matabeleland South,Secondary,Informal,2,1,1,0,0,2,Medium,1.0,0,0,0
24,Male,Urban,Bulawayo,Secondary,Unemployed,4,1,1,0,0,2,Medium,0.1,1,1,0
37,Female,Urban,Harare,Secondary,Formal,5,1,1,1,1,4,Low,2.0,1,1,0
33,Female,Urban,Harare,Secondary,Unemployed,3,1,1,0,0,2,Medium,0.8,1,0,0
44,Male,Rural,Manicaland,None,Informal,1,1,1,1,1,4,Low,8.3,1,0,1
38,Female,Urban,Mashonaland East,Primary,Formal,5,1,1,0,1,3,Low,2.3,1,1,0
20,Male,Rural,Masvingo,Secondary,Unemployed,2,1,1,0,0,2,Medium,2.6,0,0,0
18,Male,Rural,Harare,Primary,Informal,1,1,1,0,1,3,Low,3.2,1,0,1
41,Female,Rural,Masvingo,Secondary,Informal,2,1,1,0,0,2,Medium,11.9,0,0,0
57,Male,Urban,Bulawayo,Tertiary,Informal,5,1,0,0,0,1,High,0.2,0,1,0
39,Male,Rural,Matabeleland North,Secondary,Informal,1,1,0,0,0,1,High,21.1,1,1,1
49,Female,Urban,Harare,Secondary,Formal,5,1,1,0,1,3,Low,5.8,1,1,1
52,Male,Rural,Manicaland,Tertiary,Informal,3,1,0,1,1,3,Low,82.8,0,0,1
41,Female,Rural,Mashonaland East,Secondary,Unemployed,1,1,0,1,0,2,Medium,28.1,0,0,0
26,Female,Rural,Matabeleland North,Secondary,Informal,2,1,1,0,0,2,Medium,2.8,1,0,1
40,Male,Rural,Matabeleland North,Secondary,Unemployed,2,1,0,0,0,1,High,23.8,0,0,0
54,Female,Urban,Harare,Secondary,Unemployed,2,1,1,0,0,2,Medium,6.9,0,1,0
45,Male,Urban,Harare,Tertiary,Formal,5,1,1,1,1,4,Low,9.5,1,1,0
48,Female,Urban,Bulawayo,None,Informal,3,1,1,0,1,3,Low,7.6,1,1,0
31,Male,Urban,Harare,Tertiary,Informal,4,1,1,0,0,2,Medium,6.9,0,1,0
35,Female,Urban,Bulawayo,Secondary,Formal,5,1,1,1,1,4,Low,1.4,1,1,0
36,Male,Urban,Harare,Secondary,Formal,5,1,1,1,1,4,Low,0.3,1,1,0
37,Female,Urban,Harare,Secondary,Informal,5,0,1,0,1,2,Medium,5.3,1,0,0
54,Male,Urban,Bulawayo,Secondary,Unemployed,4,1,1,0,0,2,Medium,0.1,1,1,1
18,Male,Urban,Harare,Primary,Unemployed,3,1,1,0,0,2,Medium,0.8,0,0,0
38,Male,Rural,Masvingo,Tertiary,Informal,3,0,1,0,1,2,Medium,28.0,0,0,0
36,Female,Rural,Manicaland,Secondary,Unemployed,3,1,1,0,0,2,Medium,6.9,0,0,1
18,Female,Urban,Harare,Tertiary,Informal,2,1,1,0,0,2,Medium,6.9,1,0,0
47,Male,Urban,Bulawayo,Secondary,Unemployed,1,1,1,1,0,3,Low,12.4,1,1,1
27,Male,Urban,Harare,Secondary,Informal,4,1,1,0,0,2,Medium,0.4,1,1,1
33,Male,Rural,Masvingo,Primary,Unemployed,2,1,0,0,0,1,High,4.4,0,1,1
63,Male,Urban,Mashonaland Central,Secondary,Unemployed,1,1,1,0,0,2,Medium,1.7,1,1,0
52,Female,Urban,Matabeleland South,Secondary,Formal,5,1,1,1,1,4,Low,9.8,1,1,0
46,Female,Urban,Harare,Tertiary,Unemployed,3,1,1,1,0,3,Low,0.5,1,0,0
43,Female,Urban,Harare,Tertiary,Informal,4,1,1,1,0,3,Low,0.7,1,1,0
35,Male,Urban,Harare,Secondary,Formal,5,1,0,1,1,3,Low,3.1,1,1,0
65,Male,Rural,Midlands,Primary,Formal,2,1,1,1,1,4,Low,150.0,1,0,0
49,Female,Rural,Mashonaland West,Secondary,Informal,1,1,0,1,1,3,Low,8.9,0,0,1
27,Male,Rural,Mashonaland East,Secondary,Informal,1,0,0,0,1,1,High,3.5,1,1,1
18,Female,Rural,Matabeleland South,Secondary,Informal,3,1,1,0,0,2,Medium,3.6,1,1,0
45,Male,Rural,Manicaland,Secondary,Informal,2,1,1,0,1,3,Low,5.4,1,0,1
37,Male,Urban,Bulawayo,None,Formal,4,1,0,1,1,3,Low,2.1,1,1,0
18,Female,Rural,Mashonaland West,None,Informal,1,1,1,0,0,2,Medium,33.4,1,0,0
44,Male,Urban,Bulawayo,Tertiary,Informal,3,1,1,0,1,3,Low,1.2,1,1,0
34,Female,Urban,Manicaland,Tertiary,Formal,5,1,1,1,1,4,Low,0.7,1,1,0
45,Male,Rural,Mashonaland East,Tertiary,Informal,3,1,1,1,0,3,Low,14.3,1,0,1
44,Male,Urban,Bulawayo,Secondary,Formal,5,1,1,1,1,4,Low,3.3,1,1,0
29,Male,Urban,Bulawayo,Secondary,Unemployed,4,1,1,0,0,2,Medium,1.0,1,0,0
46,Male,Rural,Manicaland,Primary,Informal,2,0,0,0,1,1,High,22.2,1,0,1
31,Female,Rural,Midlands,Tertiary,Unemployed,2,0,1,0,0,1,High,10.9,1,1,1
31,Male,Rural,Matabeleland South,Primary,Informal,1,1,0,0,1,2,Medium,2.2,1,1,1
30,Female,Urban,Matabeleland North,Secondary,Unemployed,4,1,0,0,0,1,High,0.5,1,1,1
53,Female,Urban,Manicaland,Secondary,Informal,3,1,1,0,1,3,Low,3.7,0,1,1
34,Male,Rural,Mashonaland Central,None,Informal,1,1,0,0,0,1,High,55.3,1,0,0
57,Male,Urban,Harare,Secondary,Formal,5,1,1,1,1,4,Low,1.5,1,1,0
62,Male,Rural,Mashonaland East,Secondary,Informal,1,0,1,0,1,2,Medium,5.6,1,0,1
27,Female,Urban,Harare,Tertiary,Informal,2,1,1,0,1,3,Low,2.2,0,1,0
18,Female,Urban,Harare,Tertiary,Informal,5,0,1,0,1,2,Medium,4.0,0,1,0
52,Male,Urban,Harare,Secondary,Formal,4,1,1,1,1,4,Low,6.2,1,0,0
33,Female,Rural,Harare,Secondary,Informal,2,0,1,0,1,2,Medium,12.3,0,1,1
25,Male,Urban,Mashonaland West,Tertiary,Informal,5,1,1,1,0,3,Low,2.8,1,0,0
29,Male,Urban,Harare,Primary,Informal,2,1,1,0,1,3,Low,1.5,1,1,0
32,Male,Urban,Bulawayo,Tertiary,Informal,4,0,0,1,0,1,High,2.9,1,1,1
56,Female,Urban,Mashonaland East,Tertiary,Formal,5,1,1,1,1,4,Low,5.0,1,1,0
40,Male,Urban,Bulawayo,Secondary,Informal,4,1,1,0,1,3,Low,2.7,1,0,1
55,Male,Rural,Mashonaland Central,None,Informal,1,1,1,0,0,2,Medium,26.7,1,1,0
44,Male,Urban,Bulawayo,Secondary,Informal,5,1,1,0,1,3,Low,5.8,1,1,0
33,Female,Rural,Matabeleland South,Primary,Unemployed,1,1,1,0,0,2,Medium,118.7,1,1,1
32,Male,Rural,Midlands,Tertiary,Informal,3,0,0,0,1,1,High,40.7,1,0,1
45,Male,Urban,Harare,Secondary,Formal,5,1,1,1,1,4,Low,3.1,1,1,0
49,Male,Urban,Harare,Secondary,Informal,4,1,0,1,0,2,Medium,1.2,1,0,0
51,Female,Rural,Masvingo,Secondary,Unemployed,3,1,1,0,0,2,Medium,1.1,0,0,1
34,Male,Urban,Harare,Tertiary,Formal,5,1,1,1,1,4,Low,0.6,1,1,0
40,Female,Urban,Mashonaland East,Secondary,Informal,4,1,1,0,0,2,Medium,2.7,1,1,1
46,Male,Rural,Matabeleland North,None,Informal,1,1,1,0,1,3,Low,1.0,0,0,0
32,Male,Rural,Matabeleland South,Secondary,Unemployed,1,0,0,1,0,1,High,15.5,1,0,1
22,Female,Rural,Midlands,Primary,Informal,2,1,1,0,1,3,Low,83.1,1,0,0
26,Female,Urban,Bulawayo,Secondary,Informal,4,1,1,1,1,4,Low,2.8,1,1,0
34,Male,Rural,Midlands,Secondary,Informal,4,1,0,0,1,2,Medium,51.5,1,0,0
47,Female,Rural,Matabeleland North,Primary,Unemployed,1,1,1,0,0,2,Medium,1.6,0,1,1
55,Female,Urban,Harare,Tertiary,Unemployed,3,1,1,0,0,2,Medium,1.1,1,1,0
19,Male,Rural,Matabeleland South,Secondary,Informal,1,0,0,0,0,0,High,13.7,0,0,1
29,Female,Urban,Bulawayo,Tertiary,Informal,4,1,1,0,1,3,Low,0.3,0,1,1
32,Female,Urban,Midlands,Tertiary,Informal,3,0,1,0,1,2,Medium,0.1,1,0,1
49,Male,Urban,Harare,Secondary,Unemployed,2,1,1,1,0,3,Low,1.5,1,1,0
30,Female,Urban,Harare,Secondary,Informal,3,1,0,0,1,2,Medium,2.8,1,0,0
31,Male,Urban,Mashonaland West,Secondary,Formal,5,1,1,1,1,4,Low,2.0,1,1,0
18,Male,Rural,Manicaland,None,Unemployed,1,1,1,0,0,2,Medium,28.2,1,1,0
44,Female,Rural,Masvingo,Tertiary,Formal,4,0,1,1,1,3,Low,9.5,1,1,1
35,Female,Rural,Masvingo,None,Unemployed,1,1,1,0,0,2,Medium,6.3,1,0,1
28,Female,Rural,Mashonaland Central,Secondary,Informal,1,1,1,0,1,3,Low,50.1,1,0,1
34,Female,Rural,Mashonaland Central,Secondary,Informal,2,1,1,1,1,4,Low,6.5,1,0,0
53,Female,Urban,Mashonaland East,Tertiary,Unemployed,3,1,1,0,0,2,Medium,6.4,1,0,0
23,Male,Urban,Harare,Secondary,Informal,2,1,0,1,0,2,Medium,1.9,1,1,1
26,Female,Urban,Mashonaland Central,Secondary,Informal,5,1,1,1,1,4,Low,2.4,1,1,0
55,Female,Urban,Manicaland,Secondary,Formal,5,1,1,0,1,3,Low,4.0,1,1,1
39,Female,Rural,Matabeleland North,Secondary,Informal,2,1,0,0,1,2,Medium,12.6,1,0,1
47,Male,Urban,Harare,Tertiary,Formal,5,1,1,1,1,4,Low,4.0,1,1,0
43,Male,Urban,Harare,Secondary,Informal,3,1,1,0,1,3,Low,1.7,1,1,0
37,Male,Urban,Mashonaland East,Tertiary,Informal,3,0,1,1,0,2,Medium,1.6,1,1,0
33,Male,Urban,Harare,Primary,Informal,4,1,1,0,1,3,Low,7.8,1,1,0
49,Male,Rural,Mashonaland East,Primary,Informal,2,0,1,0,0,1,High,22.2,1,1,1
54,Female,Urban,Matabeleland South,Tertiary,Unemployed,1,1,1,0,0,2,Medium,2.2,1,0,0
53,Female,Urban,Harare,Secondary,Unemployed,3,1,1,0,0,2,Medium,2.8,1,1,0
21,Male,Urban,Harare,Secondary,Informal,4,1,1,1,1,4,Low,1.1,1,0,0
56,Male,Urban,Midlands,Secondary,Unemployed,3,1,1,0,0,2,Medium,2.5,0,1,0
32,Female,Rural,Manicaland,Tertiary,Informal,4,1,0,0,1,2,Medium,6.4,0,1,1
27,Male,Urban,Harare,Secondary,Formal,5,1,1,1,1,4,Low,0.9,1,1,0
35,Female,Urban,Harare,Secondary,Formal,5,1,0,1,1,3,Low,0.6,1,1,1
49,Male,Urban,Mashonaland East,Tertiary,Unemployed,3,1,1,0,0,2,Medium,1.1,1,1,0
45,Male,Rural,Midlands,Secondary,Informal,2,1,1,0,0,2,Medium,7.6,1,1,0
34,Male,Rural,Matabeleland South,Secondary,Informal,1,1,1,0,0,2,Medium,13.4,1,1,1
49,Female,Rural,Midlands,Primary,Unemployed,1,0,1,0,0,1,High,12.3,1,0,1
39,Male,Rural,Harare,Secondary,Informal,2,1,1,0,0,2,Medium,5.7,0,0,1
29,Female,Rural,Masvingo,Tertiary,Unemployed,4,1,1,0,0,2,Medium,36.8,1,1,0
28,Male,Urban,Harare,Secondary,Informal,5,1,1,0,0,2,Medium,1.8,1,0,0
43,Male,Urban,Matabeleland North,Tertiary,Informal,4,1,1,0,1,3,Low,4.2,1,1,0
36,Female,Urban,Matabeleland South,Tertiary,Formal,4,1,0,1,1,3,Low,1.9,1,1,1
18,Male,Urban,Harare,Secondary,Informal,2,1,1,1,1,4,Low,4.0,1,0,0
49,Male,Rural,Matabeleland South,Secondary,Informal,3,1,0,0,0,1,High,49.0,1,0,0
31,Female,Urban,Bulawayo,Secondary,Formal,5,1,1,0,1,3,Low,5.5,1,1,0
60,Female,Rural,Manicaland,Secondary,Unemployed,2,1,0,0,0,1,High,26.5,1,0,1
18,Male,Rural,Masvingo,Secondary,Formal,4,1,0,1,1,3,Low,10.6,0,0,1
35,Male,Urban,Midlands,Primary,Formal,5,0,1,1,1,3,Low,2.7,1,1,1
28,Female,Rural,Mashonaland East,Tertiary,Informal,3,0,1,0,1,2,Medium,58.0,1,0,1
24,Female,Rural,Harare,Secondary,Unemployed,3,1,0,0,0,1,High,87.4,1,0,1
31,Female,Rural,Midlands,Secondary,Unemployed,1,0,0,0,0,0,High,3.0,1,0,1
62,Female,Urban,Harare,Secondary,Formal,5,1,1,1,1,4,Low,8.0,1,1,0
40,Female,Urban,Harare,Secondary,Formal,5,1,1,1,1,4,Low,0.3,1,1,0
26,Male,Urban,Manicaland,Secondary,Informal,4,1,1,0,1,3,Low,10.9,1,1,0
18,Male,Urban,Bulawayo,Tertiary,Informal,5,0,1,0,0,1,High,1.4,1,1,1
18,Female,Urban,Harare,Primary,Informal,3,1,1,1,0,3,Low,1.5,1,1,0
30,Female,Rural,Manicaland,Secondary,Informal,2,1,0,0,0,1,High,3.8,1,0,0
29,Female,Rural,Matabeleland South,Secondary,Informal,3,0,1,0,0,1,High,35.0,1,1,0
34,Female,Urban,Bulawayo,Tertiary,Formal,5,1,1,1,1,4,Low,3.2,0,1,0
18,Male,Urban,Bulawayo,None,Informal,2,1,1,0,1,3,Low,0.1,1,1,0
36,Male,Urban,Masvingo,Secondary,Formal,5,1,1,1,1,4,Low,0.4,1,1,0
52,Female,Urban,Harare,Secondary,Informal,3,1,1,0,1,3,Low,1.2,1,0,0
60,Male,Rural,Midlands,Primary,Informal,1,0,1,0,1,2,Medium,3.8,1,1,1
18,Female,Urban,Mashonaland Central,None,Informal,3,1,1,0,0,2,Medium,1.4,1,0,0
26,Female,Urban,Matabeleland South,Secondary,Informal,3,1,1,0,1,3,Low,10.3,0,1,1
26,Male,Rural,Mashonaland Central,Secondary,Formal,4,1,1,1,0,3,Low,32.5,1,1,0
40,Female,Urban,Harare,Secondary,Formal,3,0,0,1,1,2,Medium,3.5,1,0,1
20,Female,Urban,Bulawayo,Secondary,Informal,4,1,1,0,0,2,Medium,0.3,0,1,1
61,Female,Rural,Midlands,Tertiary,Unemployed,3,0,1,0,0,1,High,10.9,1,0,0
38,Male,Rural,Midlands,Secondary,Unemployed,2,1,1,0,0,2,Medium,41.5,1,0,1
36,Female,Rural,Mashonaland West,Secondary,Informal,2,0,1,0,0,1,High,26.9,0,0,1
60,Male,Rural,Masvingo,Primary,Unemployed,2,1,0,0,0,1,High,30.5,1,0,1
37,Female,Urban,Harare,Tertiary,Formal,5,1,1,1,1,4,Low,0.8,1,1,0
43,Male,Rural,Matabeleland North,Secondary,Formal,4,1,1,0,1,3,Low,4.2,1,1,0
27,Female,Rural,Matabeleland South,Primary,Informal,2,1,0,0,0,1,High,14.8,0,0,1
18,Female,Rural,Matabeleland South,Secondary,Unemployed,3,1,1,0,0,2,Medium,21.6,0,0,0
29,Female,Rural,Mashonaland East,Secondary,Informal,3,0,0,0,0,0,High,68.4,1,1,1
68,Female,Rural,Midlands,Secondary,Informal,1,1,0,0,0,1,High,17.6,0,0,1
46,Male,Rural,Manicaland,Secondary,Informal,3,1,0,0,1,2,Medium,22.6,1,0,1
41,Female,Urban,Bulawayo,Secondary,Formal,5,1,1,0,1,3,Low,1.0,1,1,1
24,Male,Rural,Masvingo,Secondary,Informal,2,0,1,0,1,2,Medium,11.5,1,1,1
50,Female,Urban,Bulawayo,Tertiary,Formal,5,1,1,1,1,4,Low,4.2,0,1,0
18,Male,Rural,Matabeleland South,Primary,Informal,2,1,1,1,1,4,Low,35.2,1,0,0
18,Female,Rural,Masvingo,Primary,Informal,3,1,0,1,0,2,Medium,6.8,0,0,1
30,Male,Rural,Manicaland,Primary,Informal,1,1,0,0,0,1,High,28.3,1,1,0
65,Female,Rural,Mashonaland Central,Tertiary,Unemployed,4,1,1,0,0,2,Medium,2.4,0,0,0
64,Female,Urban,Bulawayo,Secondary,Informal,4,1,1,0,0,2,Medium,2.5,1,1,0
31,Male,Rural,Matabeleland North,Primary,Unemployed,2,0,0,0,0,0,High,73.8,1,0,1
28,Male,Rural,Masvingo,Secondary,Informal,2,1,0,0,1,2,Medium,85.5,1,0,0
18,Female,Urban,Harare,Tertiary,Informal,3,1,1,0,0,2,Medium,0.5,1,1,0
39,Female,Urban,Harare,Secondary,Formal,5,1,1,1,1,4,Low,0.6,1,1,0
40,Male,Urban,Mashonaland East,Tertiary,Formal,5,1,1,1,1,4,Low,2.2,1,1,0
49,Male,Rural,Mashonaland West,None,Informal,1,1,1,0,1,3,Low,6.6,0,1,1
50,Male,Urban,Bulawayo,Secondary,Informal,2,1,1,0,0,2,Medium,3.1,1,1,0
35,Female,Rural,Mashonaland West,Secondary,Informal,3,0,1,0,0,1,High,3.1,1,0,1
45,Female,Urban,Harare,Secondary,Informal,5,1,0,0,0,1,High,0.7,1,1,0
28,Male,Rural,Mashonaland East,Secondary,Formal,4,1,1,1,1,4,Low,24.4,1,0,0
45,Female,Urban,Harare,Secondary,Unemployed,2,0,1,0,0,1,High,0.5,0,1,1
30,Female,Rural,Matabeleland North,Primary,Formal,3,0,1,1,1,3,Low,12.7,1,1,0
44,Female,Urban,Harare,Primary,Unemployed,2,1,1,0,0,2,Medium,6.7,1,1,0
43,Male,Rural,Mashonaland East,None,Informal,1,1,1,0,0,2,Medium,11.8,0,0,1
38,Male,Rural,Midlands,Secondary,Formal,3,0,1,1,0,2,Medium,14.8,1,1,1
49,Male,Rural,Mashonaland East,Primary,Informal,2,1,0,0,1,2,Medium,27.4,1,1,0
18,Male,Rural,Masvingo,Tertiary,Formal,4,1,1,1,1,4,Low,20.3,1,1,0
23,Male,Urban,Harare,Primary,Informal,3,1,1,0,1,3,Low,3.3,1,0,0
34,Male,Urban,Harare,Tertiary,Formal,4,1,1,1,1,4,Low,7.0,1,1,0
18,Male,Urban,Harare,Tertiary,Informal,5,1,1,0,1,3,Low,7.0,1,1,0
32,Female,Urban,Mashonaland West,Primary,Informal,3,1,1,0,0,2,Medium,3.1,1,0,0
32,Male,Rural,Mashonaland West,None,Unemployed,1,1,1,1,0,3,Low,27.2,1,0,0
56,Female,Rural,Matabeleland North,Secondary,Informal,2,1,1,0,0,2,Medium,1.8,1,0,0
39,Male,Rural,Midlands,None,Informal,1,1,1,0,0,2,Medium,1.0,1,1,1
52,Female,Rural,Harare,Primary,Unemployed,1,0,1,0,0,1,High,23.3,1,0,1
42,Male,Rural,Matabeleland North,Secondary,Informal,1,1,0,0,0,1,High,24.7,1,0,0
30,Female,Rural,Manicaland,Tertiary,Formal,4,1,0,1,1,3,Low,17.9,1,1,0
39,Female,Urban,Bulawayo,Tertiary,Informal,4,1,1,1,0,3,Low,1.0,1,1,0
48,Male,Urban,Mashonaland West,Tertiary,Informal,5,1,1,0,0,2,Medium,0.4,1,1,0
54,Female,Rural,Manicaland,Secondary,Unemployed,2,1,1,0,0,2,Medium,16.6,0,1,1
36,Male,Rural,Midlands,Secondary,Informal,1,0,1,0,0,1,High,4.5,1,0,1
18,Female,Urban,Bulawayo,Secondary,Unemployed,3,1,1,1,0,3,Low,12.4,1,0,0
18,Male,Urban,Harare,Tertiary,Unemployed,3,0,1,0,0,1,High,0.3,1,1,0
33,Male,Rural,Harare,Secondary,Unemployed,1,1,1,1,0,3,Low,2.3,1,1,0
18,Male,Urban,Bulawayo,Secondary,Formal,5,1,1,1,1,4,Low,0.4,1,1,0
63,Female,Urban,Bulawayo,Tertiary,Formal,5,1,0,0,1,2,Medium,1.5,1,1,0
46,Male,Rural,Mashonaland Central,Secondary,Unemployed,1,1,0,1,0,2,Medium,11.0,1,0,1
29,Female,Rural,Mashonaland West,Secondary,Informal,2,1,1,0,1,3,Low,39.4,1,0,0
22,Male,Urban,Harare,Secondary,Informal,4,1,1,0,0,2,Medium,0.3,1,1,0
52,Male,Rural,Midlands,Primary,Unemployed,1,1,0,0,0,1,High,2.9,1,0,0
22,Male,Urban,Harare,Secondary,Formal,5,1,1,1,1,4,Low,3.9,1,1,0
23,Female,Rural,Mashonaland West,Tertiary,Unemployed,3,0,1,0,0,1,High,1.0,0,1,0
27,Female,Urban,Mashonaland East,Secondary,Informal,2,0,1,0,1,2,Medium,4.4,1,1,1
39,Male,Rural,Matabeleland North,Secondary,Unemployed,2,1,0,0,0,1,High,30.5,1,0,1
46,Female,Urban,Masvingo,Secondary,Informal,3,1,0,1,1,3,Low,2.7,1,1,0
54,Male,Urban,Matabeleland South,Tertiary,Informal,3,1,1,0,0,2,Medium,3.2,1,1,1
52,Male,Rural,Mashonaland Central,Secondary,Formal,3,1,1,1,0,3,Low,7.3,1,1,0
38,Female,Urban,Harare,Primary,Unemployed,2,1,0,0,0,1,High,3.5,1,1,0
52,Male,Urban,Bulawayo,Secondary,Informal,3,1,1,0,1,3,Low,3.1,1,1,0
28,Male,Urban,Harare,Tertiary,Formal,5,1,1,1,1,4,Low,6.9,1,1,0
18,Female,Rural,Matabeleland North,Primary,Unemployed,1,1,1,0,0,2,Medium,24.1,0,0,0
28,Male,Rural,Harare,Secondary,Informal,4,1,0,0,0,1,High,52.8,1,1,1
26,Female,Rural,Midlands,Primary,Informal,1,1,1,1,1,4,Low,11.6,0,0,1
29,Female,Urban,Manicaland,Primary,Unemployed,4,1,0,0,0,1,High,2.2,1,1,1
24,Female,Urban,Bulawayo,Tertiary,Informal,4,1,1,0,0,2,Medium,4.4,0,1,0
31,Female,Urban,Harare,Tertiary,Unemployed,3,1,1,0,0,2,Medium,10.3,1,1,0
46,Female,Rural,Midlands,Secondary,Unemployed,1,1,0,0,0,1,High,22.0,0,1,1
62,Male,Rural,Matabeleland North,Primary,Informal,2,1,1,0,0,2,Medium,18.4,1,0,1
18,Female,Rural,Matabeleland South,Tertiary,Formal,3,0,1,1,1,3,Low,17.0,1,0,0
19,Female,Rural,Matabeleland South,Secondary,Unemployed,2,1,0,1,0,2,Medium,38.0,0,0,1
26,Female,Urban,Harare,Tertiary,Informal,5,1,0,1,0,2,Medium,2.3,1,1,0
48,Male,Rural,Manicaland,None,Informal,1,1,0,0,0,1,High,9.7,0,0,1
35,Female,Urban,Harare,Secondary,Informal,4,1,1,0,0,2,Medium,1.1,1,1,0
27,Female,Urban,Bulawayo,Secondary,Formal,5,1,1,0,1,3,Low,1.5,0,1,0
48,Male,Urban,Bulawayo,Tertiary,Formal,4,0,1,1,1,3,Low,2.8,1,1,1
51,Female,Urban,Harare,Secondary,Informal,2,1,1,0,1,3,Low,7.2,1,1,0
37,Male,Urban,Midlands,Secondary,Informal,4,1,1,0,1,3,Low,0.4,0,1,0
26,Male,Urban,Harare,Secondary,Informal,4,1,1,0,0,2,Medium,1.1,1,1,0
41,Female,Urban,Mashonaland Central,Tertiary,Formal,4,1,1,1,1,4,Low,0.1,1,1,0
34,Male,Rural,Mashonaland West,Secondary,Informal,2,0,1,1,1,3,Low,7.6,1,0,0
34,Male,Urban,Harare,Tertiary,Informal,4,1,1,0,0,2,Medium,0.5,1,0,0
30,Male,Urban,Harare,Secondary,Formal,5,1,1,0,1,3,Low,0.2,1,1,0
50,Male,Rural,Matabeleland North,Secondary,Informal,2,1,0,0,0,1,High,28.5,1,0,1
41,Female,Rural,Matabeleland South,Secondary,Informal,2,1,1,0,0,2,Medium,9.9,0,0,1
52,Female,Urban,Harare,Primary,Informal,4,0,0,0,0,0,High,10.3,1,1,1
56,Female,Urban,Bulawayo,Tertiary,Informal,4,1,1,0,1,3,Low,0.9,1,1,0
44,Male,Rural,Masvingo,Secondary,Unemployed,2,1,0,0,0,1,High,27.5,1,0,1
30,Female,Urban,Harare,Secondary,Formal,5,1,1,1,1,4,Low,0.3,1,1,0
52,Female,Urban,Bulawayo,Secondary,Formal,5,1,1,1,1,4,Low,9.8,0,1,0
44,Female,Rural,Mashonaland West,Secondary,Formal,4,1,1,1,1,4,Low,18.2,0,1,0
74,Male,Urban,Masvingo,Tertiary,Informal,3,1,1,0,1,3,Low,2.3,1,1,0
42,Male,Rural,Matabeleland North,Primary,Unemployed,2,1,0,0,0,1,High,54.0,0,0,1
47,Female,Rural,Manicaland,Tertiary,Informal,1,1,1,0,0,2,Medium,20.4,1,1,1
42,Female,Rural,Matabeleland South,Primary,Unemployed,1,1,0,1,0,2,Medium,9.8,1,0,0
36,Male,Urban,Harare,Primary,Informal,3,0,1,0,1,2,Medium,2.3,1,1,1
34,Female,Urban,Matabeleland South,Secondary,Formal,5,1,1,1,1,4,Low,0.4,1,1,0
42,Male,Urban,Bulawayo,Secondary,Formal,5,1,1,1,1,4,Low,2.2,0,1,0
45,Male,Urban,Harare,Primary,Informal,4,1,1,0,1,3,Low,4.9,1,1,0
54,Female,Rural,Matabeleland North,Secondary,Informal,2,0,1,0,0,1,High,10.0,1,1,1
42,Female,Urban,Harare,Tertiary,Informal,3,1,1,0,1,3,Low,0.9,1,1,0
31,Male,Rural,Midlands,Secondary,Informal,2,1,0,0,0,1,High,15.6,0,0,1
33,Female,Rural,Midlands,Secondary,Informal,2,1,0,0,0,1,High,41.5,0,1,1
19,Female,Rural,Matabeleland North,Tertiary,Informal,3,1,1,0,1,3,Low,16.4,1,0,0
61,Male,Urban,Bulawayo,Secondary,Informal,2,1,0,0,1,2,Medium,0.2,0,1,0
30,Female,Urban,Bulawayo,Primary,Informal,3,1,1,0,1,3,Low,1.0,1,1,0
51,Female,Rural,Mashonaland West,Primary,Unemployed,3,1,0,0,0,1,High,15.2,1,0,1
41,Female,Rural,Manicaland,Secondary,Informal,2,1,0,0,1,2,Medium,39.0,0,1,0
42,Female,Rural,Midlands,Secondary,Unemployed,1,0,0,0,0,0,High,27.4,1,0,1
36,Female,Rural,Mashonaland East,Secondary,Informal,2,1,1,0,0,2,Medium,13.3,1,1,1
26,Male,Rural,Mashonaland East,Secondary,Informal,1,1,0,0,0,1,High,24.4,1,1,1
24,Male,Urban,Harare,Secondary,Informal,3,0,1,0,0,1,High,2.6,0,1,0
62,Female,Rural,Midlands,Primary,Unemployed,3,1,1,1,0,3,Low,47.3,1,0,1
39,Female,Urban,Matabeleland South,Secondary,Unemployed,2,1,1,0,0,2,Medium,0.1,1,1,1
53,Male,Rural,Mashonaland East,Primary,Informal,1,1,0,0,0,1,High,30.9,1,0,1
57,Male,Rural,Mashonaland Central,Secondary,Informal,1,1,0,1,0,2,Medium,30.0,0,0,1
32,Female,Urban,Mashonaland East,Secondary,Informal,4,1,1,0,0,2,Medium,2.1,1,0,0
43,Male,Urban,Harare,Secondary,Informal,5,1,1,0,1,3,Low,0.3,0,1,0
38,Male,Urban,Midlands,Secondary,Informal,4,1,1,1,1,4,Low,3.3,1,1,0
21,Female,Rural,Midlands,Secondary,Formal,3,1,1,0,1,3,Low,37.0,1,0,0
35,Female,Urban,Mashonaland Central,Primary,Informal,3,1,1,0,1,3,Low,1.8,1,0,1
46,Female,Urban,Harare,Secondary,Formal,5,1,1,1,0,3,Low,9.6,1,1,0
31,Female,Urban,Manicaland,Primary,Informal,3,1,1,0,0,2,Medium,7.3,1,1,1
33,Male,Urban,Midlands,Primary,Informal,3,1,1,0,1,3,Low,8.1,1,0,0
35,Female,Urban,Harare,Secondary,Formal,5,1,1,0,1,3,Low,3.5,1,1,0
67,Male,Urban,Masvingo,Tertiary,Informal,2,1,0,0,1,2,Medium,0.1,1,1,0
18,Male,Urban,Harare,Primary,Informal,4,1,1,0,0,2,Medium,1.7,1,1,0
45,Female,Urban,Midlands,Primary,Informal,4,1,1,0,0,2,Medium,0.7,1,0,0
34,Female,Urban,Bulawayo,Primary,Informal,1,1,1,0,0,2,Medium,1.2,1,1,0
29,Female,Urban,Harare,Secondary,Unemployed,2,1,1,1,0,3,Low,1.2,1,1,0
34,Male,Urban,Bulawayo,Secondary,Informal,2,1,1,0,1,3,Low,5.9,1,1,0
47,Female,Rural,Manicaland,None,Unemployed,1,1,0,0,0,1,High,7.6,0,0,1
48,Female,Urban,Harare,Secondary,Formal,4,1,1,0,1,3,Low,0.7,1,1,0
40,Female,Urban,Matabeleland North,Tertiary,Informal,4,1,1,0,0,2,Medium,2.2,0,1,0
53,Female,Urban,Harare,Secondary,Unemployed,3,1,1,0,0,2,Medium,2.2,1,1,0
55,Male,Urban,Matabeleland South,Secondary,Formal,5,1,1,0,1,3,Low,3.1,1,1,1
49,Female,Urban,Harare,Secondary,Formal,5,1,1,1,1,4,Low,1.9,1,0,0
30,Female,Urban,Bulawayo,Secondary,Unemployed,3,1,1,0,0,2,Medium,2.5,1,1,0
44,Female,Rural,Midlands,Secondary,Informal,2,1,1,0,0,2,Medium,13.5,1,1,0
44,Female,Urban,Bulawayo,Secondary,Formal,5,1,1,0,1,3,Low,2.7,1,1,0
26,Female,Urban,Masvingo,Tertiary,Unemployed,4,1,1,0,0,2,Medium,0.4,0,1,1
18,Male,Urban,Midlands,Tertiary,Formal,5,1,1,1,1,4,Low,1.8,1,1,0
18,Male,Urban,Bulawayo,Tertiary,Informal,3,1,1,0,0,2,Medium,3.7,0,1,0
38,Female,Urban,Mashonaland East,Secondary,Informal,5,1,1,0,1,3,Low,0.8,1,1,0
42,Female,Rural,Manicaland,Secondary,Unemployed,1,0,0,0,0,0,High,1.8,0,1,1
21,Female,Rural,Mashonaland West,Primary,Informal,3,1,0,0,0,1,High,27.0,1,1,0
52,Male,Urban,Harare,Tertiary,Formal,5,1,1,1,1,4,Low,1.3,1,1,0
40,Male,Urban,Mashonaland West,None,Unemployed,3,1,1,0,0,2,Medium,6.9,1,0,0
56,Female,Urban,Bulawayo,Secondary,Informal,5,1,1,0,1,3,Low,3.4,1,0,0
43,Female,Urban,Bulawayo,Secondary,Formal,5,1,1,0,1,3,Low,2.3,1,1,0
23,Male,Rural,Midlands,Secondary,Informal,1,1,0,1,0,2,Medium,55.2,1,0,0
44,Female,Urban,Harare,Secondary,Informal,3,1,1,0,1,3,Low,0.1,0,0,0
47,Male,Urban,Matabeleland South,Secondary,Formal,5,1,1,1,1,4,Low,0.6,1,1,0
30,Female,Rural,Manicaland,Secondary,Unemployed,2,1,1,0,0,2,Medium,27.0,1,0,1
18,Male,Urban,Harare,Secondary,Unemployed,3,1,1,0,0,2,Medium,6.1,1,0,1
39,Male,Urban,Bulawayo,Secondary,Formal,5,1,1,1,1,4,Low,3.6,1,1,0
23,Male,Rural,Mashonaland East,None,Unemployed,2,1,1,0,0,2,Medium,50.9,1,1,0
53,Female,Urban,Bulawayo,Tertiary,Informal,4,1,0,0,0,1,High,1.0,1,1,0
32,Female,Urban,Mashonaland Central,Secondary,Informal,3,1,1,0,1,3,Low,2.8,1,1,0
62,Female,Urban,Mashonaland West,Secondary,Unemployed,4,1,1,0,0,2,Medium,1.9,1,1,0
18,Male,Rural,Mashonaland Central,Secondary,Informal,3,1,1,0,1,3,Low,19.0,0,0,0
39,Male,Urban,Harare,Secondary,Unemployed,4,1,1,1,0,3,Low,3.0,0,1,1
58,Male,Urban,Harare,Secondary,Formal,5,1,1,1,1,4,Low,1.6,1,1,0
25,Female,Urban,Bulawayo,None,Informal,3,1,1,0,1,3,Low,1.6,1,1,0
35,Male,Urban,Harare,Secondary,Informal,3,1,1,0,1,3,Low,2.5,1,0,0
32,Female,Rural,Mashonaland East,Secondary,Informal,1,1,0,0,1,2,Medium,2.9,0,0,1
28,Female,Urban,Mashonaland West,Primary,Informal,2,0,1,0,0,1,High,1.4,1,0,1
41,Female,Rural,Midlands,Secondary,Informal,2,1,1,0,1,3,Low,2.7,0,1,0
19,Male,Rural,Matabeleland South,Primary,Informal,1,1,0,0,1,2,Medium,2.4,1,0,1
36,Female,Rural,Harare,None,Informal,1,1,0,0,1,2,Medium,2.5,1,0,1
45,Male,Urban,Bulawayo,Tertiary,Formal,5,1,1,1,1,4,Low,0.5,1,1,0
34,Male,Rural,Mashonaland Central,Secondary,Informal,3,1,0,0,0,1,High,56.1,1,1,1
23,Female,Rural,Mashonaland East,Primary,Informal,1,0,0,0,0,0,High,66.7,0,1,1
52,Female,Urban,Harare,Secondary,Unemployed,4,1,1,0,0,2,Medium,3.7,1,1,0
48,Female,Rural,Midlands,None,Unemployed,1,0,0,0,0,0,High,3.2,1,0,1
23,Male,Rural,Masvingo,Secondary,Informal,3,0,0,1,0,1,High,111.2,1,0,1
19,Female,Urban,Harare,Secondary,Informal,5,1,1,0,0,2,Medium,15.6,1,1,0
24,Female,Rural,Matabeleland North,Secondary,Informal,4,0,1,0,0,1,High,23.2,1,0,0
45,Male,Urban,Matabeleland South,Secondary,Formal,5,1,1,1,1,4,Low,1.6,1,1,0
41,Female,Rural,Manicaland,Primary,Formal,3,1,0,1,1,3,Low,55.8,1,0,1
49,Male,Rural,Matabeleland South,Secondary,Informal,2,1,0,0,0,1,High,4.9,0,0,1
33,Female,Urban,Harare,Primary,Informal,4,1,0,0,0,1,High,1.5,1,1,0
25,Female,Rural,Mashonaland Central,Primary,Unemployed,1,0,1,1,0,2,Medium,38.6,1,0,1
50,Female,Urban,Masvingo,Secondary,Formal,5,1,1,0,1,3,Low,1.9,1,1,0
30,Female,Rural,Harare,Secondary,Informal,2,1,1,1,1,4,Low,3.5,1,1,0
40,Male,Rural,Matabeleland South,None,Informal,1,1,0,0,1,2,Medium,21.0,0,0,1
18,Female,Urban,Harare,Secondary,Informal,3,0,0,0,1,1,High,0.8,1,0,1
30,Female,Urban,Bulawayo,Secondary,Unemployed,2,1,1,0,0,2,Medium,2.7,1,1,0
52,Male,Urban,Bulawayo,Secondary,Formal,5,1,1,1,1,4,Low,1.8,1,1,0
27,Male,Urban,Masvingo,Tertiary,Formal,5,1,0,1,1,3,Low,10.0,1,1,0
49,Female,Urban,Mashonaland West,Secondary,Informal,3,1,0,0,0,1,High,2.3,1,1,0
18,Female,Urban,Bulawayo,Secondary,Formal,5,1,0,1,1,3,Low,2.5,1,1,0
30,Female,Urban,Harare,Secondary,Formal,5,1,1,1,1,4,Low,5.3,1,1,0
35,Female,Urban,Harare,Primary,Informal,2,1,1,0,1,3,Low,10.0,0,1,0
62,Female,Rural,Masvingo,Secondary,Informal,2,0,1,0,1,2,Medium,47.7,1,0,0
21,Male,Rural,Mashonaland West,Secondary,Informal,3,1,1,0,0,2,Medium,25.5,1,0,0
47,Male,Rural,Manicaland,Secondary,Informal,2,1,0,0,1,2,Medium,25.0,1,0,0
52,Female,Urban,Matabeleland South,Tertiary,Informal,4,1,1,0,1,3,Low,10.3,0,1,1
27,Female,Rural,Mashonaland East,Secondary,Unemployed,3,1,0,0,0,1,High,18.2,1,0,1
32,Female,Rural,Harare,Secondary,Informal,2,1,0,0,1,2,Medium,2.5,1,1,1
39,Female,Urban,Matabeleland North,Secondary,Formal,5,1,1,1,1,4,Low,0.4,1,1,0
18,Female,Urban,Bulawayo,Tertiary,Informal,3,1,1,1,0,3,Low,3.8,1,1,0
31,Female,Rural,Matabeleland North,Secondary,Unemployed,3,1,0,1,0,2,Medium,32.9,0,1,1
55,Female,Urban,Harare,Secondary,Formal,5,1,1,0,1,3,Low,6.5,1,1,1
45,Male,Urban,Harare,Tertiary,Informal,4,1,1,0,0,2,Medium,0.3,1,1,0
35,Female,Rural,Matabeleland North,Secondary,Informal,3,1,0,1,0,2,Medium,22.3,1,1,0
39,Female,Urban,Harare,Tertiary,Formal,5,1,1,1,1,4,Low,1.1,1,1,0
46,Male,Urban,Manicaland,Tertiary,Formal,5,1,1,1,1,4,Low,0.8,1,1,0
48,Female,Rural,Mashonaland Central,Secondary,Informal,2,1,0,0,0,1,High,42.0,0,0,1
30,Female,Rural,Mashonaland Central,Secondary,Informal,2,1,1,0,1,3,Low,17.3,1,0,1
59,Female,Urban,Harare,Secondary,Formal,5,1,1,1,1,4,Low,0.1,1,0,0
56,Female,Rural,Mashonaland East,Secondary,Informal,2,1,1,0,1,3,Low,24.9,1,1,1
47,Male,Rural,Mashonaland Central,None,Informal,1,1,0,0,0,1,High,10.5,0,0,1
26,Male,Urban,Mashonaland Central,Primary,Informal,4,1,1,0,0,2,Medium,1.8,1,1,0
23,Male,Rural,Masvingo,Tertiary,Informal,2,1,1,0,1,3,Low,31.0,0,1,1
33,Male,Urban,Harare,Tertiary,Unemployed,4,1,1,0,0,2,Medium,2.6,1,1,0
38,Female,Urban,Bulawayo,Tertiary,Informal,4,1,1,0,1,3,Low,3.5,1,1,0
18,Female,Rural,Mashonaland Central,None,Informal,1,1,0,0,1,2,Medium,23.3,1,0,0
44,Female,Urban,Harare,Secondary,Formal,5,1,1,1,1,4,Low,2.0,1,1,1
56,Male,Rural,Midlands,Tertiary,Unemployed,2,1,1,0,0,2,Medium,13.9,1,1,0
46,Male,Rural,Matabeleland North,None,Informal,1,1,0,0,0,1,High,4.7,1,0,1
28,Male,Urban,Bulawayo,Secondary,Informal,3,1,1,0,1,3,Low,0.1,1,1,0
26,Female,Rural,Mashonaland East,Primary,Formal,5,1,1,1,1,4,Low,44.4,1,0,0
42,Male,Urban,Harare,Tertiary,Formal,5,1,1,1,1,4,Low,1.9,1,1,0
35,Female,Rural,Matabeleland South,Secondary,Informal,3,1,0,1,1,3,Low,27.6,1,0,1
44,Female,Urban,Bulawayo,Secondary,Unemployed,3,1,1,0,0,2,Medium,0.3,1,1,0
46,Female,Rural,Masvingo,Secondary,Unemployed,3,0,0,0,0,0,High,71.5,0,0,1
53,Male,Rural,Midlands,None,Informal,1,1,1,0,0,2,Medium,17.1,0,1,0
22,Male,Urban,Harare,Tertiary,Informal,5,1,1,1,0,3,Low,2.4,1,1,0
41,Female,Rural,Matabeleland South,Secondary,Unemployed,2,1,1,1,0,3,Low,12.0,1,0,0
32,Female,Rural,Masvingo,Secondary,Unemployed,1,0,0,0,0,0,High,10.1,1,1,1
36,Male,Rural,Mashonaland Central,Secondary,Informal,2,0,1,0,1,2,Medium,64.6,0,1,1
50,Female,Rural,Manicaland,Primary,Informal,2,1,1,0,1,3,Low,85.3,1,1,1
51,Female,Rural,Masvingo,None,Unemployed,2,1,1,0,0,2,Medium,1.8,1,1,1
57,Male,Urban,Harare,Tertiary,Formal,5,1,1,0,1,3,Low,2.5,1,1,0
43,Male,Urban,Bulawayo,Secondary,Formal,5,1,1,1,1,4,Low,0.1,1,1,0
36,Male,Urban,Manicaland,Secondary,Formal,5,1,1,1,1,4,Low,1.7,0,1,0
34,Male,Rural,Mashonaland West,Primary,Informal,1,1,0,0,1,2,Medium,32.4,0,0,0
18,Male,Urban,Bulawayo,Tertiary,Formal,4,1,1,1,1,4,Low,0.4,1,0,0
56,Female,Urban,Bulawayo,Tertiary,Informal,4,1,0,0,0,1,High,2.2,1,1,1
33,Male,Urban,Bulawayo,Primary,Unemployed,4,1,1,0,0,2,Medium,0.1,1,1,0
45,Female,Rural,Midlands,Secondary,Informal,1,0,1,0,1,2,Medium,5.5,1,1,1
47,Female,Urban,Harare,Secondary,Unemployed,1,1,1,1,0,3,Low,0.1,1,1,1
20,Male,Rural,Midlands,Secondary,Unemployed,1,0,0,1,0,1,High,12.6,1,0,1
25,Male,Urban,Harare,Tertiary,Informal,4,1,0,0,0,1,High,0.3,1,0,0
59,Female,Rural,Mashonaland Central,Secondary,Informal,1,1,1,1,1,4,Low,51.7,0,1,1
42,Female,Urban,Manicaland,Tertiary,Unemployed,4,1,1,0,0,2,Medium,0.1,1,0,0
29,Female,Urban,Harare,Secondary,Informal,3,1,1,1,0,3,Low,1.7,0,1,0
36,Male,Rural,Mashonaland Central,Primary,Informal,1,1,0,0,0,1,High,29.5,1,0,0
53,Male,Rural,Mashonaland Central,Secondary,Unemployed,1,1,0,0,0,1,High,1.1,1,1,0
51,Male,Urban,Manicaland,Tertiary,Informal,4,1,1,1,1,4,Low,2.0,1,1,0
18,Female,Urban,Bulawayo,Secondary,Unemployed,2,1,1,0,0,2,Medium,0.1,1,1,0
60,Female,Rural,Manicaland,Secondary,Informal,2,1,1,1,1,4,Low,27.2,1,0,0
51,Female,Rural,Mashonaland West,None,Informal,1,1,1,0,0,2,Medium,9.5,0,0,1
35,Female,Urban,Harare,Secondary,Informal,4,1,1,0,1,3,Low,6.7,1,0,0
21,Male,Urban,Midlands,Tertiary,Informal,5,1,1,0,1,3,Low,0.4,1,1,0
52,Female,Rural,Manicaland,Primary,Informal,2,1,0,0,0,1,High,9.6,0,0,1
44,Male,Rural,Masvingo,Secondary,Unemployed,1,1,1,0,0,2,Medium,2.9,1,0,0
18,Female,Rural,Mashonaland West,Primary,Informal,2,1,1,0,0,2,Medium,6.9,1,0,1
34,Female,Rural,Masvingo,Secondary,Formal,4,1,1,1,1,4,Low,6.6,1,1,0
80,Female,Urban,Matabeleland South,Tertiary,Informal,4,1,1,1,0,3,Low,1.7,1,1,0
38,Male,Rural,Mashonaland East,Secondary,Formal,4,1,1,1,1,4,Low,47.1,1,1,0
27,Female,Rural,Matabeleland South,Secondary,Informal,4,1,0,0,0,1,High,22.4,1,0,1
23,Female,Rural,Mashonaland West,Primary,Informal,1,0,1,1,0,2,Medium,16.0,1,1,1
62,Male,Urban,Bulawayo,Secondary,Formal,5,1,0,1,1,3,Low,4.5,1,1,0
49,Male,Urban,Harare,Tertiary,Unemployed,4,1,1,1,0,3,Low,1.5,1,1,0
57,Female,Rural,Mashonaland Central,Secondary,Informal,2,1,1,0,0,2,Medium,27.7,1,1,0
41,Male,Urban,Harare,Tertiary,Informal,4,1,1,1,1,4,Low,2.2,1,1,0
55,Male,Rural,Manicaland,Secondary,Informal,2,1,1,0,0,2,Medium,6.0,1,1,0
26,Male,Urban,Matabeleland South,Secondary,Formal,5,1,1,1,1,4,Low,0.7,1,1,0
40,Male,Rural,Matabeleland South,Primary,Unemployed,2,0,1,0,0,1,High,1.0,1,0,0
42,Male,Rural,Mashonaland Central,Tertiary,Formal,4,1,1,1,1,4,Low,4.4,1,1,0
57,Female,Urban,Bulawayo,Secondary,Informal,5,1,0,0,1,2,Medium,0.2,1,1,0
42,Male,Urban,Manicaland,Tertiary,Informal,3,1,1,1,1,4,Low,4.6,1,1,0
29,Female,Rural,Mashonaland East,Secondary,Unemployed,3,1,1,0,0,2,Medium,9.4,0,0,0
38,Male,Rural,Mashonaland West,Tertiary,Informal,3,0,0,0,0,0,High,32.9,1,1,1
18,Male,Urban,Manicaland,Tertiary,Informal,4,1,1,0,0,2,Medium,7.2,1,1,0
18,Male,Rural,Mashonaland Central,Primary,Unemployed,2,1,0,1,0,2,Medium,6.3,0,0,1
49,Female,Rural,Masvingo,Secondary,Informal,1,1,1,0,1,3,Low,2.1,0,0,1
32,Female,Urban,Harare,Secondary,Informal,4,1,0,0,1,2,Medium,7.0,1,0,0
34,Female,Urban,Harare,Secondary,Formal,4,1,1,1,1,4,Low,0.8,1,1,0
49,Male,Urban,Bulawayo,Tertiary,Formal,5,1,1,1,1,4,Low,3.8,1,1,0
57,Male,Urban,Manicaland,Secondary,Informal,3,1,0,0,1,2,Medium,5.4,1,1,1
45,Male,Urban,Midlands,Secondary,Formal,4,1,1,1,1,4,Low,1.7,1,1,0
64,Female,Urban,Harare,Secondary,Informal,2,0,1,0,0,1,High,5.9,1,1,0
45,Male,Rural,Matabeleland North,Tertiary,Formal,5,1,1,0,1,3,Low,5.8,0,1,1
42,Female,Urban,Matabeleland South,Primary,Formal,5,1,1,1,1,4,Low,1.7,1,1,0
41,Female,Rural,Matabeleland North,Secondary,Informal,2,1,1,0,0,2,Medium,9.9,1,0,0
20,Female,Urban,Midlands,Secondary,Formal,5,1,1,1,1,4,Low,0.3,1,1,0
51,Female,Urban,Midlands,Secondary,Informal,4,1,1,1,0,3,Low,5.9,0,1,0
18,Male,Rural,Matabeleland South,Secondary,Informal,2,1,1,1,0,3,Low,29.2,1,0,1
29,Female,Rural,Midlands,Secondary,Informal,5,0,1,0,1,2,Medium,7.4,0,0,1
38,Male,Urban,Bulawayo,Tertiary,Formal,5,1,1,1,1,4,Low,3.7,1,1,0
26,Female,Urban,Bulawayo,Tertiary,Formal,5,1,1,1,1,4,Low,9.6,1,1,0
31,Female,Urban,Matabeleland North,Tertiary,Informal,4,0,1,0,0,1,High,12.0,1,0,0
63,Male,Urban,Mashonaland West,Tertiary,Formal,5,1,1,1,1,4,Low,0.4,1,1,0
53,Female,Urban,Harare,Primary,Informal,2,1,1,0,0,2,Medium,0.4,1,1,1
28,Male,Urban,Harare,Tertiary,Informal,4,0,1,0,1,2,Medium,2.2,1,1,0
31,Male,Urban,Harare,Secondary,Formal,5,1,1,1,1,4,Low,4.4,0,1,0
20,Female,Urban,Mashonaland West,Primary,Formal,5,1,1,1,1,4,Low,0.5,1,1,0
47,Male,Rural,Mashonaland Central,Secondary,Informal,1,0,0,0,0,0,High,3.7,1,1,1
34,Female,Rural,Mashonaland East,Secondary,Informal,2,0,1,0,0,1,High,39.5,1,0,1
18,Female,Urban,Bulawayo,Secondary,Formal,4,1,1,1,0,3,Low,1.4,1,0,0
39,Female,Urban,Harare,Secondary,Unemployed,3,1,1,0,0,2,Medium,1.0,1,1,0
44,Male,Urban,Midlands,Secondary,Formal,4,1,1,1,1,4,Low,2.9,1,1,0
51,Male,Urban,Bulawayo,Secondary,Formal,5,1,1,1,1,4,Low,0.7,1,1,0
36,Female,Rural,Mashonaland Central,Secondary,Unemployed,1,1,1,0,0,2,Medium,28.2,1,1,1
32,Male,Rural,Mashonaland East,Primary,Unemployed,1,0,1,0,0,1,High,1.8,0,1,1
65,Female,Rural,Matabeleland South,Secondary,Informal,1,1,0,0,0,1,High,70.0,0,1,1
38,Male,Rural,Masvingo,Secondary,Informal,1,1,1,0,1,3,Low,15.8,0,1,1
48,Male,Rural,Mashonaland West,Secondary,Formal,4,1,1,1,0,3,Low,19.2,1,1,0
30,Female,Rural,Mashonaland East,Secondary,Unemployed,1,1,0,0,0,1,High,18.2,1,1,1
47,Female,Urban,Matabeleland North,Secondary,Informal,3,1,1,0,1,3,Low,0.2,1,1,0
18,Female,Urban,Mashonaland Central,Secondary,Informal,4,1,1,1,1,4,Low,3.3,0,1,0
31,Female,Urban,Manicaland,Secondary,Formal,5,1,0,1,1,3,Low,0.5,0,1,0
21,Male,Rural,Mashonaland West,Primary,Informal,2,1,1,0,1,3,Low,2.3,1,0,0
29,Male,Urban,Midlands,Tertiary,Informal,3,1,1,0,1,3,Low,4.4,1,1,0
55,Male,Rural,Matabeleland North,Secondary,Formal,4,1,0,1,1,3,Low,13.9,1,0,0
29,Female,Rural,Mashonaland West,None,Informal,1,1,1,1,0,3,Low,11.2,0,0,0
48,Male,Urban,Midlands,Secondary,Formal,5,1,1,1,1,4,Low,0.1,1,1,0
59,Female,Urban,Masvingo,Tertiary,Informal,4,0,1,0,1,2,Medium,2.1,1,1,0
37,Male,Urban,Manicaland,Secondary,Formal,4,1,1,1,1,4,Low,2.6,1,1,0
51,Female,Urban,Mashonaland Central,Tertiary,Unemployed,4,1,1,1,0,3,Low,0.8,1,1,0
45,Female,Rural,Mashonaland West,None,Informal,2,0,0,0,0,0,High,31.5,0,1,1
39,Female,Rural,Mashonaland West,Tertiary,Informal,4,0,1,0,0,1,High,56.0,1,0,0
48,Male,Rural,Mashonaland Central,Secondary,Informal,1,1,0,0,1,2,Medium,20.6,0,1,1
63,Female,Urban,Bulawayo,Secondary,Informal,4,1,1,1,1,4,Low,19.2,1,1,0
29,Male,Urban,Harare,Secondary,Formal,4,1,1,1,1,4,Low,7.8,1,1,0
24,Male,Urban,Harare,Secondary,Formal,5,1,1,1,0,3,Low,0.1,1,1,0
23,Male,Rural,Midlands,Secondary,Informal,2,1,1,0,0,2,Medium,5.0,0,1,1
51,Male,Rural,Mashonaland Central,None,Informal,1,1,0,1,1,3,Low,52.3,1,0,0
53,Female,Urban,Mashonaland West,Secondary,Informal,4,1,1,0,0,2,Medium,3.5,1,1,0
30,Male,Rural,Mashonaland East,Primary,Informal,2,1,0,0,1,2,Medium,57.6,1,0,1
18,Male,Urban,Harare,Secondary,Informal,3,1,1,0,1,3,Low,5.6,0,0,1
28,Female,Rural,Manicaland,Secondary,Unemployed,3,0,1,0,0,1,High,65.5,0,0,1
45,Female,Urban,Harare,Primary,Informal,3,1,1,0,1,3,Low,2.8,0,1,1
37,Female,Urban,Bulawayo,Tertiary,Formal,5,1,1,1,1,4,Low,2.1,1,1,0
40,Female,Rural,Mashonaland East,Secondary,Informal,1,1,1,0,1,3,Low,1.7,1,1,0
30,Male,Urban,Bulawayo,Primary,Unemployed,3,1,1,0,0,2,Medium,2.9,1,0,0
52,Female,Urban,Bulawayo,Primary,Informal,2,0,1,0,1,2,Medium,2.8,1,0,1
42,Male,Urban,Harare,Secondary,Formal,5,0,1,1,1,3,Low,1.1,1,0,0
46,Male,Urban,Harare,Primary,Informal,2,1,1,0,1,3,Low,4.0,1,0,0
40,Male,Rural,Manicaland,Secondary,Informal,2,0,1,0,1,2,Medium,14.9,1,0,1
45,Female,Rural,Manicaland,Secondary,Formal,2,1,1,1,0,3,Low,1.0,0,0,0
44,Male,Rural,Mashonaland Central,Secondary,Informal,3,1,1,0,1,3,Low,37.3,0,0,0
25,Female,Urban,Manicaland,Tertiary,Informal,4,0,0,0,1,1,High,0.9,1,1,1
43,Male,Urban,Bulawayo,Secondary,Informal,4,0,1,0,1,2,Medium,0.1,1,1,0
49,Male,Urban,Masvingo,Tertiary,Formal,5,1,1,0,1,3,Low,1.3,1,0,1
54,Male,Urban,Mashonaland Central,Secondary,Unemployed,2,1,1,0,0,2,Medium,0.8,0,1,1
43,Male,Urban,Bulawayo,Secondary,Formal,5,1,1,1,1,4,Low,1.9,1,0,0
24,Male,Rural,Mashonaland East,Secondary,Informal,2,1,0,1,1,3,Low,15.3,0,0,1
26,Female,Rural,Harare,Primary,Informal,2,1,1,0,1,3,Low,11.4,1,0,0
31,Female,Rural,Matabeleland North,Tertiary,Informal,3,1,1,0,0,2,Medium,28.2,1,0,0
40,Male,Urban,Harare,Secondary,Informal,3,1,1,0,0,2,Medium,0.1,0,0,0
36,Female,Urban,Harare,Tertiary,Formal,5,1,1,1,0,3,Low,2.3,1,1,0
22,Male,Urban,Midlands,Tertiary,Unemployed,4,1,1,1,0,3,Low,0.4,1,0,1
22,Male,Urban,Harare,Secondary,Unemployed,2,0,1,0,0,1,High,2.7,0,1,0
18,Male,Urban,Harare,Tertiary,Formal,5,1,0,1,1,3,Low,9.2,1,1,0
18,Female,Urban,Matabeleland South,Secondary,Informal,4,0,1,0,1,2,Medium,0.5,1,1,1
36,Male,Urban,Harare,Primary,Informal,3,1,0,0,1,2,Medium,1.5,1,0,0
70,Female,Rural,Mashonaland West,Tertiary,Unemployed,2,1,0,0,0,1,High,4.4,1,1,1
63,Male,Urban,Harare,Secondary,Formal,5,1,1,1,1,4,Low,6.9,1,1,0
24,Female,Rural,Mashonaland West,Secondary,Informal,4,1,0,0,1,2,Medium,34.6,1,1,1
40,Male,Urban,Midlands,Secondary,Formal,3,1,1,1,1,4,Low,3.6,1,1,0
18,Female,Rural,Matabeleland North,None,Formal,4,1,0,1,1,3,Low,7.6,1,1,0
19,Female,Urban,Bulawayo,Secondary,Unemployed,3,1,1,0,0,2,Medium,2.7,1,1,1
21,Male,Urban,Harare,Secondary,Formal,5,1,1,0,1,3,Low,1.7,1,1,0
34,Male,Urban,Harare,Secondary,Informal,4,1,1,0,0,2,Medium,0.6,1,0,1
35,Female,Urban,Bulawayo,Tertiary,Formal,3,1,1,1,1,4,Low,5.8,1,1,1
41,Female,Rural,Mashonaland Central,None,Unemployed,1,1,1,0,0,2,Medium,62.0,0,0,1
47,Female,Urban,Harare,Tertiary,Formal,5,1,1,0,1,3,Low,0.1,1,1,0
33,Male,Rural,Matabeleland North,Secondary,Informal,1,1,1,0,1,3,Low,16.1,1,0,0
38,Female,Urban,Masvingo,Secondary,Informal,2,1,1,0,1,3,Low,9.5,0,1,1
22,Male,Urban,Matabeleland North,Secondary,Formal,5,1,0,1,0,2,Medium,2.9,0,1,1
19,Male,Urban,Mashonaland West,Primary,Informal,1,1,0,0,1,2,Medium,4.8,1,1,0
18,Female,Urban,Bulawayo,Secondary,Informal,4,1,1,0,0,2,Medium,2.0,1,1,0
47,Female,Rural,Matabeleland South,Primary,Unemployed,2,1,1,0,0,2,Medium,7.3,1,1,1
33,Female,Rural,Midlands,Secondary,Unemployed,2,1,1,0,0,2,Medium,12.0,1,0,1
18,Female,Rural,Bulawayo,Secondary,Informal,3,1,0,0,0,1,High,43.2,1,1,0
37,Male,Urban,Harare,Secondary,Formal,5,1,1,1,1,4,Low,0.8,1,1,0
20,Female,Urban,Harare,Secondary,Informal,4,1,1,0,1,3,Low,4.2,1,1,1
61,Male,Rural,Midlands,Primary,Informal,1,1,1,0,1,3,Low,10.9,0,0,0
29,Male,Urban,Matabeleland North,Secondary,Informal,3,0,1,1,1,3,Low,7.7,0,1,0
47,Male,Urban,Mashonaland East,Tertiary,Informal,4,1,1,1,0,3,Low,0.2,1,0,1
53,Female,Urban,Harare,None,Unemployed,1,1,0,1,0,2,Medium,0.5,1,0,1
24,Male,Rural,Midlands,Primary,Informal,2,1,0,0,0,1,High,2.0,1,0,1
39,Male,Rural,Bulawayo,Secondary,Unemployed,1,1,0,0,0,1,High,4.9,1,0,1
45,Female,Rural,Mashonaland Central,Secondary,Informal,2,1,1,0,0,2,Medium,5.5,0,0,1
39,Female,Rural,Masvingo,Tertiary,Informal,3,1,1,0,1,3,Low,31.4,1,1,1
43,Female,Urban,Mashonaland East,Tertiary,Formal,5,1,1,1,1,4,Low,2.4,1,1,1
19,Female,Rural,Midlands,Secondary,Informal,1,1,0,0,1,2,Medium,53.7,1,0,1
45,Male,Urban,Harare,Secondary,Formal,5,1,1,1,0,3,Low,7.5,1,1,0
31,Female,Rural,Mashonaland West,Secondary,Formal,4,1,1,1,1,4,Low,13.3,1,1,0
42,Female,Urban,Bulawayo,Primary,Informal,3,1,1,0,1,3,Low,3.6,1,1,0
50,Female,Rural,Bulawayo,Secondary,Informal,1,0,0,0,1,1,High,10.0,0,0,1
47,Female,Urban,Masvingo,Secondary,Unemployed,3,0,1,0,0,1,High,1.7,1,0,0
42,Male,Urban,Harare,Secondary,Informal,4,1,1,0,1,3,Low,4.5,1,0,0
46,Male,Urban,Harare,Secondary,Informal,4,1,1,1,0,3,Low,0.6,1,0,0
47,Female,Urban,Harare,Tertiary,Informal,3,1,1,1,0,3,Low,4.6,1,1,0
58,Male,Urban,Manicaland,Secondary,Formal,5,1,1,1,1,4,Low,1.5,1,1,0
37,Male,Rural,Midlands,Primary,Informal,2,1,1,0,1,3,Low,44.7,0,0,0
40,Female,Urban,Harare,Tertiary,Formal,5,1,1,1,1,4,Low,0.2,1,1,0
51,Female,Rural,Mashonaland Central,None,Informal,1,1,1,0,0,2,Medium,27.6,1,1,1
31,Female,Urban,Matabeleland South,Tertiary,Informal,5,1,1,1,1,4,Low,8.4,1,1,0
19,Female,Rural,Masvingo,Secondary,Informal,2,1,1,0,1,3,Low,41.1,0,1,1
44,Female,Urban,Harare,Tertiary,Formal,5,1,1,1,1,4,Low,0.4,1,1,0
35,Female,Rural,Mashonaland Central,Tertiary,Formal,4,1,1,1,1,4,Low,55.4,0,0,0
21,Female,Rural,Midlands,Secondary,Informal,2,1,1,0,1,3,Low,19.9,0,0,1
45,Male,Urban,Manicaland,Tertiary,Formal,4,1,1,1,1,4,Low,1.6,1,1,0
58,Female,Rural,Mashonaland Central,None,Informal,1,1,1,0,0,2,Medium,14.8,0,0,1
18,Male,Urban,Harare,Primary,Formal,5,1,1,1,1,4,Low,2.5,1,1,0
52,Male,Urban,Harare,Secondary,Formal,5,1,1,0,1,3,Low,11.6,1,1,0
18,Male,Rural,Mashonaland Central,Secondary,Informal,1,0,1,0,0,1,High,13.7,1,1,1
32,Female,Rural,Manicaland,None,Unemployed,1,0,0,0,0,0,High,33.1,1,0,1
63,Female,Urban,Harare,Secondary,Formal,5,0,1,1,1,3,Low,11.0,1,1,0
33,Female,Urban,Harare,Tertiary,Formal,5,1,1,1,1,4,Low,4.0,1,1,0
39,Female,Rural,Mashonaland East,Secondary,Informal,2,0,1,0,1,2,Medium,30.0,1,0,0
48,Female,Rural,Mashonaland West,Primary,Unemployed,1,1,1,0,0,2,Medium,41.7,1,1,0
18,Male,Rural,Mashonaland West,Secondary,Informal,3,1,0,0,1,2,Medium,13.9,0,1,0
39,Female,Urban,Mashonaland West,Secondary,Informal,4,1,1,1,1,4,Low,0.9,1,1,0
38,Female,Rural,Mashonaland Central,Primary,Informal,4,1,1,0,1,3,Low,12.9,1,0,1
64,Female,Urban,Masvingo,Tertiary,Unemployed,3,1,1,1,0,3,Low,0.5,1,1,0
20,Male,Rural,Midlands,Tertiary,Formal,4,1,1,1,1,4,Low,30.8,0,1,0
32,Male,Urban,Matabeleland South,Secondary,Formal,4,0,1,0,1,2,Medium,1.7,1,1,0
25,Female,Rural,Mashonaland Central,Primary,Informal,1,1,1,0,1,3,Low,4.2,0,1,1
23,Male,Urban,Harare,Secondary,Informal,4,0,1,0,0,1,High,2.1,0,1,1
53,Male,Rural,Masvingo,Secondary,Informal,3,0,0,0,1,1,High,18.0,1,0,0
38,Male,Rural,Manicaland,None,Unemployed,1,0,0,1,0,1,High,1.5,0,0,1
30,Male,Urban,Harare,Primary,Informal,2,1,1,0,0,2,Medium,7.6,1,0,0
30,Male,Rural,Manicaland,Secondary,Unemployed,1,0,0,0,0,0,High,2.5,1,0,1
30,Female,Urban,Bulawayo,Secondary,Unemployed,5,1,1,0,0,2,Medium,0.1,1,1,1
31,Female,Rural,Matabeleland South,Secondary,Informal,1,1,1,0,0,2,Medium,5.9,1,1,0
20,Female,Urban,Harare,Tertiary,Unemployed,5,1,1,1,0,3,Low,3.8,1,0,0
34,Male,Urban,Matabeleland South,Secondary,Informal,4,1,1,0,0,2,Medium,2.1,0,1,0
32,Male,Urban,Mashonaland East,Secondary,Formal,4,1,1,1,1,4,Low,0.6,1,1,0
27,Male,Urban,Harare,Tertiary,Informal,3,1,0,0,1,2,Medium,2.9,1,1,0
40,Male,Urban,Harare,Secondary,Unemployed,2,0,1,0,0,1,High,6.5,0,1,1
41,Male,Rural,Manicaland,Secondary,Unemployed,2,1,1,0,0,2,Medium,85.1,0,0,0
30,Female,Rural,Midlands,None,Informal,1,0,0,0,1,1,High,16.0,1,0,1
35,Female,Rural,Matabeleland South,Tertiary,Formal,5,1,1,1,1,4,Low,18.4,1,1,0
68,Female,Urban,Bulawayo,Primary,Unemployed,2,1,1,0,0,2,Medium,3.4,0,1,0
67,Male,Urban,Bulawayo,Tertiary,Formal,5,1,1,1,1,4,Low,0.4,1,1,0
23,Male,Urban,Harare,None,Informal,3,0,1,1,1,3,Low,9.8,1,1,0
25,Male,Rural,Midlands,Secondary,Informal,4,1,0,1,0,2,Medium,31.2,1,0,1
23,Male,Rural,Midlands,Secondary,Informal,1,1,0,0,0,1,High,26.2,0,1,1
52,Female,Urban,Manicaland,None,Formal,4,0,1,1,1,3,Low,0.8,1,1,0
32,Male,Rural,Mashonaland West,Secondary,Informal,1,1,1,0,1,3,Low,85.9,0,0,1
41,Female,Urban,Harare,Primary,Informal,3,0,1,1,1,3,Low,0.7,0,1,1
65,Female,Urban,Harare,Secondary,Formal,5,1,1,1,1,4,Low,0.5,1,1,0
37,Male,Urban,Harare,Secondary,Formal,5,1,1,1,1,4,Low,0.3,1,1,0
47,Male,Urban,Bulawayo,Tertiary,Informal,5,1,1,0,0,2,Medium,1.5,1,1,0
45,Male,Rural,Matabeleland South,Secondary,Informal,2,1,1,0,1,3,Low,45.2,0,0,0
29,Male,Rural,Midlands,Secondary,Informal,1,0,0,0,0,0,High,63.7,1,0,1
52,Female,Urban,Harare,Tertiary,Unemployed,4,1,1,0,0,2,Medium,0.4,1,1,0
26,Female,Urban,Harare,Tertiary,Informal,2,1,1,0,1,3,Low,0.2,1,1,0
56,Female,Rural,Manicaland,Secondary,Unemployed,1,1,1,0,0,2,Medium,1.0,0,1,0
29,Female,Rural,Midlands,Primary,Informal,1,1,1,1,1,4,Low,1.9,1,0,1
31,Male,Rural,Matabeleland South,Secondary,Informal,2,1,0,0,1,2,Medium,6.0,1,0,1
22,Male,Urban,Bulawayo,Secondary,Informal,3,1,0,0,1,2,Medium,1.2,1,0,0
25,Male,Rural,Masvingo,Secondary,Informal,3,1,1,0,1,3,Low,3.2,1,1,0
32,Male,Urban,Bulawayo,Secondary,Unemployed,3,1,1,1,0,3,Low,0.1,0,1,0
18,Female,Rural,Mashonaland Central,Secondary,Informal,1,1,1,0,0,2,Medium,97.7,0,0,1
34,Male,Urban,Harare,Secondary,Informal,5,1,0,1,1,3,Low,3.9,1,1,0
30,Male,Rural,Mashonaland East,Secondary,Informal,1,0,1,0,1,2,Medium,1.7,1,1,0
49,Male,Urban,Harare,Primary,Unemployed,2,1,1,0,0,2,Medium,0.9,1,1,0
43,Male,Urban,Bulawayo,None,Formal,4,1,1,1,1,4,Low,0.6,0,1,0
28,Female,Rural,Mashonaland East,Secondary,Informal,2,1,0,0,1,2,Medium,12.6,1,1,1
31,Male,Rural,Matabeleland North,Secondary,Informal,2,1,1,0,0,2,Medium,45.2,0,0,0
34,Male,Urban,Bulawayo,Tertiary,Informal,4,0,1,0,1,2,Medium,0.4,1,1,0
58,Male,Rural,Masvingo,Secondary,Informal,2,1,1,1,0,3,Low,1.0,1,0,0
26,Female,Rural,Midlands,Primary,Informal,1,1,0,0,0,1,High,22.7,0,1,1
27,Female,Urban,Harare,Secondary,Informal,2,1,1,0,1,3,Low,4.5,1,1,0
22,Female,Urban,Bulawayo,Tertiary,Informal,4,0,0,0,0,0,High,8.0,1,1,0
18,Male,Urban,Harare,Primary,Informal,2,1,1,0,0,2,Medium,1.6,0,1,1
42,Male,Rural,Matabeleland North,Secondary,Informal,1,0,1,0,1,2,Medium,5.9,1,0,1
40,Female,Urban,Bulawayo,Secondary,Formal,5,1,1,1,1,4,Low,1.0,1,1,0
55,Male,Urban,Harare,Secondary,Informal,5,1,1,0,1,3,Low,0.9,1,0,0
52,Male,Rural,Harare,None,Informal,2,0,0,0,0,0,High,2.9,0,1,1
71,Female,Rural,Matabeleland North,Secondary,Informal,3,1,1,0,0,2,Medium,8.8,0,0,0
36,Male,Rural,Matabeleland North,Secondary,Informal,2,0,1,0,1,2,Medium,37.0,1,1,1
34,Male,Rural,Matabeleland North,Primary,Informal,2,0,1,0,1,2,Medium,20.4,1,0,1
19,Female,Rural,Mashonaland West,Secondary,Unemployed,2,1,0,0,0,1,High,11.8,0,0,0
47,Female,Rural,Masvingo,Secondary,Unemployed,3,0,1,1,0,2,Medium,30.6,0,1,1
39,Male,Rural,Masvingo,Secondary,Unemployed,1,1,1,0,0,2,Medium,69.0,1,0,0
47,Male,Urban,Harare,Primary,Informal,4,1,1,0,0,2,Medium,2.6,1,0,0
22,Female,Urban,Bulawayo,Secondary,Formal,4,1,1,1,1,4,Low,12.1,1,1,0
42,Male,Urban,Bulawayo,Secondary,Informal,4,1,1,1,1,4,Low,1.8,1,1,0
40,Male,Rural,Matabeleland South,Tertiary,Formal,3,0,1,1,1,3,Low,9.0,1,1,0
39,Female,Urban,Harare,Tertiary,Informal,3,1,1,0,1,3,Low,2.3,1,1,0
28,Female,Urban,Harare,Primary,Formal,4,1,1,1,1,4,Low,5.6,1,1,0
54,Female,Rural,Midlands,Secondary,Unemployed,2,1,1,0,0,2,Medium,53.3,0,0,1
66,Male,Urban,Masvingo,Secondary,Formal,5,1,1,1,1,4,Low,7.6,0,1,0
22,Male,Urban,Harare,Primary,Formal,5,1,1,1,1,4,Low,0.5,1,1,0
48,Female,Rural,Midlands,Primary,Unemployed,1,1,1,0,0,2,Medium,16.7,0,1,1
18,Female,Rural,Manicaland,Primary,Informal,2,1,1,0,1,3,Low,1.8,1,0,1
47,Male,Urban,Mashonaland West,Secondary,Formal,5,1,1,1,1,4,Low,6.8,1,1,0
18,Female,Urban,Harare,Secondary,Informal,4,1,1,1,1,4,Low,9.5,0,1,0
30,Male,Urban,Harare,Secondary,Unemployed,3,0,1,1,0,2,Medium,2.3,1,1,1
19,Female,Rural,Midlands,Secondary,Informal,3,1,1,0,0,2,Medium,7.3,1,0,0
34,Female,Rural,Manicaland,Secondary,Informal,1,0,0,0,1,1,High,7.5,1,0,1
49,Male,Urban,Mashonaland West,Secondary,Formal,3,1,1,1,1,4,Low,4.0,1,1,1
18,Female,Rural,Mashonaland West,Secondary,Informal,2,1,0,0,1,2,Medium,13.0,1,1,1
32,Female,Urban,Harare,Secondary,Formal,4,1,1,1,1,4,Low,2.0,1,1,0
30,Male,Urban,Matabeleland South,Tertiary,Informal,5,0,1,0,0,1,High,0.3,1,1,0
60,Male,Rural,Masvingo,None,Informal,1,0,1,0,1,2,Medium,23.1,1,1,1
44,Female,Urban,Masvingo,Secondary,Unemployed,2,1,1,1,0,3,Low,2.8,0,1,0
21,Male,Urban,Masvingo,Secondary,Informal,5,1,1,0,1,3,Low,2.9,1,0,0
31,Male,Urban,Harare,Secondary,Informal,3,0,1,0,0,1,High,7.3,0,1,1
59,Male,Rural,Mashonaland Central,Secondary,Informal,2,1,1,0,1,3,Low,4.2,0,0,0
48,Female,Rural,Mashonaland East,Secondary,Informal,3,1,0,0,1,2,Medium,16.2,1,1,1
25,Male,Rural,Masvingo,Tertiary,Informal,3,1,0,0,1,2,Medium,17.1,1,0,1
34,Female,Urban,Harare,Secondary,Informal,4,1,1,0,1,3,Low,1.1,1,1,0
34,Male,Urban,Harare,Secondary,Formal,4,1,1,1,1,4,Low,15.2,1,1,0
30,Male,Rural,Matabeleland South,Secondary,Informal,2,1,1,0,0,2,Medium,18.9,1,1,1
18,Female,Urban,Harare,Secondary,Formal,5,1,1,1,1,4,Low,3.6,1,1,0
28,Male,Rural,Matabeleland North,Secondary,Informal,1,1,1,0,0,2,Medium,8.8,0,0,0
57,Male,Rural,Mashonaland West,Secondary,Informal,2,1,1,0,1,3,Low,13.4,1,1,0
32,Male,Urban,Harare,Secondary,Informal,2,1,1,0,1,3,Low,2.6,1,1,0
36,Female,Rural,Mashonaland Central,Secondary,Unemployed,2,1,0,0,0,1,High,10.3,1,0,1
39,Male,Urban,Harare,Primary,Informal,3,1,1,0,1,3,Low,0.1,1,1,0
69,Male,Urban,Bulawayo,Primary,Informal,2,1,1,0,0,2,Medium,4.5,1,0,0
38,Male,Rural,Manicaland,Tertiary,Formal,4,1,1,1,1,4,Low,8.2,1,1,0
53,Male,Urban,Mashonaland West,Secondary,Unemployed,3,1,1,0,0,2,Medium,0.5,0,1,0
29,Male,Rural,Matabeleland South,Primary,Informal,3,1,1,1,0,3,Low,11.9,1,0,0
34,Female,Rural,Manicaland,Secondary,Informal,1,1,0,0,1,2,Medium,1.0,0,0,1
38,Male,Rural,Midlands,Primary,Informal,1,1,1,0,1,3,Low,16.2,0,0,0
27,Male,Rural,Midlands,None,Informal,1,1,1,0,0,2,Medium,30.0,1,1,1
35,Female,Urban,Harare,Secondary,Formal,4,1,1,0,1,3,Low,5.1,0,1,0
50,Female,Urban,Matabeleland South,Secondary,Formal,5,1,1,0,1,3,Low,2.1,1,1,0
26,Male,Rural,Mashonaland East,Secondary,Unemployed,1,1,1,0,0,2,Medium,42.5,0,0,1
38,Male,Rural,Matabeleland North,Secondary,Unemployed,1,1,0,0,0,1,High,11.5,0,1,0
47,Male,Urban,Harare,Secondary,Informal,4,1,0,0,1,2,Medium,0.1,0,0,1
26,Female,Urban,Mashonaland East,Tertiary,Informal,5,0,1,1,1,3,Low,7.4,1,1,0
53,Male,Urban,Mashonaland West,Secondary,Formal,5,1,1,1,1,4,Low,0.3,1,1,0
39,Male,Urban,Midlands,Secondary,Informal,3,1,1,1,1,4,Low,0.2,0,1,0
35,Male,Rural,Midlands,Tertiary,Informal,2,0,1,0,0,1,High,5.6,1,0,0
18,Male,Urban,Harare,Tertiary,Formal,5,1,1,1,1,4,Low,3.6,1,1,0
32,Male,Rural,Matabeleland North,Primary,Unemployed,2,1,0,1,0,2,Medium,20.9,1,0,1
43,Male,Rural,Mashonaland East,Primary,Unemployed,1,0,0,1,0,1,High,47.0,0,1,1
62,Female,Rural,Manicaland,Secondary,Unemployed,1,0,1,0,0,1,High,52.1,0,1,1
45,Female,Urban,Harare,Primary,Informal,4,1,1,0,1,3,Low,4.6,1,1,0
53,Female,Urban,Matabeleland South,Secondary,Formal,5,1,1,0,1,3,Low,6.8,1,1,0
21,Female,Rural,Matabeleland North,Secondary,Unemployed,2,0,1,0,0,1,High,8.2,0,1,1
36,Male,Rural,Manicaland,Secondary,Informal,1,1,0,0,0,1,High,8.8,1,0,1
55,Female,Urban,Midlands,Secondary,Unemployed,3,1,1,1,0,3,Low,0.7,1,0,0
25,Female,Rural,Matabeleland South,Secondary,Formal,5,1,0,0,1,2,Medium,69.1,1,1,0
51,Female,Urban,Harare,Tertiary,Informal,4,0,1,0,1,2,Medium,0.3,0,1,1
48,Female,Rural,Mashonaland West,None,Informal,1,1,0,0,1,2,Medium,3.4,0,0,1
41,Male,Urban,Manicaland,Tertiary,Formal,5,1,1,1,0,3,Low,2.4,1,1,0
33,Male,Urban,Bulawayo,Primary,Formal,5,1,1,1,1,4,Low,3.2,0,1,0
24,Male,Urban,Bulawayo,Tertiary,Informal,5,1,1,1,0,3,Low,1.0,0,0,0
62,Male,Urban,Bulawayo,Secondary,Formal,5,1,1,1,1,4,Low,0.1,1,1,0
46,Male,Urban,Harare,Secondary,Unemployed,3,1,1,1,0,3,Low,4.1,1,1,0
42,Male,Urban,Bulawayo,Secondary,Formal,5,1,1,1,0,3,Low,1.3,1,1,0
32,Male,Urban,Harare,Tertiary,Formal,5,1,1,1,1,4,Low,0.8,0,1,0
38,Female,Rural,Mashonaland East,Secondary,Informal,1,0,0,0,1,1,High,12.5,1,0,1
40,Female,Urban,Harare,None,Formal,4,1,1,1,1,4,Low,2.1,1,1,0
43,Female,Rural,Matabeleland North,None,Informal,2,1,1,1,0,3,Low,1.0,1,1,1
48,Male,Rural,Mashonaland West,Secondary,Unemployed,2,1,1,1,0,3,Low,16.8,0,1,1
27,Female,Urban,Harare,Secondary,Informal,4,1,1,1,0,3,Low,3.0,0,1,1
18,Female,Urban,Harare,Secondary,Unemployed,3,1,1,1,0,3,Low,0.9,1,1,0
39,Female,Rural,Midlands,Primary,Informal,1,1,1,0,1,3,Low,19.8,0,1,1
18,Female,Rural,Mashonaland Central,Secondary,Informal,1,1,1,0,0,2,Medium,27.5,0,0,1
33,Male,Urban,Harare,Secondary,Formal,5,1,1,1,1,4,Low,0.2,1,1,0
30,Male,Rural,Mashonaland Central,None,Informal,1,0,1,1,1,3,Low,39.9,1,0,1
44,Female,Urban,Manicaland,Secondary,Formal,5,1,1,1,1,4,Low,0.8,1,1,0
65,Female,Urban,Harare,Secondary,Formal,5,1,1,1,1,4,Low,2.7,1,1,0
18,Male,Rural,Mashonaland West,Tertiary,Informal,1,1,0,0,0,1,High,30.3,1,0,0
69,Male,Urban,Masvingo,Secondary,Formal,5,1,1,1,1,4,Low,2.0,1,0,0
34,Male,Rural,Matabeleland South,Primary,Informal,2,0,0,0,1,1,High,8.3,1,1,1
42,Male,Urban,Bulawayo,Tertiary,Informal,4,1,0,1,0,2,Medium,0.6,1,1,1
18,Female,Rural,Mashonaland West,Primary,Informal,1,0,1,1,0,2,Medium,13.8,0,0,1
51,Female,Urban,Matabeleland South,Tertiary,Formal,5,1,1,1,1,4,Low,1.3,1,1,0
38,Male,Urban,Matabeleland South,Secondary,Informal,3,1,1,0,0,2,Medium,6.0,1,1,1
37,Male,Urban,Manicaland,Tertiary,Formal,4,1,1,1,1,4,Low,2.4,1,1,0
18,Male,Urban,Mashonaland Central,Tertiary,Formal,5,1,1,1,1,4,Low,0.7,1,1,0
39,Male,Rural,Midlands,Secondary,Informal,3,1,1,0,1,3,Low,18.2,1,0,0
49,Female,Urban,Midlands,Primary,Formal,4,1,1,1,1,4,Low,5.7,1,1,0
34,Female,Urban,Harare,Tertiary,Informal,3,1,0,0,1,2,Medium,1.2,1,1,0
54,Female,Urban,Midlands,Tertiary,Informal,3,1,0,1,0,2,Medium,4.9,1,1,0
53,Male,Urban,Manicaland,Secondary,Informal,2,1,1,0,1,3,Low,5.4,0,0,0
29,Female,Rural,Masvingo,Secondary,Informal,3,0,1,0,0,1,High,10.8,1,1,1
60,Female,Urban,Harare,Secondary,Formal,5,0,1,1,1,3,Low,1.9,1,1,0
38,Male,Rural,Mashonaland East,Tertiary,Formal,4,1,1,1,1,4,Low,18.6,1,1,0
38,Female,Urban,Mashonaland East,Tertiary,Unemployed,3,1,1,0,0,2,Medium,4.0,1,0,0
39,Female,Rural,Matabeleland North,Secondary,Informal,2,0,0,0,1,1,High,50.9,1,1,1
38,Female,Urban,Harare,Secondary,Informal,4,1,1,0,1,3,Low,1.2,1,1,0
18,Male,Urban,Bulawayo,Secondary,Formal,4,1,1,1,1,4,Low,1.1,1,1,0
35,Male,Rural,Manicaland,Secondary,Unemployed,2,0,1,1,0,2,Medium,40.1,1,1,1
18,Male,Rural,Mashonaland West,Secondary,Informal,1,0,0,0,0,0,High,4.2,1,0,1
60,Male,Rural,Masvingo,Secondary,Formal,4,1,1,1,1,4,Low,6.2,1,0,0
60,Male,Urban,Bulawayo,Tertiary,Informal,3,1,1,1,1,4,Low,1.4,0,0,1
49,Female,Urban,Harare,Secondary,Informal,2,1,1,0,1,3,Low,0.4,1,1,0
34,Male,Rural,Manicaland,Primary,Informal,1,1,1,0,1,3,Low,8.3,1,1,0
23,Male,Urban,Harare,Tertiary,Unemployed,3,1,1,1,0,3,Low,10.7,1,1,0
28,Female,Rural,Masvingo,None,Unemployed,1,0,1,0,0,1,High,7.5,0,0,1
65,Female,Rural,Midlands,Tertiary,Informal,2,0,1,1,1,3,Low,2.9,1,0,0
28,Female,Rural,Matabeleland South,Tertiary,Unemployed,2,1,1,0,0,2,Medium,10.6,0,1,1
18,Female,Rural,Matabeleland South,Secondary,Unemployed,2,0,0,0,0,0,High,7.1,0,0,1
52,Male,Rural,Mashonaland East,Secondary,Informal,3,0,1,0,1,2,Medium,22.4,1,0,1
59,Male,Urban,Harare,Secondary,Informal,4,1,1,0,0,2,Medium,6.5,1,1,0
61,Female,Urban,Masvingo,Secondary,Informal,3,1,0,0,1,2,Medium,2.8,1,0,1
52,Male,Rural,Mashonaland West,Secondary,Informal,1,0,0,0,1,1,High,31.1,1,0,1
54,Male,Urban,Harare,Secondary,Informal,2,1,0,0,0,1,High,2.3,0,1,0
38,Male,Urban,Bulawayo,Tertiary,Informal,4,1,1,0,1,3,Low,2.0,1,1,0
18,Female,Urban,Bulawayo,Secondary,Unemployed,4,1,1,0,0,2,Medium,4.3,1,1,0
38,Male,Rural,Mashonaland East,Secondary,Informal,1,1,0,0,0,1,High,22.2,1,0,1
46,Female,Rural,Harare,Secondary,Informal,2,1,1,0,0,2,Medium,8.2,1,1,0
36,Male,Rural,Masvingo,Secondary,Informal,2,0,1,1,0,2,Medium,4.2,1,0,1
35,Female,Urban,Harare,Secondary,Unemployed,4,1,1,0,0,2,Medium,10.4,1,0,0
24,Male,Urban,Harare,Secondary,Informal,4,1,0,0,1,2,Medium,0.1,1,1,0
23,Male,Urban,Mashonaland West,Tertiary,Formal,4,1,1,1,1,4,Low,3.6,1,1,0
63,Female,Urban,Midlands,Secondary,Formal,5,1,1,1,1,4,Low,2.6,1,1,0
64,Female,Rural,Mashonaland East,Primary,Formal,4,1,1,0,1,3,Low,7.2,1,1,0
37,Male,Rural,Bulawayo,None,Informal,1,1,0,0,0,1,High,25.8,0,0,1
41,Male,Urban,Bulawayo,Secondary,Formal,5,1,1,1,1,4,Low,3.6,1,1,0
24,Male,Urban,Harare,Secondary,Formal,5,1,1,0,1,3,Low,1.7,1,1,0
46,Male,Urban,Masvingo,Secondary,Unemployed,2,1,1,1,0,3,Low,0.3,0,1,0
62,Female,Rural,Matabeleland North,None,Informal,1,1,0,0,0,1,High,95.4,0,1,1
18,Male,Rural,Mashonaland West,None,Informal,1,1,0,0,0,1,High,19.0,1,0,1
44,Female,Urban,Mashonaland Central,Tertiary,Informal,3,1,1,0,1,3,Low,3.2,1,1,0
45,Male,Rural,Mashonaland East,Secondary,Informal,3,1,1,0,1,3,Low,57.8,1,0,0
45,Male,Urban,Bulawayo,Primary,Informal,3,1,1,1,1,4,Low,0.6,1,1,0
60,Male,Urban,Matabeleland North,Primary,Unemployed,4,1,1,0,0,2,Medium,2.3,1,1,0
66,Male,Rural,Mashonaland Central,Primary,Informal,2,0,0,0,1,1,High,6.6,0,1,1
34,Male,Urban,Harare,Tertiary,Informal,4,1,1,0,1,3,Low,2.8,0,1,0
47,Female,Urban,Masvingo,Tertiary,Formal,5,1,1,1,1,4,Low,0.5,1,1,0
39,Male,Rural,Mashonaland West,Secondary,Informal,2,1,1,0,0,2,Medium,45.1,1,0,0
29,Female,Urban,Harare,Secondary,Informal,4,1,1,1,0,3,Low,0.7,1,1,0
41,Male,Rural,Manicaland,Secondary,Informal,1,0,1,1,1,3,Low,1.0,1,1,1
47,Male,Urban,Harare,Secondary,Informal,3,1,0,1,0,2,Medium,0.9,0,1,1
41,Male,Urban,Bulawayo,Secondary,Informal,4,1,1,1,1,4,Low,1.2,1,1,0
25,Male,Urban,Harare,Secondary,Formal,5,1,1,1,1,4,Low,2.6,1,1,0
31,Female,Urban,Harare,Tertiary,Formal,4,0,1,1,1,3,Low,1.4,1,1,0
31,Female,Urban,Harare,Secondary,Informal,4,1,0,0,0,1,High,1.6,0,1,0
26,Female,Urban,Bulawayo,Secondary,Formal,5,1,1,1,1,4,Low,0.6,1,1,0
42,Female,Rural,Midlands,Secondary,Informal,1,1,1,0,1,3,Low,1.6,1,1,0
43,Male,Urban,Bulawayo,Secondary,Unemployed,2,1,1,0,0,2,Medium,0.1,1,1,0
51,Male,Urban,Bulawayo,Secondary,Informal,4,1,1,0,0,2,Medium,2.5,1,1,0
25,Female,Urban,Mashonaland East,Secondary,Formal,3,1,1,1,1,4,Low,0.6,1,1,0
29,Male,Urban,Harare,Tertiary,Informal,4,1,1,0,1,3,Low,11.3,1,1,0
59,Male,Urban,Harare,Secondary,Informal,5,1,1,0,0,2,Medium,0.5,1,1,0
35,Female,Rural,Manicaland,Secondary,Informal,1,1,1,1,1,4,Low,5.2,0,0,1
38,Female,Urban,Harare,Tertiary,Unemployed,4,1,1,0,0,2,Medium,1.6,1,1,0
35,Female,Rural,Midlands,Secondary,Informal,2,1,0,0,0,1,High,4.7,1,0,1
53,Male,Rural,Mashonaland East,Secondary,Informal,1,1,1,0,1,3,Low,14.5,1,0,0
54,Female,Urban,Mashonaland West,Secondary,Formal,5,1,1,1,1,4,Low,2.9,1,1,0
53,Male,Urban,Harare,Secondary,Unemployed,4,0,0,0,0,0,High,2.3,1,1,1
38,Male,Urban,Bulawayo,Secondary,Informal,2,1,1,1,0,3,Low,0.9,0,1,0
25,Male,Rural,Mashonaland East,Primary,Unemployed,1,1,1,0,0,2,Medium,56.6,1,1,0
64,Female,Urban,Harare,Tertiary,Informal,4,1,1,0,1,3,Low,0.2,1,1,0
49,Female,Rural,Mashonaland East,Secondary,Unemployed,2,1,1,0,0,2,Medium,1.2,0,1,0
31,Female,Rural,Matabeleland North,Secondary,Informal,1,0,0,1,0,1,High,35.9,1,1,1
57,Male,Rural,Mashonaland West,Primary,Unemployed,1,1,1,0,0,2,Medium,30.4,1,0,0
30,Male,Urban,Mashonaland West,Secondary,Unemployed,2,1,1,0,0,2,Medium,0.3,1,0,0
57,Male,Rural,Midlands,Secondary,Unemployed,1,0,0,0,0,0,High,19.0,1,0,1
58,Female,Urban,Bulawayo,Secondary,Unemployed,4,1,1,1,0,3,Low,2.1,1,1,1
25,Male,Urban,Midlands,Primary,Informal,3,1,0,0,1,2,Medium,3.1,1,1,0
46,Male,Urban,Harare,Secondary,Informal,3,1,1,0,0,2,Medium,1.2,0,1,0
48,Female,Rural,Mashonaland East,Primary,Informal,1,1,0,0,1,2,Medium,100.1,1,0,1
74,Male,Rural,Mashonaland West,None,Unemployed,1,1,1,0,0,2,Medium,1.0,1,1,0
27,Female,Rural,Masvingo,Primary,Unemployed,1,1,1,0,0,2,Medium,16.5,0,1,1
58,Male,Urban,Bulawayo,Tertiary,Informal,5,1,1,1,0,3,Low,1.8,1,1,0
38,Female,Rural,Masvingo,None,Informal,3,1,1,0,1,3,Low,6.1,1,1,1
20,Male,Urban,Masvingo,Secondary,Informal,2,1,1,0,0,2,Medium,12.3,1,1,0
36,Male,Urban,Harare,Secondary,Unemployed,4,1,1,0,0,2,Medium,0.8,0,0,0
38,Male,Rural,Matabeleland South,Secondary,Informal,3,1,1,1,1,4,Low,6.1,1,1,0
23,Male,Urban,Bulawayo,Secondary,Informal,2,1,1,1,1,4,Low,2.7,1,1,0
42,Female,Urban,Bulawayo,None,Unemployed,1,1,1,0,0,2,Medium,4.7,0,1,1
51,Male,Rural,Mashonaland East,None,Unemployed,1,1,0,0,0,1,High,8.9,1,0,1
41,Male,Urban,Harare,Secondary,Informal,5,1,1,0,1,3,Low,1.8,1,1,0
30,Female,Urban,Harare,Tertiary,Informal,5,0,1,0,0,1,High,2.9,1,1,0
35,Male,Urban,Mashonaland Central,Secondary,Informal,3,1,1,1,1,4,Low,0.1,1,0,0
37,Female,Urban,Bulawayo,Secondary,Informal,2,1,1,0,1,3,Low,4.9,1,1,0
41,Female,Rural,Mashonaland Central,Tertiary,Informal,3,1,1,0,1,3,Low,16.7,1,0,1
53,Male,Rural,Matabeleland South,Secondary,Informal,2,1,1,0,1,3,Low,8.8,0,0,0
41,Female,Urban,Bulawayo,Tertiary,Unemployed,4,1,1,1,0,3,Low,0.1,1,1,0
18,Male,Urban,Matabeleland South,Secondary,Unemployed,2,1,1,1,0,3,Low,1.5,0,1,0
30,Male,Urban,Bulawayo,Tertiary,Formal,5,1,1,1,0,3,Low,1.6,1,1,0
40,Male,Rural,Matabeleland North,Secondary,Unemployed,1,1,1,0,0,2,Medium,32.8,1,1,0
53,Female,Rural,Mashonaland West,Secondary,Informal,3,1,1,0,1,3,Low,3.2,1,1,1
56,Female,Rural,Matabeleland North,Secondary,Informal,2,0,0,0,0,0,High,1.1,1,0,1
62,Female,Urban,Harare,Secondary,Informal,5,1,1,1,0,3,Low,0.8,1,0,0
39,Female,Urban,Harare,Tertiary,Formal,5,1,1,1,1,4,Low,1.5,1,1,0
48,Male,Urban,Midlands,Tertiary,Formal,5,1,1,1,1,4,Low,2.1,1,1,0
18,Female,Rural,Matabeleland North,Secondary,Unemployed,2,1,1,0,0,2,Medium,13.9,1,0,1
44,Female,Urban,Bulawayo,Secondary,Informal,3,1,1,1,1,4,Low,5.5,1,0,0
22,Female,Rural,Mashonaland West,Secondary,Informal,1,1,0,0,0,1,High,2.0,1,1,1
37,Female,Rural,Matabeleland North,Primary,Informal,3,0,1,0,1,2,Medium,11.7,1,0,1
80,Female,Urban,Harare,Secondary,Informal,5,1,0,1,0,2,Medium,0.5,1,1,1
42,Male,Urban,Harare,Primary,Informal,3,1,0,0,1,2,Medium,9.3,1,1,1
25,Female,Urban,Harare,Tertiary,Formal,5,1,1,1,1,4,Low,2.3,1,0,0
43,Female,Urban,Harare,Tertiary,Formal,5,1,1,1,1,4,Low,5.6,1,1,0
30,Female,Urban,Harare,Primary,Informal,4,1,0,1,0,2,Medium,0.6,1,1,1
24,Male,Rural,Matabeleland South,Secondary,Informal,2,1,1,0,0,2,Medium,33.3,1,1,1
67,Female,Urban,Harare,Tertiary,Unemployed,3,1,1,0,0,2,Medium,1.6,0,1,0
52,Male,Urban,Mashonaland West,Primary,Informal,1,1,1,0,1,3,Low,4.7,1,0,0
42,Female,Rural,Midlands,Primary,Unemployed,2,0,0,0,0,0,High,3.4,1,0,0
32,Female,Rural,Mashonaland Central,Primary,Unemployed,2,0,0,0,0,0,High,30.7,1,0,1
33,Male,Urban,Manicaland,Tertiary,Formal,5,1,1,1,1,4,Low,6.6,1,1,0
59,Female,Rural,Mashonaland West,Secondary,Formal,4,1,1,1,0,3,Low,9.4,1,0,0
42,Male,Rural,Midlands,Primary,Informal,2,1,1,0,1,3,Low,7.1,0,0,0
18,Female,Rural,Mashonaland West,Primary,Unemployed,1,1,1,1,0,3,Low,11.0,1,0,0
71,Female,Rural,Mashonaland East,Secondary,Formal,4,1,1,1,1,4,Low,15.4,1,1,0
40,Male,Urban,Harare,Primary,Formal,4,1,1,1,1,4,Low,8.8,1,1,0
42,Female,Rural,Midlands,Secondary,Informal,2,0,1,0,0,1,High,19.0,0,0,0
53,Male,Urban,Harare,None,Unemployed,1,1,0,0,0,1,High,0.4,1,1,1
44,Female,Rural,Matabeleland South,Secondary,Formal,4,1,1,1,1,4,Low,8.5,0,1,0
48,Female,Rural,Mashonaland Central,Secondary,Informal,3,0,1,0,1,2,Medium,8.5,0,0,0
32,Male,Urban,Bulawayo,Tertiary,Formal,5,1,0,0,1,2,Medium,0.8,1,1,0
20,Female,Urban,Bulawayo,Secondary,Unemployed,3,1,1,0,0,2,Medium,3.3,1,0,0
41,Female,Rural,Manicaland,Secondary,Informal,3,0,1,0,0,1,High,4.7,1,0,0
58,Female,Rural,Manicaland,Secondary,Informal,4,1,1,1,0,3,Low,5.8,1,0,0
28,Female,Urban,Harare,Secondary,Unemployed,3,1,1,0,0,2,Medium,0.6,0,1,1
27,Male,Rural,Matabeleland South,Primary,Informal,2,1,0,1,1,3,Low,14.4,0,0,1
55,Female,Rural,Matabeleland North,None,Unemployed,2,1,0,0,0,1,High,50.0,1,0,1
31,Male,Urban,Harare,Secondary,Formal,5,1,1,1,1,4,Low,0.3,1,1,0
32,Male,Urban,Bulawayo,Secondary,Formal,3,1,1,1,1,4,Low,2.1,1,0,0
32,Female,Urban,Harare,Tertiary,Informal,3,1,1,1,1,4,Low,1.6,0,1,0
37,Male,Rural,Matabeleland North,Secondary,Informal,3,0,0,0,0,0,High,128.3,1,1,1
18,Female,Urban,Mashonaland East,Tertiary,Informal,4,1,1,0,1,3,Low,7.4,1,0,0
30,Male,Rural,Midlands,Tertiary,Informal,4,0,0,1,1,2,Medium,26.9,0,0,1
41,Female,Urban,Masvingo,Secondary,Formal,5,1,1,0,1,3,Low,1.4,1,1,0
41,Female,Rural,Mashonaland East,None,Unemployed,1,1,0,0,0,1,High,50.6,1,0,1
54,Male,Urban,Harare,Primary,Informal,2,1,1,0,1,3,Low,1.3,0,1,0
63,Male,Urban,Masvingo,Tertiary,Informal,4,1,1,1,1,4,Low,0.9,1,1,0
59,Male,Rural,Manicaland,Primary,Informal,1,1,0,0,0,1,High,18.5,1,1,1
50,Female,Urban,Harare,Tertiary,Unemployed,5,1,1,1,0,3,Low,1.3,0,1,0
35,Female,Urban,Harare,Primary,Informal,2,1,0,1,0,2,Medium,5.2,1,1,1
29,Male,Rural,Matabeleland South,Primary,Unemployed,2,1,1,1,0,3,Low,27.0,1,1,1
38,Female,Rural,Matabeleland North,Secondary,Unemployed,3,1,1,0,0,2,Medium,10.3,1,0,0
46,Male,Rural,Midlands,Secondary,Informal,3,1,0,0,0,1,High,60.7,1,0,0
49,Male,Urban,Harare,Tertiary,Formal,5,1,1,1,1,4,Low,5.7,1,1,0
46,Male,Rural,Mashonaland East,None,Informal,1,1,0,0,1,2,Medium,1.0,0,0,1
36,Male,Rural,Mashonaland East,Primary,Informal,3,0,0,0,0,0,High,1.0,1,1,1
49,Female,Urban,Mashonaland East,Secondary,Unemployed,3,1,1,0,0,2,Medium,3.5,0,1,1
55,Female,Urban,Harare,Tertiary,Formal,5,1,1,1,1,4,Low,2.7,1,1,0
50,Female,Rural,Midlands,Primary,Informal,1,1,0,1,1,3,Low,20.1,0,0,1
37,Female,Urban,Bulawayo,Secondary,Informal,2,0,1,0,0,1,High,9.0,0,0,1
26,Male,Rural,Matabeleland South,Primary,Informal,1,0,1,0,0,1,High,4.0,1,0,1
25,Male,Rural,Matabeleland South,Secondary,Informal,2,0,0,0,1,1,High,14.5,1,0,1
28,Female,Rural,Mashonaland West,Primary,Unemployed,1,0,0,0,0,0,High,32.4,1,0,1
41,Female,Urban,Mashonaland Central,Tertiary,Informal,3,1,1,0,1,3,Low,0.2,0,1,0
45,Female,Urban,Harare,Primary,Unemployed,3,1,1,0,0,2,Medium,5.6,1,1,0
18,Female,Urban,Mashonaland East,Secondary,Informal,4,0,1,0,0,1,High,3.6,1,1,0
30,Female,Urban,Mashonaland West,Tertiary,Informal,4,1,1,1,1,4,Low,1.4,1,1,0
41,Female,Rural,Masvingo,Primary,Unemployed,1,1,1,0,0,2,Medium,5.1,1,0,0
25,Female,Rural,Mashonaland Central,Primary,Informal,1,1,0,1,1,3,Low,16.0,0,0,1
44,Female,Urban,Midlands,Secondary,Formal,5,1,1,1,1,4,Low,2.5,1,1,0
33,Male,Urban,Matabeleland South,Secondary,Formal,5,1,1,1,1,4,Low,1.2,1,0,0
27,Male,Rural,Masvingo,Secondary,Informal,3,0,1,0,1,2,Medium,39.1,1,1,1
38,Female,Urban,Midlands,Secondary,Informal,3,1,1,0,1,3,Low,1.2,0,1,0
43,Male,Urban,Bulawayo,Secondary,Formal,5,1,1,1,1,4,Low,1.9,1,1,0
26,Female,Urban,Harare,Tertiary,Formal,5,1,1,1,1,4,Low,0.7,0,1,0
34,Female,Rural,Mashonaland West,Primary,Formal,2,1,0,1,1,3,Low,6.4,0,0,1
44,Male,Urban,Harare,Secondary,Informal,2,1,1,1,0,3,Low,0.8,1,0,0
27,Male,Rural,Masvingo,Tertiary,Formal,3,1,1,1,1,4,Low,9.5,1,1,0
18,Female,Urban,Bulawayo,Tertiary,Informal,4,1,1,1,1,4,Low,2.8,1,1,0
18,Female,Rural,Manicaland,Primary,Unemployed,1,0,0,0,0,0,High,10.3,0,0,1
32,Male,Urban,Harare,Secondary,Informal,3,1,1,0,1,3,Low,5.9,1,0,0
19,Female,Urban,Manicaland,Secondary,Unemployed,2,1,1,0,0,2,Medium,3.1,1,1,0
33,Male,Urban,Mashonaland East,Secondary,Unemployed,2,1,1,0,0,2,Medium,9.7,0,1,0
61,Male,Urban,Midlands,Tertiary,Informal,3,1,0,0,0,1,High,0.4,1,1,0
18,Male,Urban,Harare,Secondary,Informal,4,1,1,0,1,3,Low,3.7,0,1,0
34,Female,Urban,Mashonaland West,Secondary,Informal,5,1,1,0,1,3,Low,7.4,1,1,1
67,Female,Urban,Harare,Secondary,Informal,5,1,1,1,1,4,Low,1.8,1,1,0
43,Female,Urban,Harare,Secondary,Informal,4,0,1,1,1,3,Low,5.4,1,1,0
32,Male,Rural,Matabeleland North,Secondary,Formal,3,1,1,1,1,4,Low,1.0,1,1,0
35,Female,Urban,Harare,Secondary,Informal,3,1,1,1,1,4,Low,1.8,0,1,1
44,Female,Rural,Matabeleland South,None,Unemployed,1,1,1,0,0,2,Medium,4.3,0,1,0
61,Male,Rural,Mashonaland East,Primary,Informal,1,1,1,0,1,3,Low,28.5,0,0,0
30,Male,Urban,Harare,Secondary,Formal,5,0,1,1,1,3,Low,7.8,1,1,0
27,Male,Rural,Masvingo,Secondary,Informal,4,1,1,1,0,3,Low,13.4,1,1,0
18,Female,Rural,Manicaland,Secondary,Unemployed,2,1,1,0,0,2,Medium,1.0,1,0,1
39,Male,Rural,Mashonaland East,Tertiary,Unemployed,4,0,0,1,0,1,High,1.0,1,1,1
18,Male,Urban,Harare,Secondary,Informal,2,1,1,0,1,3,Low,11.7,1,0,0
31,Female,Urban,Harare,Tertiary,Formal,5,1,1,1,1,4,Low,2.1,1,0,0
25,Female,Urban,Mashonaland Central,Secondary,Formal,5,1,1,1,1,4,Low,2.7,1,0,0
53,Female,Urban,Harare,Secondary,Unemployed,2,1,1,1,0,3,Low,2.1,1,0,0
30,Female,Rural,Masvingo,Secondary,Informal,3,0,0,0,1,1,High,14.4,1,1,1
43,Male,Rural,Masvingo,Secondary,Unemployed,3,0,1,0,0,1,High,20.2,1,1,1
18,Female,Urban,Bulawayo,Tertiary,Formal,5,0,1,1,1,3,Low,10.9,1,1,0
39,Male,Rural,Mashonaland West,Primary,Unemployed,1,1,0,1,0,2,Medium,17.0,0,1,1
21,Male,Urban,Bulawayo,Tertiary,Informal,2,1,1,0,1,3,Low,2.4,1,1,0
32,Female,Rural,Midlands,Secondary,Informal,2,1,0,0,0,1,High,35.0,1,0,0
68,Male,Urban,Harare,Tertiary,Informal,4,1,1,1,1,4,Low,1.9,1,0,0
51,Male,Rural,Matabeleland South,Secondary,Unemployed,1,1,1,0,0,2,Medium,6.9,0,1,0
36,Female,Rural,Manicaland,Tertiary,Unemployed,2,1,1,0,0,2,Medium,8.1,1,1,1
80,Male,Urban,Bulawayo,Tertiary,Formal,5,1,1,1,1,4,Low,5.5,1,1,0
25,Male,Urban,Bulawayo,Secondary,Formal,5,1,1,1,1,4,Low,0.6,1,1,0
54,Female,Rural,Mashonaland Central,Secondary,Informal,3,1,1,0,0,2,Medium,3.8,1,0,1
18,Female,Urban,Harare,Tertiary,Informal,5,1,1,0,1,3,Low,2.2,0,1,0
34,Female,Urban,Harare,Tertiary,Informal,3,0,1,0,1,2,Medium,0.5,1,1,1
19,Male,Rural,Manicaland,Secondary,Informal,1,1,0,0,1,2,Medium,34.5,0,0,1
41,Female,Rural,Masvingo,Tertiary,Unemployed,1,1,1,0,0,2,Medium,63.1,0,0,1
38,Female,Urban,Harare,Secondary,Formal,5,0,1,1,1,3,Low,0.7,1,1,0
33,Male,Urban,Mashonaland East,Secondary,Formal,5,1,0,1,0,2,Medium,0.7,1,0,0
53,Male,Urban,Masvingo,Secondary,Formal,3,1,1,1,1,4,Low,4.1,1,0,1
30,Male,Rural,Mashonaland East,Secondary,Informal,2,0,1,1,1,3,Low,8.7,0,0,1
42,Female,Urban,Harare,Secondary,Formal,5,1,1,0,1,3,Low,3.1,1,1,0
49,Male,Urban,Harare,Secondary,Unemployed,2,1,1,0,0,2,Medium,2.4,1,1,0
18,Female,Urban,Masvingo,Secondary,Informal,4,0,1,1,1,3,Low,9.0,1,0,0
27,Female,Rural,Mashonaland West,None,Informal,2,1,1,0,0,2,Medium,6.5,0,0,0
38,Male,Urban,Harare,Primary,Informal,3,1,1,0,0,2,Medium,0.2,1,0,0
46,Female,Rural,Midlands,Secondary,Unemployed,1,1,0,0,0,1,High,14.5,1,1,1
57,Male,Rural,Mashonaland West,Primary,Unemployed,1,1,1,1,0,3,Low,14.5,1,0,0
34,Male,Rural,Mashonaland East,None,Informal,1,1,1,0,0,2,Medium,17.4,1,0,0
33,Female,Rural,Midlands,None,Informal,1,0,0,1,1,2,Medium,9.1,1,0,1
25,Male,Rural,Midlands,Primary,Informal,1,1,1,0,0,2,Medium,63.6,1,0,1
42,Female,Rural,Mashonaland West,None,Informal,1,1,1,0,1,3,Low,33.7,1,1,1
33,Female,Urban,Harare,Tertiary,Formal,4,1,1,1,1,4,Low,1.1,1,1,0
34,Male,Rural,Mashonaland West,Secondary,Informal,1,1,1,0,1,3,Low,8.9,0,1,1
36,Male,Urban,Harare,Secondary,Formal,5,1,0,1,1,3,Low,0.1,1,1,1
45,Male,Urban,Bulawayo,Secondary,Informal,5,1,1,0,1,3,Low,0.7,1,1,0
30,Female,Rural,Mashonaland Central,None,Informal,2,1,0,0,1,2,Medium,18.4,1,0,1
27,Female,Rural,Masvingo,Secondary,Informal,2,1,1,1,1,4,Low,8.6,1,0,1
44,Male,Rural,Matabeleland South,Tertiary,Unemployed,2,0,1,0,0,1,High,6.0,1,0,0
18,Female,Urban,Midlands,Primary,Informal,3,1,1,0,1,3,Low,4.4,1,1,0
29,Female,Urban,Mashonaland West,Secondary,Formal,5,1,1,1,1,4,Low,6.8,0,1,0
21,Female,Urban,Harare,Secondary,Informal,4,1,1,0,1,3,Low,1.1,0,1,0
54,Male,Urban,Harare,Secondary,Informal,4,1,1,1,0,3,Low,0.3,1,0,0
31,Male,Urban,Bulawayo,Primary,Informal,2,1,0,0,1,2,Medium,2.0,1,1,1
30,Male,Urban,Harare,Secondary,Unemployed,2,1,1,1,0,3,Low,1.6,1,1,0
37,Male,Urban,Harare,Secondary,Informal,4,1,1,0,1,3,Low,2.6,1,1,0
29,Male,Rural,Matabeleland South,Primary,Unemployed,1,1,0,0,0,1,High,15.5,1,0,1
32,Male,Urban,Harare,Tertiary,Formal,5,1,1,0,1,3,Low,1.8,1,0,0
39,Male,Rural,Manicaland,None,Informal,1,0,1,0,1,2,Medium,23.8,0,0,1
32,Male,Rural,Mashonaland West,Primary,Informal,1,1,0,0,0,1,High,9.2,1,0,1
31,Male,Urban,Midlands,Tertiary,Informal,4,1,1,0,1,3,Low,3.0,1,0,0
23,Female,Urban,Bulawayo,Secondary,Formal,5,1,1,1,1,4,Low,3.5,1,0,0
21,Female,Urban,Harare,Secondary,Formal,5,1,1,1,1,4,Low,18.4,1,1,1
38,Male,Rural,Masvingo,Secondary,Unemployed,2,1,1,0,0,2,Medium,23.2,1,0,1
42,Female,Urban,Matabeleland North,Secondary,Formal,4,1,1,1,1,4,Low,5.2,1,0,0
18,Male,Urban,Harare,Tertiary,Formal,5,1,0,1,1,3,Low,1.6,1,1,1
48,Female,Rural,Masvingo,Secondary,Informal,3,1,1,0,0,2,Medium,1.1,0,0,0
48,Female,Rural,Matabeleland North,Secondary,Informal,2,1,0,0,0,1,High,54.5,1,1,0
51,Female,Urban,Manicaland,Tertiary,Formal,4,1,1,0,0,2,Medium,1.1,1,1,0
42,Female,Urban,Harare,Secondary,Formal,5,1,1,1,1,4,Low,0.8,1,1,0
46,Female,Urban,Matabeleland North,Tertiary,Formal,5,1,1,1,1,4,Low,0.7,1,1,0
68,Female,Urban,Harare,Secondary,Informal,4,1,1,1,1,4,Low,1.4,1,1,0
33,Male,Urban,Harare,Secondary,Informal,2,1,1,1,1,4,Low,2.2,1,1,0
23,Male,Rural,Manicaland,Secondary,Informal,1,1,0,0,0,1,High,1.8,0,1,1
18,Female,Rural,Mashonaland West,Secondary,Informal,3,1,0,1,0,2,Medium,43.7,1,0,1
62,Male,Urban,Harare,Primary,Informal,4,1,1,0,1,3,Low,2.2,1,1,0
62,Female,Rural,Matabeleland South,Secondary,Unemployed,2,0,1,0,0,1,High,35.6,1,1,1
25,Female,Urban,Masvingo,Tertiary,Informal,5,1,0,0,1,2,Medium,0.7,1,1,0
27,Male,Rural,Harare,Tertiary,Formal,5,1,0,1,1,3,Low,89.9,1,1,1
33,Male,Rural,Matabeleland South,Secondary,Formal,5,1,0,1,0,2,Medium,2.2,1,1,1
55,Female,Rural,Midlands,None,Informal,1,1,0,0,1,2,Medium,1.0,1,1,0
19,Male,Rural,Manicaland,Primary,Unemployed,1,1,0,0,0,1,High,9.2,1,0,0
18,Female,Urban,Manicaland,Secondary,Informal,2,1,1,0,1,3,Low,0.3,1,1,0
68,Female,Urban,Midlands,Primary,Formal,5,1,1,1,1,4,Low,0.7,1,1,0
42,Male,Urban,Mashonaland East,Tertiary,Formal,4,1,1,0,1,3,Low,2.0,1,1,0
44,Female,Urban,Bulawayo,Secondary,Unemployed,4,1,1,0,0,2,Medium,1.3,1,1,0
35,Female,Rural,Midlands,Secondary,Informal,1,0,0,0,1,1,High,51.7,1,0,1
44,Female,Urban,Manicaland,Secondary,Formal,5,1,1,1,1,4,Low,1.1,0,1,0
18,Male,Rural,Mashonaland East,None,Unemployed,1,1,1,0,0,2,Medium,3.5,1,0,0
26,Female,Urban,Harare,Secondary,Informal,3,1,1,0,1,3,Low,3.1,1,0,0
39,Female,Urban,Bulawayo,Secondary,Informal,4,1,1,0,1,3,Low,2.2,1,0,0
18,Male,Urban,Harare,Secondary,Informal,4,1,1,0,1,3,Low,4.8,1,1,0
33,Female,Rural,Mashonaland East,Secondary,Informal,3,1,0,0,1,2,Medium,1.1,1,1,1
32,Female,Rural,Mashonaland Central,Secondary,Informal,1,0,1,0,1,2,Medium,10.3,1,1,1
33,Male,Urban,Mashonaland West,Secondary,Unemployed,1,1,1,0,0,2,Medium,4.5,1,1,1
30,Female,Urban,Manicaland,Tertiary,Informal,3,1,1,1,0,3,Low,1.6,1,1,1
24,Female,Rural,Mashonaland East,Primary,Informal,1,1,1,0,1,3,Low,6.0,0,1,1
18,Female,Urban,Harare,Secondary,Informal,5,1,1,0,0,2,Medium,1.0,1,1,0
40,Male,Rural,Manicaland,Secondary,Unemployed,3,0,1,0,0,1,High,4.6,1,0,0
33,Female,Urban,Harare,Secondary,Formal,4,1,1,0,1,3,Low,2.3,1,1,1
18,Female,Urban,Bulawayo,Secondary,Formal,5,1,1,1,1,4,Low,1.2,1,1,0
38,Female,Urban,Harare,Tertiary,Informal,5,1,1,0,1,3,Low,5.7,0,1,0
33,Male,Urban,Midlands,Secondary,Formal,4,1,1,1,0,3,Low,0.6,1,1,0
31,Male,Urban,Harare,Tertiary,Informal,3,1,1,0,0,2,Medium,0.4,1,1,0
18,Female,Urban,Harare,Secondary,Informal,2,0,0,0,0,0,High,4.8,0,0,1
47,Male,Rural,Midlands,Secondary,Informal,2,1,0,0,0,1,High,92.9,1,0,1
20,Male,Urban,Harare,Primary,Informal,3,1,1,1,0,3,Low,3.7,1,1,1
38,Male,Urban,Harare,Secondary,Informal,3,1,1,1,1,4,Low,3.4,1,1,0
26,Female,Urban,Harare,Secondary,Formal,3,1,1,1,1,4,Low,0.1,1,1,0
32,Male,Urban,Bulawayo,Secondary,Formal,4,1,1,1,1,4,Low,1.1,1,1,0
54,Female,Rural,Mashonaland East,Secondary,Informal,2,1,1,0,1,3,Low,5.5,1,0,0
45,Female,Urban,Mashonaland West,Secondary,Formal,5,1,1,1,1,4,Low,2.9,1,1,0
53,Female,Rural,Masvingo,None,Informal,1,0,1,0,1,2,Medium,18.1,1,0,1
42,Female,Urban,Masvingo,Secondary,Unemployed,2,1,1,0,0,2,Medium,0.3,1,0,1
43,Male,Rural,Masvingo,Secondary,Informal,3,1,1,0,1,3,Low,1.0,1,0,0
18,Female,Urban,Mashonaland Central,Secondary,Informal,2,0,1,0,0,1,High,3.5,1,1,1
33,Male,Rural,Matabeleland North,Secondary,Informal,2,1,1,0,0,2,Medium,35.2,1,0,1
34,Female,Urban,Bulawayo,Primary,Unemployed,1,1,1,0,0,2,Medium,2.7,1,1,0
55,Male,Urban,Bulawayo,Primary,Unemployed,3,1,1,0,0,2,Medium,0.7,1,0,0
30,Female,Rural,Matabeleland North,Tertiary,Unemployed,1,1,1,0,0,2,Medium,9.4,1,1,1
41,Female,Rural,Harare,Tertiary,Formal,4,0,1,1,0,2,Medium,2.1,1,0,0
41,Male,Rural,Matabeleland North,Secondary,Informal,3,1,0,0,0,1,High,17.4,1,1,1
54,Female,Urban,Harare,Secondary,Formal,5,1,1,0,1,3,Low,0.1,1,1,0
36,Male,Rural,Masvingo,Secondary,Informal,1,1,0,0,1,2,Medium,36.9,1,1,1
49,Male,Rural,Manicaland,Secondary,Formal,3,1,1,0,0,2,Medium,1.0,1,1,1
18,Male,Rural,Bulawayo,None,Unemployed,1,1,1,0,0,2,Medium,2.0,0,0,1
18,Male,Urban,Harare,Primary,Formal,4,1,1,1,1,4,Low,0.1,1,1,0
18,Female,Rural,Mashonaland Central,Primary,Informal,1,1,1,0,0,2,Medium,41.2,1,0,0
49,Female,Rural,Harare,Secondary,Unemployed,1,0,0,0,0,0,High,4.6,0,1,1
47,Male,Rural,Manicaland,Secondary,Unemployed,1,1,0,0,0,1,High,5.7,1,0,1
50,Female,Urban,Bulawayo,Secondary,Formal,5,1,1,1,1,4,Low,0.2,0,1,0
28,Female,Urban,Harare,Secondary,Formal,4,1,0,1,0,2,Medium,7.3,1,1,0
30,Female,Rural,Midlands,Primary,Unemployed,1,1,0,0,0,1,High,22.1,1,0,1
36,Male,Urban,Mashonaland East,Tertiary,Unemployed,3,1,1,1,0,3,Low,1.6,1,1,0
58,Female,Rural,Manicaland,Secondary,Informal,2,1,0,0,0,1,High,4.1,0,0,1
61,Male,Urban,Harare,Secondary,Informal,3,1,1,0,0,2,Medium,3.4,1,0,0
49,Female,Urban,Harare,Tertiary,Informal,4,1,0,0,0,1,High,0.1,1,1,0
42,Female,Rural,Mashonaland East,Primary,Unemployed,1,1,0,0,0,1,High,52.1,0,0,1
56,Female,Urban,Bulawayo,Secondary,Formal,4,1,1,1,1,4,Low,1.4,1,1,0
34,Male,Urban,Bulawayo,Secondary,Informal,3,1,1,0,1,3,Low,7.7,1,1,0
32,Male,Rural,Matabeleland North,None,Unemployed,1,1,0,0,0,1,High,28.5,1,1,1
36,Female,Rural,Mashonaland East,Secondary,Informal,3,0,1,0,1,2,Medium,9.6,1,1,0
24,Male,Rural,Matabeleland North,Secondary,Informal,2,1,0,1,1,3,Low,5.0,1,0,1
35,Male,Urban,Harare,Primary,Informal,2,1,1,1,1,4,Low,1.9,0,0,0
22,Female,Urban,Mashonaland West,Secondary,Informal,4,1,1,1,1,4,Low,1.1,0,0,1
52,Female,Rural,Midlands,Secondary,Informal,2,1,1,1,0,3,Low,37.4,0,0,1
45,Male,Urban,Harare,Tertiary,Formal,4,1,1,1,1,4,Low,5.0,1,1,0
58,Male,Urban,Mashonaland East,Secondary,Formal,2,1,1,1,1,4,Low,2.8,1,1,0
18,Female,Urban,Mashonaland East,Secondary,Unemployed,2,1,1,0,0,2,Medium,3.3,1,1,0
64,Male,Urban,Bulawayo,Tertiary,Formal,5,1,1,1,1,4,Low,1.1,1,1,0
18,Male,Rural,Manicaland,Primary,Unemployed,2,1,0,0,0,1,High,46.8,1,0,1
21,Male,Rural,Matabeleland South,Primary,Informal,1,1,0,0,1,2,Medium,26.1,0,1,1
29,Male,Rural,Mashonaland West,Primary,Unemployed,2,1,1,0,0,2,Medium,13.1,0,0,1
56,Female,Urban,Harare,Secondary,Unemployed,4,1,1,0,0,2,Medium,3.5,1,1,0
41,Male,Urban,Bulawayo,Secondary,Unemployed,4,1,1,0,0,2,Medium,8.4,1,1,1
34,Male,Urban,Harare,Tertiary,Unemployed,4,0,1,0,0,1,High,2.7,1,1,0
26,Female,Urban,Harare,Secondary,Formal,5,1,1,1,1,4,Low,4.2,0,1,0
18,Male,Urban,Midlands,Tertiary,Formal,5,1,1,1,1,4,Low,0.1,1,1,0
53,Male,Urban,Harare,Secondary,Formal,5,1,1,1,1,4,Low,20.0,1,1,0
49,Female,Urban,Bulawayo,Secondary,Informal,3,1,1,0,0,2,Medium,3.1,1,0,0
56,Female,Rural,Matabeleland North,Primary,Informal,2,0,0,0,0,0,High,53.5,0,0,1
43,Male,Rural,Manicaland,Primary,Informal,1,1,1,1,1,4,Low,22.6,1,1,1
18,Male,Urban,Manicaland,Secondary,Formal,5,1,1,1,1,4,Low,7.8,1,0,0
20,Male,Urban,Bulawayo,Tertiary,Informal,4,1,0,0,1,2,Medium,0.2,1,1,0
44,Male,Rural,Mashonaland West,Primary,Informal,3,1,1,0,0,2,Medium,8.7,0,1,1
32,Female,Rural,Masvingo,Secondary,Informal,1,1,0,0,1,2,Medium,20.7,1,1,0
30,Female,Rural,Midlands,Primary,Informal,2,1,0,0,1,2,Medium,3.5,1,0,0
22,Female,Urban,Matabeleland North,Secondary,Informal,3,1,1,1,1,4,Low,2.5,0,1,0
51,Female,Rural,Manicaland,Primary,Unemployed,2,1,0,0,0,1,High,38.3,1,1,0
44,Male,Urban,Harare,Primary,Informal,2,1,1,0,0,2,Medium,0.4,1,1,0
45,Female,Urban,Bulawayo,Secondary,Informal,4,0,1,0,0,1,High,1.7,0,1,0
29,Female,Urban,Matabeleland North,Tertiary,Formal,5,1,1,1,1,4,Low,0.7,1,0,0
40,Male,Urban,Mashonaland East,Tertiary,Formal,4,1,1,1,1,4,Low,5.1,1,0,0
19,Female,Urban,Harare,Primary,Informal,3,1,1,0,0,2,Medium,0.3,0,1,1
36,Male,Urban,Masvingo,Primary,Formal,5,1,1,1,1,4,Low,6.4,1,1,0
18,Female,Rural,Mashonaland East,Secondary,Unemployed,1,0,1,1,0,2,Medium,11.3,0,0,1
18,Female,Urban,Harare,Secondary,Unemployed,1,1,0,0,0,1,High,6.6,1,1,1
33,Male,Urban,Bulawayo,Tertiary,Formal,5,0,1,1,1,3,Low,1.7,1,1,1
71,Female,Urban,Harare,Secondary,Informal,2,1,1,0,1,3,Low,2.9,1,0,0
18,Male,Urban,Bulawayo,Tertiary,Informal,5,1,1,0,1,3,Low,5.3,1,1,0
20,Female,Urban,Harare,Primary,Informal,4,1,1,0,0,2,Medium,6.8,1,1,0
41,Male,Urban,Mashonaland East,Tertiary,Informal,5,0,0,0,0,0,High,6.3,1,1,0
62,Male,Urban,Matabeleland South,Tertiary,Informal,4,1,1,0,0,2,Medium,0.9,1,1,0
40,Male,Rural,Mashonaland East,Secondary,Unemployed,3,1,1,0,0,2,Medium,8.5,0,0,0
47,Female,Rural,Masvingo,Tertiary,Informal,4,1,0,0,1,2,Medium,7.2,1,0,0
33,Male,Urban,Manicaland,Secondary,Informal,3,1,0,0,0,1,High,0.1,1,1,1
30,Female,Rural,Mashonaland Central,Primary,Informal,3,1,1,0,1,3,Low,119.2,1,0,1
39,Male,Rural,Matabeleland South,Secondary,Informal,1,1,1,0,0,2,Medium,29.6,1,0,1
28,Male,Rural,Masvingo,Secondary,Informal,2,0,1,0,0,1,High,21.9,0,1,1
48,Male,Rural,Manicaland,Secondary,Unemployed,1,0,1,0,0,1,High,12.6,1,0,1
18,Male,Rural,Midlands,Secondary,Informal,2,1,0,0,0,1,High,56.3,1,0,1
50,Female,Rural,Mashonaland West,Secondary,Unemployed,1,1,0,0,0,1,High,5.7,1,1,1
38,Male,Rural,Mashonaland Central,Primary,Informal,1,1,1,0,1,3,Low,34.0,0,0,0
34,Female,Urban,Harare,Secondary,Informal,3,0,1,0,1,2,Medium,4.1,1,1,1
18,Female,Urban,Mashonaland East,Secondary,Formal,5,1,1,1,1,4,Low,0.5,1,1,0
24,Female,Urban,Matabeleland South,Secondary,Informal,3,0,1,0,1,2,Medium,0.6,1,1,0
54,Female,Urban,Harare,Secondary,Formal,5,1,1,1,1,4,Low,1.6,1,1,0
35,Female,Urban,Harare,Tertiary,Formal,5,1,1,1,1,4,Low,1.8,0,1,0
41,Female,Urban,Harare,Secondary,Informal,4,1,1,1,1,4,Low,0.1,1,1,0
25,Female,Rural,Matabeleland North,Secondary,Informal,2,0,1,1,0,2,Medium,8.9,1,0,1
37,Female,Rural,Mashonaland East,Primary,Informal,2,1,1,0,1,3,Low,22.1,1,0,0
18,Female,Rural,Mashonaland West,Primary,Unemployed,1,0,0,0,0,0,High,3.5,1,0,1
39,Male,Urban,Harare,Secondary,Informal,3,1,1,0,1,3,Low,3.7,1,1,0
43,Female,Urban,Bulawayo,Tertiary,Informal,4,1,1,0,0,2,Medium,2.7,1,0,0
42,Male,Rural,Matabeleland North,Primary,Unemployed,1,1,1,0,0,2,Medium,7.2,1,0,1
25,Female,Rural,Masvingo,Secondary,Informal,1,0,1,0,1,2,Medium,3.0,1,0,1
33,Female,Rural,Mashonaland Central,Secondary,Informal,1,1,1,1,0,3,Low,34.2,1,0,0
45,Female,Rural,Mashonaland West,Secondary,Unemployed,2,1,1,1,0,3,Low,39.3,1,1,0
35,Female,Rural,Mashonaland West,Secondary,Informal,3,1,1,0,1,3,Low,15.4,0,0,0
33,Female,Urban,Bulawayo,Secondary,Informal,4,1,1,0,1,3,Low,4.0,1,1,0
64,Female,Urban,Harare,Tertiary,Informal,5,1,1,0,1,3,Low,2.2,1,1,0
24,Male,Urban,Harare,Secondary,Formal,5,1,1,1,1,4,Low,2.6,1,1,0
53,Male,Rural,Masvingo,Primary,Unemployed,1,1,1,0,0,2,Medium,6.9,1,0,1
21,Male,Rural,Mashonaland East,Secondary,Formal,4,0,1,1,1,3,Low,28.0,1,0,0
47,Male,Urban,Bulawayo,Secondary,Unemployed,2,1,1,1,0,3,Low,1.3,1,0,0
47,Female,Rural,Mashonaland East,Secondary,Unemployed,1,0,0,1,0,1,High,37.1,1,1,1
30,Female,Urban,Harare,Tertiary,Unemployed,3,1,1,1,0,3,Low,1.3,1,1,1
20,Female,Urban,Bulawayo,Secondary,Formal,5,1,1,1,1,4,Low,0.8,1,1,0
18,Male,Urban,Harare,Secondary,Informal,4,1,1,0,1,3,Low,4.1,1,1,1
29,Female,Urban,Harare,Tertiary,Formal,4,1,0,1,1,3,Low,0.1,1,1,0
45,Male,Rural,Matabeleland South,Primary,Informal,1,1,1,0,0,2,Medium,15.4,0,1,0
22,Female,Urban,Harare,None,Informal,3,1,1,0,1,3,Low,0.4,1,0,0
39,Female,Rural,Midlands,Secondary,Informal,1,1,1,0,0,2,Medium,10.6,1,1,1
18,Male,Rural,Mashonaland Central,Tertiary,Informal,2,1,0,0,0,1,High,1.0,1,0,0
34,Male,Urban,Masvingo,Secondary,Unemployed,3,1,1,0,0,2,Medium,4.6,1,1,0
21,Male,Urban,Mashonaland East,Secondary,Formal,4,0,1,1,1,3,Low,2.1,1,1,0
36,Male,Rural,Manicaland,Secondary,Informal,3,0,1,0,0,1,High,28.1,1,0,0
30,Male,Urban,Bulawayo,Tertiary,Informal,3,1,1,1,0,3,Low,0.4,1,1,0
21,Male,Rural,Matabeleland North,Secondary,Informal,2,1,1,0,0,2,Medium,13.4,1,0,0
28,Male,Urban,Bulawayo,Primary,Informal,2,1,1,0,0,2,Medium,6.5,0,0,0
24,Male,Rural,Mashonaland West,Secondary,Informal,2,0,1,0,0,1,High,3.0,1,0,1
19,Male,Rural,Midlands,Secondary,Informal,1,1,0,1,1,3,Low,4.4,0,0,1
53,Female,Urban,Manicaland,Primary,Informal,3,1,1,1,0,3,Low,3.8,1,1,0
32,Male,Urban,Midlands,Primary,Unemployed,4,0,1,0,0,1,High,3.3,0,0,0
18,Female,Rural,Midlands,None,Unemployed,1,1,1,0,0,2,Medium,10.0,0,0,1
29,Male,Urban,Mashonaland East,Tertiary,Formal,5,1,1,0,1,3,Low,12.9,1,1,0
50,Male,Urban,Manicaland,Secondary,Informal,3,1,1,0,1,3,Low,0.4,1,1,0
27,Male,Urban,Bulawayo,Tertiary,Informal,5,1,1,0,1,3,Low,1.7,0,1,0
58,Female,Urban,Masvingo,None,Formal,4,1,1,1,1,4,Low,4.3,1,1,0
26,Male,Rural,Masvingo,Secondary,Informal,3,1,0,0,0,1,High,58.5,1,0,1
45,Female,Rural,Manicaland,Secondary,Informal,2,1,1,0,1,3,Low,24.3,1,0,1
52,Male,Urban,Bulawayo,Tertiary,Formal,5,0,1,1,1,3,Low,0.3,1,1,0
44,Female,Rural,Manicaland,Secondary,Informal,2,1,1,0,1,3,Low,25.6,0,1,1
18,Male,Urban,Matabeleland South,Tertiary,Informal,4,0,1,0,0,1,High,1.1,0,1,1
24,Male,Urban,Bulawayo,Secondary,Formal,4,1,1,1,1,4,Low,1.3,1,1,0
54,Female,Rural,Masvingo,Secondary,Informal,1,1,1,1,1,4,Low,29.9,0,1,1
26,Male,Rural,Mashonaland Central,Tertiary,Unemployed,3,0,1,1,0,2,Medium,26.6,1,0,1
51,Male,Urban,Bulawayo,Secondary,Informal,4,1,1,1,1,4,Low,2.2,1,1,0
31,Female,Urban,Harare,Tertiary,Informal,5,1,1,0,0,2,Medium,5.1,1,1,0
39,Male,Urban,Bulawayo,Primary,Informal,1,1,1,0,0,2,Medium,1.4,1,1,0
18,Male,Rural,Masvingo,Secondary,Informal,2,1,0,0,0,1,High,12.0,1,0,1
29,Male,Urban,Bulawayo,Tertiary,Informal,3,1,1,0,1,3,Low,0.8,1,1,0
25,Male,Urban,Harare,Tertiary,Formal,5,1,1,1,1,4,Low,0.1,1,1,0
41,Female,Rural,Masvingo,Secondary,Unemployed,1,1,1,0,0,2,Medium,7.1,0,0,0
39,Female,Urban,Bulawayo,Secondary,Informal,4,1,0,1,1,3,Low,5.1,1,1,0
44,Female,Urban,Mashonaland West,Tertiary,Formal,5,1,1,1,1,4,Low,0.4,1,1,0
31,Male,Urban,Masvingo,Secondary,Informal,3,0,0,0,0,0,High,2.0,1,1,1
24,Female,Urban,Mashonaland Central,Tertiary,Unemployed,4,1,1,0,0,2,Medium,2.6,1,0,0
40,Female,Urban,Harare,Secondary,Unemployed,4,1,1,0,0,2,Medium,1.4,1,1,1
23,Male,Rural,Manicaland,None,Informal,2,1,1,1,1,4,Low,10.0,1,0,0
53,Female,Rural,Midlands,Secondary,Informal,2,1,1,0,1,3,Low,32.1,0,0,0
36,Female,Rural,Midlands,Secondary,Informal,2,1,0,0,1,2,Medium,25.2,1,0,1
33,Female,Rural,Manicaland,Primary,Informal,1,1,1,1,1,4,Low,43.9,0,1,1
44,Male,Urban,Bulawayo,Secondary,Informal,4,1,1,0,0,2,Medium,0.7,1,0,0
36,Male,Urban,Harare,Tertiary,Formal,5,1,1,1,1,4,Low,3.2,1,1,0
18,Female,Rural,Manicaland,Secondary,Unemployed,2,1,0,1,0,2,Medium,61.0,1,0,1
23,Female,Urban,Midlands,Tertiary,Informal,3,1,1,0,1,3,Low,2.6,0,1,0
52,Male,Rural,Midlands,Primary,Informal,1,1,1,0,1,3,Low,1.0,1,1,0
39,Male,Rural,Midlands,Secondary,Informal,1,1,1,1,1,4,Low,95.9,1,0,1
18,Female,Urban,Harare,Secondary,Formal,5,1,1,1,1,4,Low,0.5,1,1,0
42,Male,Urban,Bulawayo,Secondary,Informal,3,0,1,0,1,2,Medium,0.4,1,1,0
30,Male,Urban,Masvingo,Primary,Informal,2,1,1,0,0,2,Medium,1.4,1,0,0
25,Female,Urban,Bulawayo,None,Informal,2,1,1,0,1,3,Low,5.3,1,1,0
21,Male,Urban,Harare,Secondary,Formal,3,1,1,0,1,3,Low,5.7,1,1,0
51,Male,Urban,Bulawayo,Tertiary,Formal,4,1,1,1,1,4,Low,0.1,1,1,0
18,Male,Rural,Manicaland,Secondary,Informal,3,1,1,0,1,3,Low,4.8,1,1,1
26,Female,Rural,Masvingo,Secondary,Informal,2,1,1,0,1,3,Low,12.4,0,1,0
39,Male,Rural,Midlands,Secondary,Informal,1,1,0,0,0,1,High,1.0,1,0,1
60,Female,Urban,Harare,Secondary,Formal,5,1,1,1,1,4,Low,2.1,1,1,0
45,Female,Urban,Harare,Tertiary,Informal,3,1,1,0,0,2,Medium,10.7,1,1,0
26,Female,Urban,Bulawayo,Tertiary,Informal,3,1,1,0,1,3,Low,0.1,1,1,0
59,Female,Urban,Bulawayo,Tertiary,Informal,3,0,1,0,0,1,High,1.9,1,1,0
19,Female,Rural,Mashonaland East,Primary,Formal,5,0,1,1,1,3,Low,1.3,0,0,1
41,Male,Urban,Harare,Secondary,Informal,4,1,1,0,0,2,Medium,2.6,0,1,0
44,Female,Urban,Mashonaland Central,Tertiary,Formal,5,1,1,1,1,4,Low,1.7,1,1,0
25,Female,Rural,Mashonaland Central,Tertiary,Informal,3,1,0,0,0,1,High,28.4,1,0,1
47,Female,Urban,Bulawayo,Secondary,Informal,2,0,1,0,0,1,High,0.6,1,1,0
30,Male,Urban,Bulawayo,Secondary,Informal,3,1,0,1,0,2,Medium,3.5,1,1,0
47,Male,Urban,Harare,Tertiary,Informal,4,1,1,0,0,2,Medium,0.7,0,1,0
18,Female,Rural,Masvingo,Tertiary,Informal,2,0,0,0,0,0,High,7.4,0,0,1
42,Male,Rural,Matabeleland North,Secondary,Informal,4,0,1,0,0,1,High,52.8,0,0,1
32,Female,Urban,Bulawayo,Secondary,Unemployed,2,0,1,0,0,1,High,3.7,1,1,1
54,Male,Rural,Masvingo,Secondary,Informal,3,1,1,0,0,2,Medium,104.4,1,1,0
37,Female,Rural,Mashonaland West,Secondary,Formal,4,1,1,1,1,4,Low,39.3,1,1,0
55,Female,Rural,Mashonaland West,Primary,Informal,2,1,1,0,1,3,Low,1.8,1,0,0
45,Male,Urban,Bulawayo,Secondary,Unemployed,3,0,1,0,0,1,High,0.1,1,1,1
36,Male,Urban,Bulawayo,Secondary,Unemployed,3,1,1,0,0,2,Medium,0.3,1,0,1
49,Female,Rural,Mashonaland West,Secondary,Informal,1,1,1,0,0,2,Medium,11.2,1,1,1
49,Male,Urban,Harare,Tertiary,Formal,5,1,1,1,1,4,Low,0.5,1,0,0
44,Male,Rural,Matabeleland North,Primary,Unemployed,1,1,1,0,0,2,Medium,1.0,0,0,0
18,Female,Rural,Manicaland,Primary,Informal,2,1,1,0,1,3,Low,16.2,1,0,0
24,Male,Urban,Matabeleland North,Tertiary,Formal,5,1,1,1,1,4,Low,1.8,1,0,0
57,Female,Rural,Masvingo,None,Informal,2,1,0,0,1,2,Medium,7.2,0,1,1
20,Male,Rural,Manicaland,Secondary,Informal,1,1,0,0,1,2,Medium,39.9,1,0,1
50,Male,Rural,Matabeleland North,Secondary,Informal,3,1,1,0,0,2,Medium,19.1,0,1,0
47,Female,Urban,Harare,Secondary,Informal,2,1,0,0,1,2,Medium,11.9,1,1,0
27,Male,Rural,Midlands,Secondary,Informal,2,1,1,0,0,2,Medium,29.0,0,0,0
18,Male,Urban,Matabeleland South,Primary,Informal,4,1,1,1,1,4,Low,1.3,0,1,0
30,Female,Rural,Midlands,Secondary,Formal,3,1,1,0,1,3,Low,1.0,1,1,0
67,Female,Rural,Masvingo,Secondary,Formal,4,1,0,1,1,3,Low,9.6,1,0,0
25,Female,Rural,Midlands,Secondary,Unemployed,1,1,1,0,0,2,Medium,98.3,1,0,0
26,Female,Urban,Bulawayo,Tertiary,Formal,5,1,1,0,0,2,Medium,6.4,1,0,0
24,Male,Urban,Masvingo,Secondary,Formal,5,1,1,1,1,4,Low,1.5,1,1,0
55,Male,Urban,Harare,Tertiary,Formal,5,1,1,0,1,3,Low,2.9,1,1,0
34,Female,Urban,Matabeleland North,Secondary,Formal,5,1,1,1,1,4,Low,4.8,1,1,0
29,Female,Urban,Bulawayo,Tertiary,Informal,3,1,1,0,1,3,Low,0.7,1,1,0
57,Female,Rural,Mashonaland East,None,Informal,1,1,0,0,1,2,Medium,1.8,1,0,0
46,Male,Urban,Midlands,Secondary,Informal,3,1,0,1,0,2,Medium,0.1,1,1,1
25,Male,Rural,Matabeleland North,Primary,Informal,2,0,0,0,0,0,High,23.9,1,0,1
20,Male,Rural,Midlands,Secondary,Unemployed,1,1,1,0,0,2,Medium,13.4,1,0,0
54,Female,Urban,Harare,Primary,Informal,4,1,1,0,1,3,Low,6.7,1,0,0
38,Female,Rural,Masvingo,Primary,Informal,2,1,1,0,1,3,Low,26.9,0,1,0
18,Male,Rural,Matabeleland North,None,Unemployed,1,1,0,1,0,2,Medium,47.1,1,0,1
18,Male,Urban,Harare,None,Unemployed,1,1,1,0,0,2,Medium,0.3,1,1,0
22,Male,Urban,Mashonaland Central,Tertiary,Formal,4,1,1,1,1,4,Low,0.7,1,1,0
20,Male,Rural,Matabeleland North,Secondary,Informal,2,0,1,0,0,1,High,13.8,1,1,1
18,Female,Rural,Mashonaland East,None,Informal,1,0,1,0,0,1,High,48.7,1,0,1
22,Female,Rural,Matabeleland North,Tertiary,Informal,2,0,1,0,1,2,Medium,76.7,0,0,1
25,Male,Rural,Manicaland,Secondary,Formal,5,1,1,1,1,4,Low,11.6,1,0,0
31,Female,Rural,Matabeleland South,Primary,Formal,4,1,0,1,1,3,Low,6.9,1,0,1
61,Female,Urban,Masvingo,Secondary,Formal,5,1,1,1,1,4,Low,0.8,1,1,0
34,Male,Rural,Mashonaland West,Secondary,Formal,3,0,1,1,1,3,Low,19.2,0,1,1
35,Male,Urban,Bulawayo,Secondary,Formal,5,1,1,1,1,4,Low,2.2,1,1,0
45,Female,Rural,Mashonaland West,Secondary,Unemployed,1,1,0,0,0,1,High,19.5,0,0,1
34,Male,Urban,Harare,Secondary,Formal,5,1,1,1,1,4,Low,8.6,1,1,0
43,Female,Urban,Masvingo,Tertiary,Formal,5,1,1,1,1,4,Low,0.1,1,1,0
41,Female,Rural,Mashonaland East,Secondary,Informal,3,1,0,1,0,2,Medium,1.5,0,1,1
39,Male,Urban,Harare,Tertiary,Informal,4,1,1,0,0,2,Medium,4.6,1,1,0
76,Male,Rural,Mashonaland East,Secondary,Unemployed,2,1,0,1,0,2,Medium,38.7,0,0,0
50,Female,Urban,Bulawayo,Secondary,Informal,3,1,1,0,0,2,Medium,1.4,1,1,0
22,Male,Rural,Matabeleland South,Secondary,Informal,3,0,1,0,0,1,High,19.8,1,1,0
43,Female,Rural,Mashonaland Central,Secondary,Informal,1,0,1,0,0,1,High,38.5,1,0,1
26,Female,Urban,Harare,None,Formal,4,1,1,1,1,4,Low,1.8,1,1,0
44,Female,Rural,Manicaland,Primary,Unemployed,2,1,0,0,0,1,High,5.6,1,0,1
18,Female,Urban,Harare,Secondary,Formal,5,1,1,1,1,4,Low,2.2,1,1,0
22,Female,Rural,Mashonaland West,Primary,Informal,1,1,0,0,0,1,High,9.1,1,0,1
42,Female,Rural,Matabeleland South,Tertiary,Informal,2,1,0,0,0,1,High,18.2,1,0,1
51,Male,Rural,Masvingo,Secondary,Formal,5,0,1,0,1,2,Medium,4.2,1,1,1
45,Male,Urban,Harare,Primary,Informal,1,1,1,0,1,3,Low,2.2,1,1,0
49,Male,Urban,Bulawayo,Secondary,Unemployed,3,1,1,1,0,3,Low,2.0,1,0,0
43,Male,Rural,Matabeleland South,Primary,Formal,3,1,1,0,1,3,Low,85.6,1,1,0
40,Male,Rural,Mashonaland West,Secondary,Informal,2,1,0,1,1,3,Low,6.1,0,1,1
30,Male,Urban,Harare,Tertiary,Formal,5,1,1,1,1,4,Low,2.4,1,1,0
49,Male,Urban,Mashonaland Central,Secondary,Formal,5,1,1,1,1,4,Low,2.7,1,1,0
52,Male,Urban,Harare,Secondary,Unemployed,3,1,1,0,0,2,Medium,0.2,1,1,0
37,Male,Rural,Matabeleland South,Tertiary,Informal,3,1,1,0,1,3,Low,23.9,1,1,0
36,Female,Urban,Mashonaland East,Secondary,Unemployed,4,1,1,0,0,2,Medium,2.5,1,1,0
60,Female,Urban,Masvingo,Tertiary,Unemployed,3,1,0,0,0,1,High,1.8,1,0,1
37,Female,Rural,Manicaland,Primary,Informal,1,1,0,0,1,2,Medium,10.7,0,0,1
39,Female,Urban,Harare,Secondary,Informal,4,1,1,0,1,3,Low,2.5,0,1,0
44,Female,Rural,Midlands,Secondary,Informal,3,1,0,0,1,2,Medium,6.0,0,0,1
36,Female,Urban,Bulawayo,Primary,Informal,2,1,1,0,1,3,Low,3.1,1,1,0
26,Male,Rural,Mashonaland West,Secondary,Informal,2,0,0,0,1,1,High,19.4,1,0,1
43,Female,Rural,Masvingo,Secondary,Informal,2,1,0,0,0,1,High,5.8,0,0,1
37,Male,Rural,Manicaland,Primary,Informal,1,0,1,0,0,1,High,20.8,1,0,1
63,Female,Urban,Bulawayo,Secondary,Informal,3,1,0,0,1,2,Medium,6.7,1,0,1
49,Female,Urban,Matabeleland South,Tertiary,Formal,5,1,1,0,1,3,Low,1.8,1,1,0
29,Male,Rural,Matabeleland North,Tertiary,Informal,4,1,1,1,0,3,Low,16.0,1,0,0
48,Female,Urban,Bulawayo,Secondary,Informal,3,1,1,1,0,3,Low,1.0,1,1,0
42,Male,Urban,Midlands,Tertiary,Informal,5,1,1,1,0,3,Low,0.9,1,1,0
56,Male,Urban,Bulawayo,Secondary,Informal,4,1,1,0,1,3,Low,2.3,1,1,0
30,Male,Rural,Manicaland,Tertiary,Unemployed,1,0,0,0,0,0,High,66.9,0,0,1
40,Male,Rural,Matabeleland North,Secondary,Unemployed,2,1,0,1,0,2,Medium,13.1,1,0,1
36,Male,Rural,Manicaland,Primary,Informal,1,1,1,0,1,3,Low,38.6,0,0,0
38,Female,Rural,Mashonaland East,Secondary,Informal,3,1,1,0,1,3,Low,13.0,1,1,0
25,Female,Urban,Bulawayo,Tertiary,Formal,5,1,1,1,1,4,Low,3.8,1,1,0
46,Male,Urban,Harare,Tertiary,Formal,5,0,1,1,1,3,Low,5.3,0,1,0
43,Female,Urban,Harare,Secondary,Formal,5,1,1,1,1,4,Low,4.3,0,1,1
55,Male,Rural,Masvingo,Secondary,Unemployed,1,1,0,0,0,1,High,36.8,1,0,1
37,Male,Urban,Harare,Tertiary,Informal,3,1,1,1,1,4,Low,0.2,1,1,0
32,Female,Rural,Masvingo,Primary,Informal,1,1,0,0,1,2,Medium,8.1,1,0,1
49,Female,Rural,Mashonaland Central,Primary,Unemployed,3,0,1,0,0,1,High,6.4,1,0,1
26,Male,Urban,Bulawayo,Tertiary,Formal,5,1,1,1,1,4,Low,2.2,1,1,0
53,Male,Rural,Midlands,Secondary,Unemployed,1,1,0,0,0,1,High,30.7,0,1,1
53,Female,Urban,Harare,Secondary,Informal,5,1,1,0,1,3,Low,0.3,1,1,0
55,Female,Rural,Matabeleland South,Secondary,Informal,1,1,1,0,1,3,Low,7.2,1,0,1
43,Male,Rural,Mashonaland Central,Primary,Informal,1,1,0,1,0,2,Medium,6.4,1,0,1
31,Male,Rural,Mashonaland East,Secondary,Formal,3,1,1,1,1,4,Low,18.0,0,1,1
39,Male,Urban,Harare,Secondary,Formal,5,1,1,1,1,4,Low,13.9,1,1,0
43,Female,Urban,Harare,Primary,Informal,3,1,1,0,1,3,Low,3.5,1,1,1
30,Female,Urban,Harare,Tertiary,Unemployed,3,1,1,0,0,2,Medium,3.7,1,1,0
56,Female,Urban,Mashonaland Central,Tertiary,Informal,3,1,1,0,0,2,Medium,2.5,0,0,0
46,Male,Urban,Mashonaland East,Secondary,Informal,3,1,1,0,1,3,Low,5.8,1,0,1
25,Female,Urban,Midlands,Tertiary,Formal,5,1,1,1,1,4,Low,0.6,1,1,0
64,Female,Rural,Midlands,Tertiary,Unemployed,2,0,0,0,0,0,High,8.7,0,1,1
39,Male,Urban,Harare,Tertiary,Informal,3,1,1,0,1,3,Low,5.9,1,1,0
22,Female,Urban,Harare,Primary,Informal,3,1,1,1,0,3,Low,1.9,1,1,0
26,Male,Rural,Harare,Primary,Informal,2,0,0,0,1,1,High,6.9,1,0,1
58,Male,Rural,Masvingo,Secondary,Formal,5,0,1,1,1,3,Low,13.4,1,1,1
63,Female,Rural,Midlands,Tertiary,Formal,3,1,1,1,1,4,Low,57.1,1,0,1
52,Male,Rural,Mashonaland Central,Primary,Formal,4,1,1,1,1,4,Low,1.3,1,1,0
56,Female,Rural,Mashonaland Central,Secondary,Informal,2,1,1,1,1,4,Low,20.2,1,0,0
55,Female,Rural,Mashonaland West,Primary,Unemployed,1,0,1,0,0,1,High,84.7,1,0,1
45,Male,Urban,Masvingo,Secondary,Formal,4,1,1,1,1,4,Low,4.6,1,1,0
42,Male,Rural,Mashonaland West,Secondary,Unemployed,3,1,0,0,0,1,High,9.6,0,0,1
45,Female,Urban,Manicaland,None,Unemployed,3,1,1,0,0,2,Medium,8.4,1,1,0
48,Male,Urban,Bulawayo,Secondary,Informal,3,0,1,1,0,2,Medium,4.9,1,1,1
27,Female,Urban,Harare,Secondary,Unemployed,3,0,1,0,0,1,High,1.1,1,1,1
48,Male,Urban,Harare,Secondary,Unemployed,1,1,1,1,0,3,Low,2.7,1,0,0
58,Male,Rural,Matabeleland South,Secondary,Informal,3,1,1,0,1,3,Low,16.8,1,0,0
35,Female,Urban,Mashonaland Central,Primary,Unemployed,2,1,1,0,0,2,Medium,0.5,1,0,0
33,Male,Urban,Harare,Primary,Informal,1,1,1,0,0,2,Medium,3.7,1,0,0
44,Female,Urban,Harare,Secondary,Formal,5,1,1,1,1,4,Low,1.4,1,1,0
28,Female,Rural,Manicaland,Secondary,Informal,1,0,0,1,0,1,High,24.7,1,0,1
19,Male,Urban,Harare,Secondary,Informal,4,1,1,0,0,2,Medium,2.3,0,1,0
54,Female,Rural,Manicaland,Tertiary,Unemployed,1,1,1,0,0,2,Medium,4.1,1,0,0
31,Female,Rural,Mashonaland Central,Primary,Informal,2,0,1,0,1,2,Medium,95.8,0,0,1
38,Female,Urban,Bulawayo,Secondary,Informal,3,1,1,0,1,3,Low,4.2,1,1,1
29,Male,Rural,Matabeleland South,Secondary,Informal,1,1,0,0,1,2,Medium,6.2,1,0,0
55,Male,Urban,Manicaland,Tertiary,Unemployed,4,0,0,0,0,0,High,3.4,0,1,0
49,Female,Urban,Manicaland,Secondary,Formal,5,1,1,1,1,4,Low,1.6,1,1,0
34,Female,Rural,Midlands,None,Informal,1,1,0,1,1,3,Low,14.0,1,0,1
21,Female,Rural,Midlands,Primary,Informal,2,1,0,0,0,1,High,74.9,1,0,1
33,Female,Urban,Harare,Secondary,Formal,5,1,1,1,1,4,Low,1.0,0,1,0
45,Female,Rural,Manicaland,Secondary,Unemployed,2,1,1,0,0,2,Medium,9.3,0,0,0
40,Male,Urban,Harare,Secondary,Unemployed,4,1,1,1,0,3,Low,0.5,1,0,1
39,Female,Rural,Midlands,Primary,Informal,2,1,0,0,1,2,Medium,26.5,0,0,1
40,Male,Rural,Manicaland,Secondary,Informal,2,1,0,0,1,2,Medium,47.8,0,0,1
48,Male,Rural,Mashonaland East,Secondary,Unemployed,2,1,0,1,0,2,Medium,1.0,1,0,0
37,Female,Rural,Masvingo,Primary,Informal,1,1,0,0,0,1,High,13.1,1,0,1
44,Female,Urban,Bulawayo,Secondary,Formal,4,1,1,0,1,3,Low,0.5,1,1,0
24,Male,Rural,Masvingo,Secondary,Informal,3,1,1,0,1,3,Low,20.0,1,0,0
73,Female,Rural,Matabeleland South,None,Informal,1,1,1,0,1,3,Low,85.4,1,0,1
34,Female,Rural,Masvingo,Primary,Informal,1,0,0,0,1,1,High,8.5,1,0,1
40,Female,Urban,Mashonaland West,None,Informal,2,1,1,1,1,4,Low,2.4,0,1,0
45,Female,Urban,Harare,Secondary,Informal,4,1,0,1,0,2,Medium,6.0,1,1,0
32,Male,Urban,Mashonaland West,Secondary,Formal,4,1,1,1,1,4,Low,0.6,1,1,0
38,Female,Urban,Bulawayo,Secondary,Formal,4,1,1,1,1,4,Low,4.4,1,0,0
37,Male,Urban,Harare,Secondary,Formal,5,1,1,1,1,4,Low,2.6,1,1,0
25,Male,Urban,Midlands,Secondary,Formal,5,1,1,1,1,4,Low,5.4,1,1,0
44,Male,Rural,Midlands,Primary,Unemployed,2,1,0,0,0,1,High,20.8,1,0,1
18,Male,Urban,Mashonaland West,Tertiary,Informal,5,1,1,0,1,3,Low,2.7,1,1,0
62,Female,Rural,Midlands,Tertiary,Informal,2,1,1,1,0,3,Low,22.3,0,0,0
49,Male,Urban,Harare,Secondary,Informal,4,1,1,0,1,3,Low,0.6,1,1,0
46,Female,Rural,Mashonaland Central,Primary,Informal,3,1,1,0,1,3,Low,17.6,0,0,1
18,Male,Urban,Harare,Tertiary,Informal,4,1,1,0,1,3,Low,3.9,1,1,0
26,Male,Urban,Masvingo,Secondary,Unemployed,5,1,1,0,0,2,Medium,1.7,1,0,0
57,Female,Rural,Matabeleland South,Primary,Informal,1,1,0,0,0,1,High,43.7,0,0,1
80,Female,Rural,Midlands,Tertiary,Unemployed,4,1,1,1,0,3,Low,4.3,0,0,1
54,Female,Urban,Mashonaland West,Secondary,Formal,5,1,1,1,1,4,Low,2.6,0,1,0
52,Male,Urban,Bulawayo,Primary,Informal,3,1,0,0,1,2,Medium,6.3,1,1,1
45,Male,Rural,Manicaland,Secondary,Informal,3,1,1,0,1,3,Low,44.7,1,0,1
26,Female,Rural,Mashonaland Central,Secondary,Unemployed,1,1,1,0,0,2,Medium,3.6,1,1,0
51,Female,Urban,Bulawayo,Secondary,Informal,3,0,1,0,1,2,Medium,2.0,1,0,1
22,Male,Urban,Mashonaland Central,Secondary,Unemployed,3,1,1,1,0,3,Low,1.1,1,1,0
21,Female,Urban,Harare,Tertiary,Informal,2,1,1,0,0,2,Medium,4.0,1,0,0
20,Female,Rural,Midlands,Primary,Informal,1,1,1,0,0,2,Medium,20.2,1,1,0
51,Female,Urban,Bulawayo,Tertiary,Formal,5,1,1,1,1,4,Low,3.4,1,1,0
37,Female,Urban,Harare,Secondary,Formal,5,1,1,1,1,4,Low,0.5,1,1,0
39,Female,Rural,Midlands,None,Informal,1,1,1,0,0,2,Medium,3.2,1,0,1
37,Male,Urban,Bulawayo,Secondary,Informal,4,1,1,0,0,2,Medium,0.5,1,1,0
22,Female,Urban,Manicaland,Secondary,Formal,5,1,1,0,1,3,Low,2.5,1,1,0
28,Male,Urban,Harare,Secondary,Formal,5,1,1,1,1,4,Low,1.2,1,1,0
29,Male,Urban,Harare,Secondary,Formal,4,1,1,1,1,4,Low,0.9,1,1,0
18,Male,Urban,Harare,Secondary,Formal,5,1,1,1,1,4,Low,17.1,1,1,0
30,Female,Urban,Bulawayo,Secondary,Informal,3,1,1,0,0,2,Medium,2.5,1,1,0
22,Female,Rural,Matabeleland South,Secondary,Unemployed,2,0,0,0,0,0,High,9.6,0,0,1
46,Female,Rural,Midlands,Primary,Unemployed,1,0,1,0,0,1,High,5.3,0,1,1
47,Female,Urban,Masvingo,Secondary,Unemployed,2,1,1,1,0,3,Low,5.9,0,1,0
19,Female,Rural,Manicaland,Primary,Informal,1,0,1,0,0,1,High,62.7,0,1,1
33,Female,Urban,Midlands,Tertiary,Formal,5,1,1,1,1,4,Low,11.4,1,1,0
63,Male,Rural,Manicaland,Secondary,Informal,1,1,1,0,0,2,Medium,1.0,1,1,0
24,Female,Urban,Harare,Secondary,Informal,3,1,1,1,1,4,Low,1.7,1,1,0
43,Male,Rural,Matabeleland South,None,Informal,1,1,1,0,0,2,Medium,20.7,0,0,1
39,Male,Urban,Matabeleland North,None,Informal,2,1,1,1,1,4,Low,0.3,0,1,1
53,Male,Rural,Midlands,Primary,Informal,2,1,1,0,1,3,Low,25.1,1,0,1
42,Male,Urban,Mashonaland West,Secondary,Formal,5,1,1,1,1,4,Low,5.2,1,1,0
31,Female,Rural,Mashonaland Central,Primary,Informal,1,1,0,0,1,2,Medium,4.7,1,0,1
38,Female,Urban,Harare,Tertiary,Formal,5,1,1,1,1,4,Low,4.2,1,1,0
39,Male,Rural,Manicaland,Secondary,Informal,3,1,1,0,1,3,Low,5.4,1,1,0
36,Female,Urban,Bulawayo,Primary,Unemployed,1,1,1,0,0,2,Medium,0.5,0,0,0
19,Male,Rural,Mashonaland West,Primary,Informal,2,1,1,0,1,3,Low,21.5,0,0,1
55,Male,Rural,Manicaland,None,Formal,3,0,1,1,1,3,Low,17.0,0,1,1
52,Male,Rural,Mashonaland West,Primary,Unemployed,2,0,0,0,0,0,High,8.3,1,0,0
23,Male,Urban,Bulawayo,Secondary,Unemployed,2,1,1,0,0,2,Medium,1.0,1,1,0
33,Male,Urban,Manicaland,Primary,Informal,4,1,1,0,0,2,Medium,7.8,1,0,0
34,Male,Urban,Harare,Primary,Informal,4,1,1,0,1,3,Low,0.1,1,1,1
21,Male,Urban,Harare,Primary,Informal,2,1,1,0,0,2,Medium,4.1,1,1,1
18,Male,Rural,Matabeleland North,Secondary,Informal,2,0,1,0,0,1,High,1.7,0,0,0
28,Female,Rural,Matabeleland North,None,Unemployed,2,1,0,0,0,1,High,13.6,1,0,1
33,Male,Rural,Mashonaland East,Tertiary,Formal,3,1,1,1,1,4,Low,7.9,0,1,1
18,Male,Urban,Harare,Secondary,Unemployed,2,1,1,1,0,3,Low,3.5,0,1,0
40,Female,Rural,Midlands,Primary,Informal,2,0,1,0,0,1,High,13.1,1,0,1
54,Male,Rural,Matabeleland South,Secondary,Informal,2,1,0,0,1,2,Medium,7.3,0,0,1
49,Female,Rural,Mashonaland Central,Secondary,Formal,2,0,1,0,1,2,Medium,14.1,0,1,1
36,Male,Urban,Bulawayo,Secondary,Unemployed,3,1,1,0,0,2,Medium,5.7,1,1,0
18,Female,Urban,Bulawayo,Secondary,Informal,5,1,1,0,1,3,Low,12.4,1,1,1
48,Female,Rural,Manicaland,Primary,Informal,3,1,0,0,0,1,High,11.0,1,1,1
40,Female,Urban,Harare,Secondary,Formal,4,1,1,1,1,4,Low,2.5,1,1,0
43,Female,Urban,Matabeleland South,None,Informal,2,1,1,1,0,3,Low,0.3,0,1,0
65,Male,Rural,Mashonaland West,Secondary,Informal,1,1,0,1,1,3,Low,11.5,1,1,1
26,Male,Rural,Mashonaland Central,Secondary,Formal,5,1,0,0,1,2,Medium,21.6,0,1,1
18,Male,Rural,Matabeleland South,Secondary,Informal,3,1,0,0,1,2,Medium,9.8,0,0,1
23,Female,Rural,Mashonaland West,Tertiary,Informal,4,1,1,0,1,3,Low,30.4,1,0,0
44,Male,Urban,Bulawayo,Secondary,Informal,4,0,1,1,1,3,Low,4.0,0,1,0
38,Male,Urban,Harare,Tertiary,Informal,3,1,0,0,0,1,High,0.3,1,0,0
20,Female,Urban,Harare,Secondary,Informal,3,0,1,0,1,2,Medium,2.0,0,1,1
18,Male,Rural,Mashonaland Central,Secondary,Informal,1,1,0,0,1,2,Medium,1.0,1,1,1
33,Male,Urban,Midlands,Secondary,Informal,3,1,0,0,1,2,Medium,0.1,0,1,1
20,Female,Rural,Masvingo,Primary,Informal,1,1,1,0,0,2,Medium,39.2,0,1,1
45,Male,Urban,Mashonaland West,Secondary,Informal,3,1,1,0,0,2,Medium,9.1,1,1,0
32,Female,Rural,Bulawayo,Secondary,Informal,3,1,1,0,1,3,Low,86.9,0,0,1
29,Female,Urban,Mashonaland Central,Primary,Unemployed,3,0,1,0,0,1,High,4.6,1,0,1
27,Female,Urban,Bulawayo,Secondary,Informal,4,1,0,0,0,1,High,3.5,1,1,1
41,Male,Urban,Bulawayo,Tertiary,Unemployed,4,1,1,1,0,3,Low,2.5,1,1,0
38,Male,Urban,Harare,Secondary,Informal,3,1,1,0,1,3,Low,4.5,1,1,1
40,Female,Rural,Masvingo,None,Informal,1,0,0,0,1,1,High,13.3,1,0,1
40,Female,Urban,Harare,Primary,Unemployed,1,1,1,0,0,2,Medium,0.6,1,1,0
36,Female,Urban,Harare,Tertiary,Unemployed,1,1,1,0,0,2,Medium,1.7,1,1,1
23,Male,Rural,Matabeleland South,Tertiary,Unemployed,3,1,1,0,0,2,Medium,1.6,0,0,1
27,Male,Rural,Manicaland,Secondary,Unemployed,2,0,1,0,0,1,High,6.6,0,0,1
32,Male,Urban,Harare,Secondary,Unemployed,3,1,1,0,0,2,Medium,4.1,1,1,0
66,Male,Urban,Matabeleland North,Secondary,Informal,3,1,1,1,1,4,Low,0.3,1,1,0
19,Male,Urban,Harare,Secondary,Formal,4,1,1,1,1,4,Low,1.5,1,1,0
32,Female,Rural,Masvingo,Secondary,Informal,3,1,1,0,1,3,Low,52.6,1,1,1
39,Male,Urban,Mashonaland West,Secondary,Informal,4,1,1,0,1,3,Low,0.7,1,1,0
33,Female,Urban,Mashonaland Central,Tertiary,Informal,4,1,1,0,1,3,Low,2.3,1,0,0
53,Female,Urban,Harare,Secondary,Informal,3,0,1,1,1,3,Low,0.8,1,1,0
33,Male,Rural,Masvingo,Secondary,Informal,1,0,1,0,1,2,Medium,16.0,1,0,1
34,Female,Urban,Bulawayo,Secondary,Unemployed,2,1,1,0,0,2,Medium,1.9,0,0,0
49,Female,Rural,Mashonaland East,Secondary,Informal,2,0,1,0,0,1,High,1.4,1,1,1
63,Male,Urban,Mashonaland Central,Secondary,Formal,5,1,1,1,1,4,Low,3.2,1,0,0
57,Male,Rural,Midlands,Secondary,Informal,1,1,0,0,1,2,Medium,12.4,1,0,0
36,Female,Urban,Harare,Tertiary,Formal,5,1,1,0,1,3,Low,6.3,1,1,0
37,Female,Urban,Harare,Secondary,Formal,5,0,1,1,1,3,Low,0.9,1,1,0
38,Female,Urban,Manicaland,Tertiary,Informal,1,1,1,0,1,3,Low,3.0,1,1,0
40,Female,Rural,Mashonaland West,Primary,Unemployed,1,1,0,0,0,1,High,1.0,0,0,1
26,Male,Rural,Matabeleland South,Primary,Informal,1,1,1,0,0,2,Medium,41.7,0,0,1
51,Female,Urban,Harare,Secondary,Formal,5,1,1,1,1,4,Low,0.1,0,0,0
40,Female,Urban,Harare,None,Informal,1,1,1,0,0,2,Medium,0.1,0,1,0
37,Female,Rural,Matabeleland North,Secondary,Informal,2,0,1,0,0,1,High,6.0,1,0,1
20,Female,Urban,Midlands,Primary,Informal,3,1,1,0,0,2,Medium,0.4,1,0,0
38,Female,Urban,Harare,Secondary,Informal,3,1,1,1,1,4,Low,2.4,1,1,1
18,Female,Urban,Masvingo,Secondary,Informal,4,0,1,1,1,3,Low,2.9,1,1,1
29,Male,Rural,Mashonaland East,Secondary,Unemployed,1,1,1,0,0,2,Medium,31.1,1,0,1
30,Female,Rural,Harare,Tertiary,Informal,2,0,1,1,0,2,Medium,26.7,1,0,1
42,Male,Rural,Masvingo,Secondary,Informal,2,1,1,0,0,2,Medium,2.2,1,0,0
64,Female,Rural,Mashonaland East,Primary,Unemployed,1,1,0,0,0,1,High,18.1,1,1,1
46,Female,Urban,Bulawayo,Secondary,Formal,5,1,1,1,0,3,Low,6.6,1,0,0
58,Female,Urban,Harare,Secondary,Informal,4,1,1,0,1,3,Low,5.5,1,1,0
47,Male,Urban,Bulawayo,Tertiary,Formal,5,1,1,1,1,4,Low,1.4,1,1,0
53,Female,Urban,Harare,Primary,Formal,4,1,1,0,1,3,Low,0.5,1,0,0
63,Male,Urban,Mashonaland West,Tertiary,Formal,5,1,1,1,1,4,Low,0.4,1,1,0
27,Male,Urban,Matabeleland North,Tertiary,Formal,5,1,1,0,1,3,Low,3.0,1,1,0
26,Male,Urban,Harare,Tertiary,Informal,4,1,1,0,0,2,Medium,1.6,1,1,0
47,Female,Rural,Mashonaland West,Secondary,Informal,2,1,0,0,0,1,High,10.3,1,1,1
37,Male,Urban,Midlands,Secondary,Informal,2,1,1,0,0,2,Medium,5.3,1,1,0
41,Female,Urban,Harare,Secondary,Informal,3,1,1,0,1,3,Low,4.5,1,1,0
34,Male,Rural,Matabeleland South,Primary,Informal,1,0,1,0,1,2,Medium,59.6,1,0,1
29,Female,Rural,Masvingo,Primary,Unemployed,1,1,0,0,0,1,High,14.4,0,0,1
60,Female,Rural,Midlands,Secondary,Unemployed,2,1,0,1,0,2,Medium,1.5,1,0,1
22,Female,Rural,Mashonaland East,Secondary,Informal,2,1,1,0,0,2,Medium,6.1,1,0,0
47,Female,Rural,Mashonaland East,Secondary,Unemployed,2,1,0,0,0,1,High,39.5,1,1,1
45,Female,Urban,Harare,Tertiary,Informal,3,0,1,0,1,2,Medium,1.2,1,1,1
18,Female,Urban,Harare,Secondary,Informal,4,1,1,0,1,3,Low,5.8,1,1,1
26,Female,Rural,Mashonaland Central,Primary,Informal,1,0,1,0,0,1,High,13.5,0,0,0
28,Male,Urban,Midlands,Secondary,Formal,5,1,1,0,1,3,Low,3.4,1,1,1
45,Male,Urban,Harare,Primary,Unemployed,2,1,1,0,0,2,Medium,1.4,1,1,0
32,Female,Urban,Harare,Secondary,Informal,2,1,1,0,1,3,Low,4.7,1,1,0
36,Female,Urban,Harare,Tertiary,Informal,3,1,1,1,1,4,Low,1.3,1,1,0
18,Female,Urban,Harare,Tertiary,Unemployed,4,1,1,0,0,2,Medium,2.2,1,0,0
70,Female,Urban,Bulawayo,Secondary,Formal,5,1,1,1,1,4,Low,10.9,1,1,0
38,Male,Rural,Manicaland,Secondary,Unemployed,1,0,0,0,0,0,High,20.0,1,0,1
44,Female,Rural,Matabeleland South,Secondary,Informal,2,0,1,0,1,2,Medium,6.1,1,1,1
30,Female,Urban,Mashonaland West,Tertiary,Informal,3,1,1,0,1,3,Low,6.2,0,1,0
28,Female,Rural,Mashonaland Central,Secondary,Informal,2,1,1,0,1,3,Low,23.0,0,1,0
64,Female,Urban,Mashonaland East,Tertiary,Formal,5,0,1,1,1,3,Low,0.3,0,1,0
18,Female,Rural,Mashonaland East,Primary,Informal,1,0,1,0,0,1,High,1.8,0,0,1
41,Female,Rural,Mashonaland West,Secondary,Informal,3,1,1,0,1,3,Low,3.2,0,1,0
21,Female,Urban,Matabeleland South,Secondary,Formal,5,1,1,1,1,4,Low,5.4,0,1,0
32,Male,Rural,Midlands,Secondary,Informal,1,1,1,1,1,4,Low,39.7,1,0,0
29,Female,Rural,Mashonaland East,Secondary,Informal,2,1,0,1,1,3,Low,58.1,0,0,1
24,Female,Rural,Mashonaland West,Primary,Unemployed,1,0,1,0,0,1,High,6.8,1,0,0
38,Male,Rural,Mashonaland East,None,Formal,3,1,1,1,1,4,Low,34.7,0,1,1
18,Male,Rural,Masvingo,Primary,Formal,1,1,1,1,1,4,Low,53.5,0,1,1
33,Female,Urban,Bulawayo,Tertiary,Informal,4,1,1,0,1,3,Low,2.7,1,1,0
36,Male,Rural,Manicaland,Secondary,Informal,3,1,1,0,1,3,Low,136.4,1,0,0
18,Female,Rural,Midlands,Tertiary,Informal,2,1,1,0,0,2,Medium,41.4,1,1,0
59,Male,Rural,Matabeleland North,Secondary,Unemployed,1,0,1,0,0,1,High,6.1,1,0,0
29,Male,Urban,Harare,Secondary,Formal,5,1,1,1,1,4,Low,1.6,1,1,0
34,Female,Rural,Midlands,Secondary,Informal,3,1,1,0,0,2,Medium,13.2,0,0,1
29,Male,Urban,Mashonaland Central,Secondary,Unemployed,2,1,0,0,0,1,High,0.5,1,1,0
36,Male,Rural,Mashonaland East,Primary,Informal,1,1,1,0,1,3,Low,7.2,0,0,0
56,Female,Urban,Bulawayo,Tertiary,Informal,2,1,1,1,1,4,Low,0.1,1,1,0
72,Female,Rural,Midlands,Tertiary,Unemployed,2,0,0,0,0,0,High,22.5,1,0,1
48,Male,Rural,Midlands,None,Informal,1,1,1,0,0,2,Medium,2.0,1,1,1
53,Female,Urban,Harare,Tertiary,Formal,5,1,1,1,1,4,Low,1.7,1,1,0
62,Female,Urban,Bulawayo,Primary,Formal,5,0,1,1,1,3,Low,9.1,1,1,1
41,Female,Urban,Masvingo,Tertiary,Informal,4,1,1,0,1,3,Low,1.4,1,0,0
59,Male,Rural,Midlands,Secondary,Unemployed,1,1,1,0,0,2,Medium,4.4,1,1,0
49,Male,Rural,Manicaland,Primary,Informal,3,1,1,0,0,2,Medium,4.5,1,0,1
40,Female,Urban,Bulawayo,Tertiary,Informal,4,1,1,0,1,3,Low,0.2,0,1,0
42,Female,Urban,Masvingo,Secondary,Informal,4,1,1,0,0,2,Medium,0.4,1,1,0
18,Male,Urban,Harare,Primary,Formal,4,1,1,1,1,4,Low,3.8,1,1,0
42,Female,Urban,Harare,Tertiary,Unemployed,4,1,0,0,0,1,High,5.6,1,1,0
18,Male,Rural,Masvingo,Secondary,Informal,2,1,0,0,1,2,Medium,26.5,1,0,0
18,Female,Rural,Masvingo,Secondary,Unemployed,1,1,1,0,0,2,Medium,16.1,0,1,1
40,Female,Urban,Manicaland,Tertiary,Informal,5,1,1,0,0,2,Medium,1.2,1,1,0
22,Female,Rural,Manicaland,None,Informal,3,1,0,0,1,2,Medium,22.2,1,1,0
37,Female,Urban,Mashonaland East,Secondary,Informal,4,1,1,0,1,3,Low,2.4,1,0,0
39,Male,Rural,Mashonaland East,Secondary,Informal,3,1,1,0,0,2,Medium,3.4,1,1,1
40,Female,Urban,Mashonaland West,Secondary,Formal,5,0,1,1,1,3,Low,5.0,1,1,0
25,Male,Rural,Mashonaland West,Secondary,Informal,1,1,1,0,1,3,Low,15.1,1,0,0
50,Female,Rural,Manicaland,Tertiary,Unemployed,1,1,0,0,0,1,High,10.4,0,0,1
36,Female,Urban,Midlands,Tertiary,Informal,4,1,1,0,0,2,Medium,2.3,0,1,0
44,Male,Rural,Matabeleland South,Secondary,Informal,2,1,1,1,0,3,Low,9.9,1,0,1
21,Male,Rural,Mashonaland East,Secondary,Informal,2,1,1,0,0,2,Medium,2.3,0,0,0
35,Male,Urban,Harare,Tertiary,Informal,3,1,1,1,0,3,Low,2.3,1,1,0
53,Male,Urban,Bulawayo,Tertiary,Informal,4,1,1,0,0,2,Medium,3.4,1,1,0
51,Male,Rural,Midlands,None,Informal,1,1,0,0,0,1,High,17.6,1,1,1
26,Female,Urban,Harare,Secondary,Formal,5,1,1,1,1,4,Low,1.1,1,1,0
30,Female,Urban,Matabeleland South,Secondary,Informal,3,1,0,0,1,2,Medium,0.6,1,1,0
24,Female,Urban,Harare,Primary,Informal,1,1,1,1,1,4,Low,4.4,1,0,1
28,Female,Rural,Matabeleland North,Primary,Informal,2,0,1,0,0,1,High,5.6,1,0,0
18,Female,Urban,Harare,Secondary,Unemployed,4,1,1,1,0,3,Low,1.9,1,1,0
36,Male,Urban,Harare,Tertiary,Formal,5,1,1,1,1,4,Low,11.5,0,1,0
46,Female,Rural,Midlands,Tertiary,Unemployed,3,1,0,1,0,2,Medium,1.0,0,0,1
27,Female,Urban,Harare,Secondary,Formal,5,1,1,0,1,3,Low,0.9,1,0,0
36,Female,Rural,Midlands,Secondary,Informal,3,1,1,0,1,3,Low,10.5,1,0,1
34,Female,Urban,Harare,Secondary,Informal,3,1,1,0,0,2,Medium,4.2,1,1,0
52,Female,Rural,Mashonaland Central,Primary,Informal,1,1,1,1,1,4,Low,3.1,0,0,0
29,Female,Rural,Midlands,None,Unemployed,1,1,1,0,0,2,Medium,2.7,0,0,1
29,Female,Urban,Bulawayo,Tertiary,Formal,5,1,1,1,1,4,Low,5.3,1,1,0
26,Male,Rural,Mashonaland Central,Primary,Informal,1,1,0,0,1,2,Medium,15.3,1,1,1
22,Female,Urban,Bulawayo,Tertiary,Formal,4,1,1,0,1,3,Low,0.1,1,1,0
45,Male,Urban,Harare,Secondary,Informal,4,1,1,1,1,4,Low,0.1,0,1,0
36,Male,Urban,Masvingo,Secondary,Informal,4,1,0,1,0,2,Medium,0.6,1,1,0
38,Female,Rural,Manicaland,Secondary,Formal,4,1,1,0,1,3,Low,21.1,1,1,0
55,Male,Urban,Bulawayo,Tertiary,Informal,5,1,1,0,0,2,Medium,4.7,1,1,0
56,Female,Urban,Harare,Secondary,Informal,3,1,1,1,0,3,Low,3.7,1,0,0
18,Male,Urban,Bulawayo,Tertiary,Unemployed,4,0,1,0,0,1,High,1.1,0,1,0
47,Female,Urban,Matabeleland South,Secondary,Formal,5,1,1,0,1,3,Low,4.6,1,1,0
41,Male,Urban,Mashonaland West,Tertiary,Unemployed,3,1,1,0,0,2,Medium,0.3,1,1,0
31,Female,Urban,Harare,None,Informal,3,1,1,1,0,3,Low,4.9,1,1,0
42,Male,Urban,Harare,Secondary,Unemployed,5,1,1,0,0,2,Medium,1.5,0,1,0
18,Male,Urban,Harare,Tertiary,Informal,4,1,1,0,0,2,Medium,1.8,0,1,1
58,Male,Rural,Midlands,Secondary,Informal,2,1,0,0,1,2,Medium,13.7,1,1,0
45,Female,Urban,Harare,Tertiary,Informal,4,1,1,1,1,4,Low,6.3,1,1,0
25,Female,Rural,Masvingo,Primary,Informal,1,1,1,1,1,4,Low,25.5,0,1,0
29,Female,Urban,Harare,Tertiary,Formal,5,1,1,1,1,4,Low,0.2,1,1,0
18,Male,Urban,Midlands,Secondary,Informal,4,1,0,1,0,2,Medium,1.5,1,1,0
33,Male,Urban,Bulawayo,Secondary,Unemployed,3,1,1,0,0,2,Medium,3.0,1,1,0
31,Male,Urban,Bulawayo,None,Informal,2,1,1,0,1,3,Low,15.2,1,0,0
19,Female,Urban,Matabeleland North,Secondary,Formal,4,1,1,1,1,4,Low,0.1,0,1,0
48,Female,Rural,Midlands,None,Unemployed,1,1,1,0,0,2,Medium,37.8,1,0,0
55,Male,Urban,Bulawayo,Secondary,Informal,3,1,1,0,1,3,Low,0.4,0,0,0
37,Female,Urban,Mashonaland East,Primary,Formal,5,1,1,1,1,4,Low,0.7,1,1,0
33,Female,Rural,Masvingo,Secondary,Informal,3,1,0,0,0,1,High,1.0,1,0,1
44,Male,Urban,Harare,Primary,Formal,5,1,1,1,1,4,Low,14.1,1,1,0
37,Male,Urban,Harare,Tertiary,Informal,3,1,0,0,1,2,Medium,4.1,0,1,0
22,Male,Urban,Manicaland,Secondary,Formal,4,1,1,1,1,4,Low,0.1,1,1,0
28,Male,Urban,Manicaland,Secondary,Formal,4,1,1,1,1,4,Low,1.0,0,1,0
33,Male,Urban,Harare,Secondary,Formal,4,0,1,1,1,3,Low,1.8,1,1,1
41,Female,Rural,Mashonaland Central,Tertiary,Unemployed,1,1,1,0,0,2,Medium,11.4,1,1,0
38,Male,Rural,Matabeleland North,Tertiary,Informal,2,1,0,0,1,2,Medium,10.2,1,0,1
40,Female,Urban,Harare,Secondary,Informal,4,1,1,0,1,3,Low,2.0,0,1,0
18,Female,Rural,Matabeleland North,Tertiary,Informal,2,1,1,0,1,3,Low,2.5,0,0,1
47,Female,Rural,Matabeleland North,Secondary,Formal,5,1,1,1,0,3,Low,1.1,1,1,0
38,Female,Urban,Harare,Tertiary,Unemployed,4,1,0,0,0,1,High,0.2,1,1,1
73,Male,Rural,Mashonaland Central,None,Informal,1,0,0,0,0,0,High,8.1,1,0,1
32,Male,Rural,Mashonaland East,None,Formal,4,1,0,1,1,3,Low,9.9,1,1,0
42,Male,Rural,Mashonaland East,None,Informal,1,1,0,1,1,3,Low,3.3,1,0,0
77,Female,Rural,Masvingo,Secondary,Formal,3,1,1,0,1,3,Low,1.2,1,1,0
40,Female,Urban,Mashonaland Central,Primary,Formal,5,1,1,1,1,4,Low,3.0,1,1,0
37,Male,Urban,Masvingo,Secondary,Informal,4,1,1,0,0,2,Medium,0.6,1,1,0
24,Male,Urban,Harare,Secondary,Formal,5,1,1,1,1,4,Low,14.8,1,1,0
59,Female,Urban,Manicaland,Tertiary,Formal,5,0,1,1,1,3,Low,0.2,1,1,0
21,Male,Urban,Harare,Secondary,Informal,3,1,1,1,1,4,Low,0.7,0,0,0
43,Female,Rural,Matabeleland South,Secondary,Informal,2,1,1,0,1,3,Low,19.4,1,1,1
31,Male,Urban,Harare,Secondary,Unemployed,2,0,1,0,0,1,High,0.5,1,0,0
35,Male,Urban,Bulawayo,Tertiary,Formal,5,0,1,1,1,3,Low,0.1,1,1,1
18,Male,Rural,Masvingo,None,Unemployed,1,0,0,1,0,1,High,69.0,1,1,1
56,Male,Urban,Harare,Secondary,Informal,3,1,1,1,1,4,Low,4.2,1,0,0
34,Male,Urban,Midlands,Secondary,Informal,5,1,1,0,1,3,Low,1.4,1,1,0
20,Female,Rural,Manicaland,Primary,Informal,1,1,1,0,0,2,Medium,7.2,1,0,1
55,Male,Urban,Harare,Secondary,Informal,4,1,1,0,1,3,Low,2.4,1,1,0
30,Female,Urban,Bulawayo,Secondary,Formal,5,1,1,1,1,4,Low,3.5,1,1,0
42,Male,Urban,Bulawayo,Secondary,Informal,3,1,0,0,0,1,High,2.9,0,1,0
49,Male,Rural,Mashonaland Central,None,Informal,1,1,1,1,1,4,Low,47.2,1,1,1
44,Male,Urban,Harare,Primary,Formal,5,1,1,1,1,4,Low,1.6,1,0,0
18,Male,Urban,Harare,None,Informal,3,1,1,0,1,3,Low,6.3,1,1,0
47,Male,Urban,Masvingo,Tertiary,Unemployed,4,0,0,0,0,0,High,1.9,1,1,1
36,Male,Urban,Bulawayo,Secondary,Informal,3,1,1,0,1,3,Low,0.3,1,1,0
33,Female,Rural,Mashonaland Central,Primary,Informal,2,0,0,0,0,0,High,17.9,1,0,1
36,Female,Urban,Harare,Primary,Unemployed,2,1,1,0,0,2,Medium,0.4,1,1,0
18,Female,Rural,Midlands,Secondary,Informal,2,1,1,0,1,3,Low,19.6,0,0,0
40,Male,Urban,Masvingo,Tertiary,Informal,4,1,1,1,1,4,Low,7.1,1,1,0
18,Female,Urban,Harare,Tertiary,Informal,4,1,1,1,0,3,Low,0.7,1,0,0
33,Female,Rural,Matabeleland North,Primary,Informal,3,1,1,0,1,3,Low,9.4,0,0,0
40,Male,Urban,Harare,Secondary,Formal,4,1,1,1,1,4,Low,0.2,1,1,0
53,Male,Urban,Harare,Primary,Unemployed,3,1,1,0,0,2,Medium,3.2,1,1,0
26,Female,Rural,Midlands,Secondary,Formal,2,1,1,1,1,4,Low,10.9,1,0,0
58,Female,Urban,Masvingo,Secondary,Formal,5,1,1,1,1,4,Low,5.3,1,1,0
51,Male,Urban,Harare,Secondary,Formal,5,1,1,1,1,4,Low,7.7,1,1,1
31,Male,Rural,Midlands,None,Unemployed,1,1,1,0,0,2,Medium,14.4,1,1,0
22,Female,Urban,Manicaland,Tertiary,Informal,4,1,1,0,0,2,Medium,3.6,1,1,0
18,Male,Urban,Mashonaland Central,Secondary,Formal,5,1,0,0,1,2,Medium,2.7,1,1,0
41,Female,Urban,Mashonaland East,Tertiary,Informal,3,0,1,0,1,2,Medium,3.4,1,1,0
27,Female,Urban,Bulawayo,Secondary,Informal,4,1,1,0,1,3,Low,3.3,1,0,0
54,Female,Urban,Matabeleland South,Tertiary,Informal,4,1,1,0,1,3,Low,2.0,1,1,0
28,Female,Rural,Mashonaland Central,Primary,Unemployed,2,1,1,1,0,3,Low,35.0,1,0,0
25,Male,Urban,Bulawayo,Secondary,Formal,4,1,1,1,1,4,Low,0.2,1,1,0
41,Female,Rural,Mashonaland East,Secondary,Informal,1,1,1,0,0,2,Medium,22.8,1,0,0
28,Female,Urban,Mashonaland West,Secondary,Informal,3,0,1,1,1,3,Low,4.9,1,1,0
38,Female,Urban,Harare,Secondary,Informal,4,0,1,1,0,2,Medium,0.3,1,1,1
51,Male,Urban,Harare,Secondary,Informal,4,1,1,1,0,3,Low,7.9,1,1,0
39,Male,Rural,Matabeleland South,Primary,Formal,3,1,1,1,1,4,Low,13.2,1,0,1
39,Male,Urban,Harare,Secondary,Informal,4,1,1,0,1,3,Low,4.8,1,1,0
40,Male,Urban,Harare,Primary,Informal,2,0,1,0,1,2,Medium,3.7,0,0,1
18,Female,Rural,Mashonaland Central,None,Informal,1,0,1,0,1,2,Medium,3.3,1,0,0
43,Female,Rural,Matabeleland North,Primary,Informal,2,0,0,0,1,1,High,27.3,1,1,1
40,Female,Urban,Harare,Secondary,Formal,4,1,1,0,1,3,Low,5.8,1,1,1
50,Female,Rural,Mashonaland West,Primary,Informal,1,0,0,1,1,2,Medium,61.7,0,0,1
46,Male,Urban,Bulawayo,Tertiary,Formal,5,1,1,1,1,4,Low,0.1,1,1,0
35,Male,Urban,Matabeleland South,None,Formal,5,1,0,1,1,3,Low,3.7,1,0,0
52,Male,Urban,Mashonaland East,Tertiary,Formal,5,1,1,1,1,4,Low,1.4,1,0,0
33,Male,Urban,Harare,Tertiary,Formal,5,1,1,1,1,4,Low,2.0,1,1,0
41,Male,Urban,Masvingo,Secondary,Formal,5,1,1,1,1,4,Low,0.5,1,1,0
33,Male,Rural,Midlands,Secondary,Unemployed,1,1,1,1,0,3,Low,3.6,0,0,0
44,Male,Urban,Mashonaland Central,Secondary,Informal,3,1,1,0,0,2,Medium,1.2,1,1,0
32,Female,Rural,Masvingo,Secondary,Informal,3,1,0,1,0,2,Medium,1.0,0,0,1
61,Male,Rural,Manicaland,Primary,Informal,3,1,1,0,1,3,Low,23.8,0,1,1
66,Male,Rural,Matabeleland North,Secondary,Informal,3,1,1,0,1,3,Low,3.7,1,1,1
50,Male,Rural,Masvingo,Primary,Formal,3,1,1,0,1,3,Low,21.7,1,1,0
59,Female,Rural,Mashonaland East,Secondary,Informal,2,1,0,0,1,2,Medium,25.0,0,0,1
18,Female,Rural,Harare,None,Informal,1,1,0,0,1,2,Medium,26.3,0,0,0
18,Male,Urban,Harare,Secondary,Informal,3,0,1,0,0,1,High,0.2,1,1,1
33,Male,Urban,Bulawayo,Secondary,Formal,5,1,1,1,1,4,Low,2.3,1,1,0
38,Female,Urban,Harare,Secondary,Informal,2,0,1,1,0,2,Medium,0.4,1,1,0
35,Female,Urban,Bulawayo,Secondary,Formal,5,0,1,1,1,3,Low,3.9,1,1,0
18,Female,Urban,Mashonaland East,Tertiary,Formal,5,0,1,1,1,3,Low,0.3,1,1,1
54,Female,Rural,Mashonaland East,Primary,Informal,1,1,1,0,1,3,Low,59.9,0,0,1
68,Female,Urban,Harare,Primary,Informal,3,0,1,1,0,2,Medium,1.4,1,1,1
55,Female,Rural,Manicaland,Primary,Informal,1,1,0,1,1,3,Low,27.3,0,0,0
53,Male,Urban,Harare,Tertiary,Formal,5,0,1,1,1,3,Low,0.5,1,1,0
41,Female,Urban,Mashonaland East,Secondary,Informal,4,1,1,0,1,3,Low,4.7,0,1,0
26,Male,Urban,Bulawayo,Secondary,Informal,3,1,1,1,0,3,Low,0.1,1,1,0
39,Female,Urban,Masvingo,Tertiary,Informal,3,1,1,0,1,3,Low,4.9,1,1,0
67,Male,Urban,Midlands,Secondary,Informal,3,1,1,0,1,3,Low,9.5,1,1,0
33,Male,Urban,Harare,Tertiary,Unemployed,2,1,1,0,0,2,Medium,1.1,1,1,0
31,Female,Urban,Bulawayo,Secondary,Formal,4,1,1,1,1,4,Low,1.8,1,1,0
53,Female,Urban,Bulawayo,Tertiary,Informal,3,1,0,0,1,2,Medium,2.9,0,1,1
54,Male,Urban,Bulawayo,Secondary,Informal,5,1,0,0,1,2,Medium,2.4,1,1,0
26,Female,Urban,Harare,Secondary,Formal,5,0,1,1,1,3,Low,1.9,1,1,1
34,Male,Urban,Harare,Primary,Informal,4,1,1,0,0,2,Medium,9.3,1,1,0
30,Male,Urban,Bulawayo,Primary,Unemployed,2,1,1,0,0,2,Medium,16.6,0,1,0
38,Female,Urban,Bulawayo,Secondary,Informal,4,1,1,1,1,4,Low,0.1,1,1,0
53,Male,Urban,Harare,Tertiary,Formal,5,1,1,1,1,4,Low,2.5,0,1,0
26,Male,Urban,Harare,Tertiary,Informal,4,1,1,0,0,2,Medium,0.8,1,1,0
53,Female,Rural,Masvingo,Secondary,Informal,4,1,1,0,1,3,Low,4.2,0,1,1
39,Male,Rural,Matabeleland North,Secondary,Informal,2,1,1,0,0,2,Medium,37.3,0,1,1
70,Male,Rural,Masvingo,Tertiary,Informal,3,0,1,0,1,2,Medium,10.5,1,0,0
42,Male,Urban,Harare,Tertiary,Formal,5,1,1,1,1,4,Low,2.0,1,1,0
36,Female,Urban,Harare,Secondary,Formal,4,1,1,0,0,2,Medium,2.9,1,1,0
46,Male,Urban,Mashonaland Central,Secondary,Unemployed,3,1,1,1,0,3,Low,2.9,1,1,0
33,Male,Rural,Matabeleland South,Secondary,Formal,2,1,0,1,1,3,Low,17.4,0,1,1
18,Female,Rural,Harare,Primary,Informal,1,1,1,0,0,2,Medium,1.6,0,1,0
34,Male,Rural,Mashonaland West,Primary,Informal,1,1,1,0,1,3,Low,25.4,1,0,0
34,Male,Rural,Mashonaland West,Primary,Informal,1,1,0,1,1,3,Low,12.1,0,1,1
18,Female,Urban,Bulawayo,Secondary,Formal,5,1,1,1,1,4,Low,2.2,0,1,1
36,Female,Rural,Manicaland,Primary,Informal,2,1,1,0,1,3,Low,1.1,0,1,0
18,Male,Rural,Masvingo,Tertiary,Formal,4,1,1,0,1,3,Low,36.7,0,0,0
33,Female,Urban,Matabeleland South,Secondary,Formal,5,1,1,0,1,3,Low,0.2,1,1,1
41,Female,Rural,Mashonaland East,Secondary,Informal,3,1,0,0,0,1,High,26.5,1,1,1
39,Male,Urban,Harare,Primary,Informal,2,1,0,0,1,2,Medium,0.7,1,1,1
32,Female,Rural,Bulawayo,Tertiary,Informal,3,1,1,0,0,2,Medium,18.7,1,1,0
36,Female,Rural,Manicaland,Secondary,Informal,3,1,1,0,0,2,Medium,11.0,1,0,1
27,Female,Urban,Matabeleland South,Tertiary,Informal,4,1,1,0,1,3,Low,0.5,0,1,0
38,Female,Rural,Midlands,Secondary,Informal,1,1,0,0,1,2,Medium,11.6,0,1,1
38,Female,Urban,Harare,Secondary,Formal,5,1,1,1,1,4,Low,2.9,0,1,0
25,Female,Rural,Midlands,Primary,Informal,2,0,1,0,1,2,Medium,1.0,0,1,1
41,Female,Rural,Mashonaland Central,Secondary,Informal,1,1,1,1,1,4,Low,48.6,0,1,1
41,Female,Rural,Masvingo,Secondary,Informal,2,1,1,0,0,2,Medium,3.8,0,1,1
35,Female,Rural,Matabeleland North,None,Informal,1,1,1,1,0,3,Low,15.3,1,0,0
71,Female,Urban,Harare,Primary,Unemployed,2,1,1,1,0,3,Low,2.9,0,1,0
36,Female,Urban,Bulawayo,Tertiary,Formal,4,1,1,1,1,4,Low,0.7,1,1,0
34,Male,Urban,Bulawayo,Primary,Informal,3,1,1,0,1,3,Low,3.4,1,1,0
32,Male,Urban,Harare,Tertiary,Formal,5,0,1,1,1,3,Low,2.7,1,1,1
24,Female,Urban,Midlands,Secondary,Formal,5,1,1,1,1,4,Low,0.6,1,1,0
47,Male,Urban,Harare,Secondary,Informal,4,0,1,1,1,3,Low,1.4,0,0,0
28,Female,Urban,Harare,Secondary,Informal,3,1,1,0,1,3,Low,3.2,1,0,1
30,Female,Urban,Matabeleland South,Secondary,Informal,3,1,1,0,1,3,Low,10.6,1,1,0
30,Female,Rural,Mashonaland West,Secondary,Informal,3,1,1,0,1,3,Low,3.5,1,1,0
24,Male,Urban,Harare,Tertiary,Formal,5,1,1,0,1,3,Low,4.8,1,1,0
18,Female,Rural,Mashonaland East,Primary,Informal,1,1,0,0,1,2,Medium,7.0,1,0,1
31,Male,Urban,Harare,Secondary,Informal,2,0,1,1,0,2,Medium,1.0,1,1,0
50,Female,Urban,Harare,Tertiary,Informal,3,1,0,0,0,1,High,0.2,1,0,0
40,Male,Urban,Harare,Primary,Informal,3,0,0,0,0,0,High,1.1,0,1,0
59,Female,Urban,Bulawayo,Primary,Informal,4,0,1,0,1,2,Medium,1.9,1,1,1
48,Female,Urban,Bulawayo,Secondary,Informal,3,1,1,0,0,2,Medium,0.8,1,1,0
45,Female,Urban,Masvingo,Tertiary,Formal,5,0,1,1,1,3,Low,0.6,1,0,1
64,Female,Urban,Matabeleland North,Secondary,Informal,4,1,1,0,1,3,Low,2.6,1,1,0
36,Male,Urban,Harare,Primary,Informal,2,1,1,0,0,2,Medium,1.7,1,1,1
38,Male,Rural,Midlands,Tertiary,Formal,4,1,0,1,1,3,Low,14.6,0,1,0
37,Male,Urban,Masvingo,Tertiary,Formal,5,1,1,1,0,3,Low,0.8,1,1,0
59,Female,Rural,Midlands,Secondary,Formal,2,1,1,0,1,3,Low,9.7,1,0,0
38,Female,Urban,Manicaland,Secondary,Informal,5,0,1,0,1,2,Medium,0.1,1,1,0
28,Male,Rural,Mashonaland Central,Tertiary,Formal,4,0,0,1,1,2,Medium,18.5,1,1,1
46,Male,Rural,Mashonaland Central,Secondary,Unemployed,1,1,1,0,0,2,Medium,17.3,0,0,1
26,Male,Rural,Midlands,Secondary,Unemployed,2,1,1,0,0,2,Medium,6.4,0,0,0
45,Female,Rural,Mashonaland West,Secondary,Unemployed,2,1,0,0,0,1,High,4.3,0,1,1
43,Male,Urban,Masvingo,Secondary,Formal,5,1,1,1,1,4,Low,0.8,1,1,0
35,Male,Urban,Manicaland,Tertiary,Informal,4,1,1,0,1,3,Low,0.2,0,1,0
45,Male,Urban,Harare,Secondary,Unemployed,5,1,1,0,0,2,Medium,2.4,1,1,0
18,Male,Rural,Mashonaland East,Primary,Informal,2,1,1,0,0,2,Medium,1.0,0,1,0
40,Male,Rural,Midlands,Secondary,Informal,5,0,0,1,1,2,Medium,13.2,1,0,1
31,Male,Urban,Harare,Tertiary,Informal,5,1,0,0,0,1,High,1.4,1,1,0
78,Female,Rural,Matabeleland North,Primary,Informal,1,1,1,0,1,3,Low,9.1,0,0,1
40,Female,Urban,Midlands,Tertiary,Informal,4,1,1,0,0,2,Medium,5.3,1,1,0
29,Male,Rural,Manicaland,None,Unemployed,1,0,1,0,0,1,High,1.0,0,1,1
18,Female,Rural,Mashonaland East,Secondary,Unemployed,2,1,0,0,0,1,High,4.9,1,1,1
56,Female,Urban,Bulawayo,Tertiary,Informal,4,1,1,1,1,4,Low,3.0,1,1,0
33,Female,Rural,Midlands,Secondary,Informal,2,0,1,1,0,2,Medium,2.8,1,1,0
26,Female,Rural,Mashonaland West,Secondary,Informal,1,1,1,0,0,2,Medium,19.4,1,0,0
42,Male,Urban,Harare,Secondary,Informal,4,0,1,1,1,3,Low,2.2,1,1,0
47,Female,Urban,Harare,Secondary,Informal,4,1,0,0,0,1,High,2.7,1,1,1
46,Female,Urban,Harare,Secondary,Informal,2,1,1,0,1,3,Low,4.6,1,1,0
38,Female,Rural,Mashonaland East,Primary,Informal,2,0,1,0,1,2,Medium,37.7,0,1,1
40,Male,Urban,Harare,Secondary,Informal,4,1,1,0,1,3,Low,2.7,1,1,0
41,Male,Rural,Midlands,Secondary,Unemployed,2,0,0,0,0,0,High,79.9,1,0,1
42,Male,Rural,Bulawayo,Secondary,Unemployed,1,1,0,1,0,2,Medium,14.9,1,0,1
43,Female,Urban,Mashonaland West,Secondary,Formal,5,1,1,0,1,3,Low,2.0,1,1,0
53,Female,Urban,Matabeleland North,Secondary,Informal,3,1,1,0,1,3,Low,6.2,1,0,0
38,Male,Rural,Masvingo,Primary,Informal,2,1,1,0,1,3,Low,6.6,1,0,0
26,Female,Rural,Masvingo,Primary,Informal,1,0,1,0,0,1,High,24.6,0,0,0
35,Male,Urban,Harare,Secondary,Formal,1,1,0,1,1,3,Low,7.0,1,1,1
48,Male,Urban,Bulawayo,Primary,Informal,2,1,0,0,0,1,High,0.9,1,0,0
18,Female,Urban,Harare,Tertiary,Informal,4,1,1,0,0,2,Medium,0.1,1,1,0
18,Female,Rural,Mashonaland Central,None,Informal,1,0,1,1,0,2,Medium,22.0,1,0,1
50,Female,Urban,Bulawayo,Tertiary,Unemployed,4,1,1,1,0,3,Low,1.0,1,1,0
59,Female,Rural,Harare,Primary,Unemployed,2,1,0,0,0,1,High,24.2,0,0,0
20,Female,Urban,Harare,Tertiary,Informal,4,0,1,0,1,2,Medium,1.5,1,1,0
39,Female,Rural,Matabeleland North,Secondary,Unemployed,1,1,1,0,0,2,Medium,17.0,1,0,1
32,Male,Urban,Bulawayo,Tertiary,Informal,2,1,1,1,1,4,Low,1.1,0,1,0
34,Female,Urban,Harare,Tertiary,Unemployed,2,1,1,0,0,2,Medium,4.8,1,1,0
42,Female,Rural,Harare,Secondary,Unemployed,1,1,1,0,0,2,Medium,82.1,0,0,1
19,Male,Rural,Mashonaland East,Primary,Informal,2,0,0,0,1,1,High,10.9,1,1,1
22,Male,Urban,Bulawayo,Secondary,Formal,5,1,1,1,1,4,Low,0.1,1,1,0
33,Male,Urban,Bulawayo,Secondary,Formal,5,1,1,1,1,4,Low,0.4,1,1,0
35,Male,Urban,Harare,Tertiary,Informal,3,0,0,0,1,1,High,2.1,1,0,1
22,Female,Urban,Bulawayo,Tertiary,Informal,3,1,1,0,1,3,Low,4.1,0,1,0
49,Male,Urban,Midlands,Secondary,Informal,4,1,1,1,1,4,Low,5.1,1,1,0
32,Female,Rural,Masvingo,Secondary,Unemployed,2,1,1,1,0,3,Low,3.5,0,0,1
32,Male,Urban,Bulawayo,Secondary,Informal,4,1,1,0,1,3,Low,1.3,0,1,0
41,Male,Rural,Masvingo,Secondary,Informal,1,1,1,0,0,2,Medium,12.2,1,0,0
36,Male,Urban,Masvingo,Secondary,Formal,5,1,1,1,1,4,Low,4.5,1,1,0
49,Male,Urban,Matabeleland South,Secondary,Informal,3,1,1,0,0,2,Medium,3.9,1,1,0
24,Female,Rural,Manicaland,Secondary,Informal,2,1,0,0,1,2,Medium,1.0,1,1,1
18,Male,Urban,Harare,Secondary,Unemployed,4,1,1,0,0,2,Medium,1.6,1,1,1
33,Male,Rural,Manicaland,Secondary,Unemployed,1,1,1,1,0,3,Low,3.7,0,1,1
38,Male,Urban,Mashonaland Central,Secondary,Informal,4,0,1,0,1,2,Medium,0.5,1,1,1
20,Male,Rural,Manicaland,Primary,Informal,1,1,0,1,0,2,Medium,1.0,1,0,1
18,Female,Rural,Midlands,Secondary,Unemployed,1,0,1,0,0,1,High,28.1,0,0,1
40,Female,Rural,Bulawayo,None,Unemployed,1,1,1,1,0,3,Low,11.9,1,0,1
27,Male,Urban,Bulawayo,Secondary,Informal,3,1,1,1,0,3,Low,6.7,1,1,0
18,Female,Urban,Harare,Tertiary,Unemployed,4,1,1,0,0,2,Medium,6.8,1,1,0
51,Male,Urban,Bulawayo,Primary,Informal,4,1,1,0,1,3,Low,4.0,0,1,0
29,Female,Urban,Harare,Primary,Formal,4,1,1,1,1,4,Low,1.4,1,1,0
54,Female,Urban,Mashonaland Central,Secondary,Informal,3,1,0,0,1,2,Medium,13.1,1,1,0
38,Male,Urban,Bulawayo,Secondary,Informal,3,1,1,0,1,3,Low,0.9,1,1,0
42,Female,Urban,Harare,Secondary,Unemployed,3,1,1,0,0,2,Medium,0.2,1,1,0
35,Female,Urban,Manicaland,Secondary,Formal,4,1,1,1,1,4,Low,9.1,1,1,0
18,Male,Urban,Matabeleland North,Secondary,Informal,1,1,1,0,1,3,Low,1.3,1,1,0
22,Female,Urban,Mashonaland East,Tertiary,Informal,3,0,0,0,1,1,High,0.8,1,0,1
36,Female,Urban,Manicaland,Secondary,Unemployed,3,1,1,0,0,2,Medium,0.9,1,1,0
43,Male,Rural,Mashonaland West,Secondary,Informal,2,1,1,0,0,2,Medium,33.2,0,0,0
18,Female,Urban,Matabeleland North,Secondary,Formal,5,1,1,1,1,4,Low,0.3,1,1,0
37,Female,Urban,Bulawayo,Secondary,Unemployed,4,1,1,0,0,2,Medium,4.1,1,1,0
22,Female,Urban,Matabeleland South,Secondary,Informal,3,1,1,0,1,3,Low,1.1,1,1,0
41,Female,Rural,Matabeleland South,Secondary,Unemployed,1,1,1,0,0,2,Medium,9.9,1,0,1
37,Female,Urban,Harare,Tertiary,Informal,4,0,1,0,1,2,Medium,4.4,0,0,1
48,Female,Rural,Manicaland,None,Informal,1,0,1,1,0,2,Medium,2.8,1,0,1
52,Female,Rural,Matabeleland South,Secondary,Unemployed,1,1,1,0,0,2,Medium,3.5,1,0,1
44,Male,Urban,Bulawayo,Secondary,Informal,4,1,1,1,0,3,Low,0.6,1,1,0
50,Male,Rural,Masvingo,None,Unemployed,1,1,1,1,0,3,Low,9.8,1,1,1
33,Female,Rural,Midlands,Secondary,Informal,2,1,1,0,0,2,Medium,4.2,1,0,1
77,Female,Urban,Bulawayo,Secondary,Informal,4,0,1,0,0,1,High,0.1,1,1,0
20,Male,Urban,Harare,Tertiary,Formal,5,1,1,1,1,4,Low,1.2,1,1,0
30,Female,Rural,Masvingo,Secondary,Formal,3,1,1,1,1,4,Low,34.0,0,1,1
50,Female,Rural,Bulawayo,Primary,Unemployed,1,1,0,0,0,1,High,27.2,1,1,1
48,Female,Urban,Bulawayo,Tertiary,Formal,5,1,1,1,1,4,Low,4.0,1,0,0
44,Male,Urban,Matabeleland North,Secondary,Formal,4,1,1,1,1,4,Low,3.3,1,1,0
47,Female,Rural,Harare,Secondary,Unemployed,1,1,1,1,0,3,Low,1.4,1,0,0
18,Male,Urban,Mashonaland West,Tertiary,Informal,4,1,0,0,0,1,High,0.5,1,1,0
60,Male,Rural,Matabeleland South,Secondary,Informal,2,1,1,0,1,3,Low,19.9,1,1,0
35,Female,Urban,Harare,Secondary,Unemployed,3,1,1,0,0,2,Medium,1.3,0,1,0
55,Female,Rural,Midlands,Secondary,Informal,4,0,0,1,0,1,High,3.3,1,1,1
18,Male,Rural,Matabeleland South,Secondary,Formal,5,1,1,1,1,4,Low,14.3,1,1,0
41,Female,Rural,Mashonaland West,Secondary,Informal,2,1,0,1,0,2,Medium,2.1,1,1,0
30,Female,Rural,Mashonaland Central,Secondary,Informal,2,1,1,0,1,3,Low,109.2,1,1,1
46,Male,Rural,Mashonaland East,Secondary,Informal,3,1,1,0,0,2,Medium,3.2,1,0,0
42,Male,Rural,Masvingo,Secondary,Informal,1,1,1,1,0,3,Low,5.5,1,0,0
43,Female,Rural,Mashonaland Central,Secondary,Informal,1,1,0,0,1,2,Medium,101.7,0,0,1
23,Female,Urban,Harare,Secondary,Formal,5,1,1,1,1,4,Low,2.3,0,1,0
37,Male,Rural,Midlands,Primary,Informal,2,1,1,0,0,2,Medium,24.6,1,0,0
35,Female,Urban,Manicaland,Secondary,Unemployed,3,1,1,0,0,2,Medium,4.2,0,0,0
44,Female,Rural,Matabeleland North,Secondary,Informal,3,1,1,0,0,2,Medium,100.5,1,0,0
51,Female,Rural,Midlands,Secondary,Informal,1,0,1,1,1,3,Low,3.4,1,1,1
40,Female,Urban,Harare,Tertiary,Unemployed,2,0,1,0,0,1,High,0.5,1,1,1
20,Male,Urban,Harare,Tertiary,Formal,5,1,1,0,1,3,Low,2.4,1,1,0
39,Male,Urban,Bulawayo,Secondary,Unemployed,4,1,0,0,0,1,High,0.8,1,1,1
74,Male,Rural,Mashonaland West,Secondary,Unemployed,1,1,0,0,0,1,High,10.3,0,1,1
61,Female,Urban,Harare,Tertiary,Informal,2,1,1,0,1,3,Low,1.3,1,1,0
18,Female,Urban,Mashonaland East,Secondary,Formal,5,1,1,1,1,4,Low,1.7,1,1,0
38,Female,Rural,Manicaland,None,Informal,1,0,1,0,1,2,Medium,94.3,0,0,1
51,Male,Rural,Masvingo,None,Informal,1,0,0,0,0,0,High,1.0,1,0,1
35,Female,Urban,Bulawayo,Secondary,Formal,5,1,1,1,1,4,Low,1.3,1,1,0
31,Male,Urban,Bulawayo,Secondary,Informal,3,1,1,0,1,3,Low,3.2,1,1,0
34,Male,Rural,Mashonaland East,Primary,Informal,3,1,1,1,1,4,Low,5.3,0,1,1
45,Male,Rural,Bulawayo,Secondary,Unemployed,2,0,0,0,0,0,High,7.6,0,0,1
21,Female,Rural,Midlands,Secondary,Informal,3,1,0,1,0,2,Medium,15.7,1,0,1
54,Male,Urban,Matabeleland North,Tertiary,Informal,4,0,1,0,1,2,Medium,0.1,1,1,0
37,Female,Urban,Bulawayo,Tertiary,Formal,5,1,1,0,1,3,Low,2.5,1,1,0
24,Female,Urban,Harare,Tertiary,Formal,5,1,1,0,1,3,Low,9.4,1,1,0
53,Female,Rural,Masvingo,Secondary,Unemployed,3,1,0,0,0,1,High,20.8,0,0,0
18,Male,Urban,Harare,Tertiary,Informal,4,1,1,0,1,3,Low,6.7,0,1,1
30,Female,Urban,Harare,Secondary,Formal,4,0,1,1,1,3,Low,4.8,1,1,0
29,Female,Rural,Mashonaland Central,Secondary,Informal,1,1,1,0,0,2,Medium,1.0,1,1,0
68,Male,Rural,Mashonaland Central,Secondary,Informal,1,0,0,1,1,2,Medium,15.7,1,0,1
28,Female,Rural,Mashonaland East,Secondary,Unemployed,3,1,1,0,0,2,Medium,9.2,0,0,0
18,Female,Urban,Harare,Secondary,Formal,4,1,1,1,1,4,Low,3.4,1,1,0
29,Male,Urban,Mashonaland West,Secondary,Informal,4,1,1,0,0,2,Medium,2.0,1,1,0
44,Female,Urban,Bulawayo,Secondary,Formal,5,1,1,1,1,4,Low,7.2,1,0,0
48,Male,Urban,Harare,Primary,Informal,3,1,1,0,0,2,Medium,11.7,1,0,0
69,Male,Urban,Harare,Primary,Informal,2,0,1,0,0,1,High,3.4,1,0,1
57,Female,Urban,Masvingo,Secondary,Formal,5,1,0,1,1,3,Low,1.6,0,1,0
40,Male,Rural,Manicaland,None,Informal,1,1,0,0,1,2,Medium,24.4,0,0,1
25,Male,Rural,Mashonaland Central,Secondary,Informal,1,1,1,1,0,3,Low,8.2,1,1,0
60,Male,Rural,Masvingo,Secondary,Informal,1,1,1,0,1,3,Low,7.8,0,0,1
32,Male,Urban,Manicaland,Tertiary,Unemployed,2,1,1,0,0,2,Medium,16.7,1,0,0
28,Male,Urban,Mashonaland East,Secondary,Formal,5,1,1,1,1,4,Low,1.0,1,1,0
32,Female,Urban,Harare,Secondary,Unemployed,4,1,1,0,0,2,Medium,4.4,1,1,0
20,Male,Urban,Harare,Secondary,Informal,4,1,1,0,1,3,Low,3.3,0,1,0
31,Male,Urban,Harare,Tertiary,Formal,5,0,1,0,1,2,Medium,2.0,1,0,1
34,Female,Urban,Bulawayo,Primary,Formal,4,0,1,1,1,3,Low,9.6,1,1,1
48,Female,Rural,Mashonaland East,Secondary,Informal,1,1,0,0,0,1,High,51.1,1,0,1
32,Male,Urban,Harare,Secondary,Informal,2,1,1,0,1,3,Low,0.3,1,1,0
20,Male,Rural,Harare,Primary,Informal,1,0,1,0,0,1,High,22.4,1,0,0
18,Male,Urban,Matabeleland South,None,Informal,4,1,1,0,0,2,Medium,9.4,1,0,0
40,Male,Urban,Harare,Secondary,Formal,5,1,1,1,1,4,Low,0.1,1,1,0
39,Male,Urban,Harare,Primary,Informal,2,1,1,0,1,3,Low,4.6,1,1,0
30,Female,Urban,Matabeleland North,Tertiary,Unemployed,1,1,0,1,0,2,Medium,2.9,1,1,1
31,Female,Urban,Manicaland,Primary,Informal,2,1,0,0,1,2,Medium,2.3,1,1,0
43,Male,Rural,Masvingo,Primary,Unemployed,2,1,1,0,0,2,Medium,42.9,1,0,0
57,Female,Urban,Bulawayo,None,Informal,3,0,0,0,1,1,High,0.7,1,1,1
27,Male,Urban,Harare,Tertiary,Informal,4,1,0,1,0,2,Medium,1.2,1,0,0
39,Male,Rural,Matabeleland South,Secondary,Informal,1,1,1,0,0,2,Medium,48.7,0,0,0
51,Male,Urban,Harare,Secondary,Formal,4,1,1,1,1,4,Low,2.4,1,1,0
27,Male,Rural,Midlands,Secondary,Informal,1,1,0,0,0,1,High,25.9,1,0,1
37,Female,Urban,Harare,Tertiary,Informal,5,1,1,0,0,2,Medium,0.2,1,1,0
37,Male,Rural,Masvingo,Primary,Unemployed,3,1,0,0,0,1,High,14.3,1,1,0
19,Female,Urban,Bulawayo,Tertiary,Informal,3,0,1,0,0,1,High,1.1,1,1,0
40,Male,Urban,Harare,Tertiary,Formal,4,1,1,1,0,3,Low,1.0,1,1,0
38,Female,Rural,Mashonaland East,None,Formal,3,1,1,1,1,4,Low,12.1,0,0,1
45,Female,Rural,Matabeleland South,Primary,Informal,1,1,1,0,0,2,Medium,42.7,1,1,0
21,Male,Urban,Harare,Secondary,Informal,4,1,1,0,1,3,Low,2.2,1,1,0
38,Male,Rural,Midlands,None,Informal,2,1,1,1,1,4,Low,2.3,0,0,1
57,Female,Urban,Harare,Secondary,Formal,4,1,1,1,1,4,Low,3.3,1,1,0
67,Female,Urban,Bulawayo,Secondary,Informal,4,1,0,0,1,2,Medium,2.9,1,1,0
55,Male,Urban,Bulawayo,Secondary,Formal,5,1,1,1,1,4,Low,0.2,1,1,0
21,Female,Rural,Mashonaland West,Secondary,Informal,3,1,1,0,0,2,Medium,19.0,1,1,0
44,Male,Urban,Bulawayo,Secondary,Informal,3,1,0,0,1,2,Medium,0.2,1,1,0
31,Male,Rural,Matabeleland South,Secondary,Informal,3,1,0,0,0,1,High,36.4,1,0,0
41,Female,Urban,Bulawayo,Secondary,Informal,1,1,1,0,1,3,Low,4.4,1,1,0
27,Male,Rural,Masvingo,Secondary,Informal,3,0,1,0,1,2,Medium,53.8,1,0,0
18,Male,Rural,Masvingo,Secondary,Informal,1,1,1,0,1,3,Low,49.6,0,1,1
33,Male,Urban,Harare,Tertiary,Unemployed,4,1,1,1,0,3,Low,0.4,1,1,0
48,Male,Urban,Harare,Secondary,Informal,4,1,1,0,0,2,Medium,0.5,1,1,0
42,Male,Urban,Harare,Secondary,Formal,4,1,1,0,1,3,Low,0.2,1,1,0
43,Male,Rural,Masvingo,Secondary,Informal,1,0,1,0,1,2,Medium,21.8,0,0,1
41,Female,Urban,Matabeleland North,Secondary,Formal,5,1,1,1,0,3,Low,3.7,1,1,0
43,Female,Urban,Harare,Secondary,Unemployed,3,1,1,0,0,2,Medium,5.9,1,1,1
45,Male,Urban,Bulawayo,Primary,Informal,2,1,0,1,0,2,Medium,4.4,1,1,1
34,Male,Rural,Mashonaland Central,Secondary,Informal,2,0,1,0,1,2,Medium,17.3,1,1,1
39,Female,Urban,Bulawayo,Tertiary,Formal,5,1,1,1,1,4,Low,7.7,1,1,0
62,Male,Urban,Mashonaland Central,Tertiary,Unemployed,4,1,1,0,0,2,Medium,0.1,1,1,0
39,Male,Rural,Matabeleland North,Secondary,Unemployed,1,1,0,0,0,1,High,57.4,1,0,1
38,Female,Urban,Manicaland,None,Informal,1,1,0,1,1,3,Low,6.5,0,0,0
39,Male,Rural,Matabeleland South,Secondary,Informal,2,1,1,1,0,3,Low,58.7,1,0,1
34,Female,Urban,Harare,Secondary,Informal,3,1,1,0,1,3,Low,6.2,0,1,0
31,Female,Urban,Bulawayo,Tertiary,Informal,4,1,1,0,0,2,Medium,0.9,0,1,0
40,Female,Rural,Mashonaland Central,Secondary,Informal,1,1,1,0,0,2,Medium,18.0,1,1,1
30,Male,Rural,Midlands,Secondary,Informal,2,1,0,1,0,2,Medium,46.2,0,1,0
35,Male,Rural,Matabeleland South,Secondary,Informal,1,1,1,0,0,2,Medium,28.8,1,0,0
26,Male,Urban,Harare,Secondary,Informal,3,1,0,1,1,3,Low,0.8,1,1,0
39,Female,Urban,Harare,Secondary,Informal,3,1,1,1,1,4,Low,3.0,1,1,0
46,Female,Urban,Bulawayo,Secondary,Informal,3,1,1,0,0,2,Medium,10.7,1,1,0
35,Female,Urban,Midlands,Secondary,Formal,5,1,1,1,1,4,Low,4.2,1,1,0
18,Male,Urban,Harare,Primary,Informal,2,1,1,0,1,3,Low,4.3,1,1,0
46,Female,Urban,Bulawayo,Tertiary,Informal,2,1,1,0,1,3,Low,12.9,0,1,1
39,Female,Urban,Harare,Secondary,Informal,3,1,1,0,0,2,Medium,2.5,1,1,0
24,Female,Urban,Bulawayo,Tertiary,Unemployed,2,0,1,0,0,1,High,0.7,0,0,1
48,Female,Urban,Bulawayo,Secondary,Informal,1,1,1,0,1,3,Low,1.7,1,1,0
18,Male,Urban,Harare,Tertiary,Informal,5,1,1,1,0,3,Low,2.6,1,1,0
52,Male,Rural,Matabeleland South,Secondary,Informal,3,1,0,1,1,3,Low,2.6,1,0,0
37,Female,Rural,Manicaland,Secondary,Informal,3,0,1,0,1,2,Medium,20.7,0,1,1
18,Male,Urban,Mashonaland East,Secondary,Unemployed,3,1,1,0,0,2,Medium,1.0,1,0,1
40,Male,Rural,Mashonaland Central,Tertiary,Informal,3,1,1,0,1,3,Low,47.0,1,1,0
32,Male,Rural,Masvingo,Secondary,Unemployed,1,0,0,0,0,0,High,9.3,1,0,1
30,Male,Urban,Harare,Tertiary,Informal,4,1,1,1,1,4,Low,1.6,1,1,0
27,Female,Urban,Bulawayo,Secondary,Informal,4,1,1,0,0,2,Medium,2.0,1,1,0
36,Male,Urban,Harare,Secondary,Formal,5,1,1,1,1,4,Low,1.4,1,1,0
31,Male,Urban,Bulawayo,Secondary,Formal,5,1,1,0,1,3,Low,1.0,1,1,0
18,Female,Rural,Harare,Secondary,Informal,3,1,1,1,0,3,Low,13.7,1,0,0
55,Female,Rural,Mashonaland East,Primary,Unemployed,1,1,1,0,0,2,Medium,12.8,0,0,0
34,Male,Urban,Mashonaland West,Secondary,Informal,2,1,1,0,0,2,Medium,5.1,1,1,1
27,Male,Rural,Mashonaland West,Primary,Informal,2,1,1,0,1,3,Low,18.7,1,0,0
22,Male,Urban,Bulawayo,Tertiary,Informal,4,1,1,0,1,3,Low,6.7,1,1,0
48,Male,Rural,Masvingo,Secondary,Formal,4,0,1,1,1,3,Low,23.4,1,1,1
19,Male,Rural,Mashonaland West,Primary,Informal,1,0,1,0,1,2,Medium,37.1,1,0,0
39,Male,Urban,Masvingo,Tertiary,Unemployed,2,1,1,0,0,2,Medium,0.4,1,1,0
29,Female,Urban,Harare,Secondary,Informal,4,1,1,0,1,3,Low,4.1,1,1,0
30,Female,Rural,Midlands,Secondary,Informal,1,0,1,0,0,1,High,33.9,1,0,1
22,Female,Rural,Midlands,Secondary,Unemployed,1,1,0,0,0,1,High,37.6,1,0,1
29,Male,Urban,Harare,Primary,Formal,4,1,1,1,1,4,Low,0.3,1,1,0
38,Male,Urban,Harare,Secondary,Unemployed,4,1,0,0,0,1,High,1.7,1,1,0
41,Female,Urban,Bulawayo,Tertiary,Informal,5,1,1,0,1,3,Low,13.8,0,0,0
27,Female,Rural,Matabeleland South,Secondary,Formal,3,1,1,0,1,3,Low,7.5,1,1,0
36,Female,Rural,Mashonaland Central,Secondary,Informal,2,0,1,1,1,3,Low,2.9,1,0,1
50,Male,Rural,Mashonaland Central,None,Formal,3,1,1,1,1,4,Low,55.3,1,0,1
18,Male,Rural,Manicaland,Secondary,Informal,2,0,1,0,0,1,High,3.2,1,0,0
37,Female,Rural,Matabeleland South,Secondary,Informal,2,0,0,0,1,1,High,35.4,0,0,1
24,Female,Rural,Matabeleland North,Secondary,Informal,2,1,1,1,0,3,Low,1.0,0,0,0
23,Male,Urban,Harare,Secondary,Informal,4,0,1,0,1,2,Medium,2.0,1,1,0
41,Female,Rural,Masvingo,Secondary,Informal,2,1,1,0,1,3,Low,5.1,0,0,0
30,Female,Urban,Mashonaland Central,Tertiary,Formal,5,0,1,1,1,3,Low,3.9,1,1,1
20,Female,Urban,Matabeleland South,Secondary,Informal,3,1,1,1,0,3,Low,1.8,1,1,0
56,Male,Rural,Mashonaland Central,Secondary,Informal,2,1,1,0,1,3,Low,6.4,0,0,1
50,Female,Rural,Mashonaland East,Secondary,Informal,2,0,0,0,0,0,High,19.3,1,1,1
18,Female,Rural,Mashonaland East,Primary,Informal,2,0,1,0,0,1,High,77.5,1,0,0
18,Male,Urban,Bulawayo,Secondary,Formal,5,0,1,1,1,3,Low,3.6,1,1,0
46,Female,Urban,Harare,Tertiary,Unemployed,4,1,1,1,0,3,Low,6.1,1,0,1
34,Female,Urban,Harare,Secondary,Informal,1,0,1,0,0,1,High,3.1,1,0,0
59,Female,Urban,Mashonaland East,Primary,Formal,4,1,1,1,1,4,Low,1.5,1,1,0
46,Male,Urban,Bulawayo,Tertiary,Informal,4,1,1,0,1,3,Low,1.2,1,1,0
42,Female,Urban,Harare,Secondary,Informal,3,1,1,0,1,3,Low,4.3,1,1,0
23,Male,Urban,Harare,Tertiary,Formal,5,1,1,1,1,4,Low,0.3,1,1,0
44,Male,Rural,Manicaland,Secondary,Informal,1,1,1,0,1,3,Low,2.7,1,1,1
20,Male,Urban,Harare,Secondary,Informal,3,0,1,0,0,1,High,6.5,1,0,0
56,Male,Urban,Harare,Tertiary,Informal,4,1,1,1,1,4,Low,5.8,1,0,0
43,Male,Rural,Manicaland,None,Informal,2,1,1,1,1,4,Low,8.2,1,0,0
26,Female,Urban,Harare,Secondary,Formal,5,1,1,1,1,4,Low,1.8,1,1,0
49,Female,Rural,Midlands,Secondary,Informal,3,1,1,0,1,3,Low,3.4,0,1,0
69,Male,Rural,Midlands,Tertiary,Informal,1,1,0,0,1,2,Medium,10.0,0,1,1
34,Female,Urban,Harare,Secondary,Informal,4,1,1,1,1,4,Low,0.7,1,1,0
45,Male,Rural,Matabeleland North,Tertiary,Informal,4,0,1,0,0,1,High,23.1,1,0,1
31,Female,Rural,Manicaland,Secondary,Informal,3,0,0,0,1,1,High,34.9,1,1,1
39,Female,Rural,Matabeleland South,Secondary,Informal,3,1,1,0,0,2,Medium,50.9,1,0,0
18,Female,Rural,Midlands,Secondary,Informal,1,1,1,0,0,2,Medium,44.6,0,0,1
37,Female,Rural,Masvingo,Primary,Informal,2,0,1,1,1,3,Low,5.1,0,0,0
38,Female,Rural,Masvingo,Secondary,Informal,1,1,0,1,0,2,Medium,5.9,0,0,1
63,Male,Urban,Harare,Primary,Informal,4,1,1,0,1,3,Low,0.8,1,1,0
18,Male,Rural,Mashonaland Central,Secondary,Informal,3,1,1,1,0,3,Low,50.6,0,0,0
34,Male,Rural,Mashonaland West,Primary,Formal,3,1,0,1,1,3,Low,5.1,0,1,0
56,Male,Rural,Manicaland,Tertiary,Informal,1,1,0,0,0,1,High,4.8,0,1,1
34,Male,Rural,Matabeleland North,Primary,Informal,3,1,0,0,1,2,Medium,1.0,0,0,0
35,Male,Urban,Bulawayo,Secondary,Informal,4,1,1,0,1,3,Low,1.3,1,0,0
26,Female,Rural,Mashonaland Central,Primary,Informal,1,1,0,0,0,1,High,3.7,1,0,1
24,Female,Rural,Masvingo,Primary,Informal,1,1,0,0,0,1,High,7.8,1,0,1
18,Female,Urban,Mashonaland East,Secondary,Informal,1,1,1,0,1,3,Low,1.2,1,0,0
29,Female,Urban,Bulawayo,Tertiary,Informal,4,1,1,0,0,2,Medium,1.5,1,0,0
24,Male,Urban,Bulawayo,Secondary,Informal,3,1,1,0,0,2,Medium,5.5,1,1,0
39,Male,Urban,Mashonaland West,Secondary,Formal,5,1,1,1,1,4,Low,8.1,1,1,0
26,Female,Rural,Harare,Secondary,Informal,2,0,1,0,1,2,Medium,8.5,0,1,1
31,Female,Urban,Bulawayo,None,Informal,1,1,1,0,0,2,Medium,0.5,1,1,0
31,Male,Urban,Harare,Tertiary,Informal,4,1,1,0,1,3,Low,2.5,1,1,0
37,Male,Rural,Mashonaland Central,None,Unemployed,1,1,0,0,0,1,High,8.3,0,0,1
30,Male,Rural,Midlands,Secondary,Informal,2,1,1,1,1,4,Low,10.0,1,0,1
23,Male,Rural,Mashonaland West,Tertiary,Informal,2,1,0,0,1,2,Medium,10.7,1,1,0
39,Male,Rural,Mashonaland East,Secondary,Informal,2,1,1,0,0,2,Medium,35.9,1,0,0
52,Male,Rural,Mashonaland Central,None,Unemployed,1,1,0,0,0,1,High,28.8,0,0,1
39,Female,Rural,Midlands,Secondary,Informal,2,1,1,0,0,2,Medium,1.7,0,1,0
29,Female,Rural,Midlands,Secondary,Informal,2,0,1,0,1,2,Medium,17.0,1,0,1
36,Female,Urban,Harare,Secondary,Informal,4,1,0,0,1,2,Medium,0.9,1,1,1
18,Female,Rural,Masvingo,Primary,Informal,3,0,1,0,0,1,High,38.0,0,0,1
36,Female,Urban,Harare,Secondary,Formal,4,1,1,1,1,4,Low,2.1,1,1,0
32,Male,Urban,Manicaland,Primary,Informal,3,1,1,0,1,3,Low,4.0,0,1,0
24,Female,Urban,Bulawayo,Secondary,Informal,5,1,1,1,0,3,Low,6.8,0,0,0
27,Male,Rural,Manicaland,None,Informal,1,0,1,0,1,2,Medium,1.7,0,0,1
32,Female,Rural,Masvingo,Secondary,Unemployed,2,0,1,1,0,2,Medium,7.1,0,0,1
51,Male,Urban,Matabeleland North,Secondary,Unemployed,3,1,1,0,0,2,Medium,0.5,0,0,0
53,Female,Rural,Mashonaland East,Primary,Informal,1,0,0,0,0,0,High,5.5,1,0,1
25,Female,Urban,Harare,None,Informal,3,1,0,0,0,1,High,0.6,1,1,0
30,Male,Rural,Midlands,Tertiary,Unemployed,2,1,0,0,0,1,High,49.9,1,0,1
31,Male,Rural,Manicaland,Secondary,Informal,1,1,0,0,0,1,High,14.6,0,0,1
49,Male,Rural,Mashonaland West,Secondary,Unemployed,2,1,0,0,0,1,High,3.0,1,0,1
40,Female,Rural,Masvingo,Secondary,Informal,1,1,1,0,0,2,Medium,34.6,0,0,1
39,Female,Urban,Harare,Secondary,Informal,4,1,1,1,0,3,Low,1.6,1,0,0
45,Male,Urban,Harare,Secondary,Informal,5,1,1,1,1,4,Low,2.7,1,1,0
29,Female,Rural,Manicaland,Secondary,Informal,4,1,1,0,0,2,Medium,4.3,1,1,0
57,Male,Rural,Manicaland,Primary,Informal,2,1,1,0,0,2,Medium,15.2,1,0,0
37,Male,Urban,Bulawayo,Secondary,Formal,5,1,1,1,1,4,Low,3.4,0,1,0
26,Male,Urban,Mashonaland West,Secondary,Formal,5,1,0,1,1,3,Low,3.6,0,1,1
34,Female,Urban,Harare,Tertiary,Formal,5,1,1,1,1,4,Low,5.3,1,1,0
55,Male,Urban,Manicaland,Secondary,Formal,5,1,1,1,1,4,Low,1.1,1,1,0
32,Male,Urban,Harare,Secondary,Formal,5,1,1,1,1,4,Low,1.1,1,0,1
51,Male,Urban,Harare,Secondary,Formal,5,1,1,1,1,4,Low,6.3,1,1,0
29,Female,Rural,Masvingo,None,Informal,2,0,1,0,1,2,Medium,102.3,1,1,1
27,Female,Urban,Harare,Secondary,Formal,5,1,1,1,1,4,Low,6.3,1,0,0
47,Female,Urban,Bulawayo,Tertiary,Formal,5,1,1,1,0,3,Low,1.3,1,0,0
25,Female,Urban,Harare,Tertiary,Informal,2,1,1,0,0,2,Medium,0.9,1,1,1
49,Female,Urban,Bulawayo,Tertiary,Formal,5,1,1,1,1,4,Low,0.1,1,1,1
42,Male,Rural,Midlands,Secondary,Informal,2,1,0,0,0,1,High,2.1,0,1,0
25,Female,Urban,Harare,Secondary,Formal,5,1,1,1,1,4,Low,4.9,1,1,0
36,Male,Rural,Midlands,None,Formal,3,1,1,1,1,4,Low,1.0,0,1,0
30,Male,Rural,Mashonaland Central,Secondary,Informal,2,0,1,1,0,2,Medium,7.9,1,0,1
42,Male,Urban,Harare,Secondary,Formal,5,1,1,1,1,4,Low,3.4,1,1,0
64,Male,Rural,Mashonaland Central,None,Informal,1,1,1,0,1,3,Low,1.7,0,1,0
32,Female,Rural,Matabeleland South,Primary,Informal,2,0,1,0,0,1,High,2.1,0,1,1
45,Female,Urban,Bulawayo,None,Informal,2,1,1,0,0,2,Medium,1.4,1,0,0
38,Female,Urban,Midlands,Secondary,Formal,5,1,1,1,1,4,Low,7.3,1,1,0
38,Male,Rural,Matabeleland North,None,Unemployed,1,0,1,1,0,2,Medium,30.4,1,0,1
35,Female,Rural,Mashonaland West,Secondary,Informal,3,1,1,0,1,3,Low,19.6,1,0,0
25,Female,Urban,Masvingo,Secondary,Informal,4,1,1,0,0,2,Medium,0.1,1,1,0
42,Male,Rural,Midlands,Secondary,Informal,2,1,1,0,1,3,Low,1.3,1,1,1
33,Female,Urban,Mashonaland East,Secondary,Formal,5,1,1,1,1,4,Low,2.2,1,0,0
25,Female,Rural,Masvingo,Secondary,Informal,1,1,1,0,0,2,Medium,13.9,0,1,0
52,Male,Urban,Mashonaland West,Tertiary,Formal,5,1,1,1,1,4,Low,1.3,1,1,0
39,Female,Urban,Harare,Secondary,Informal,3,1,1,1,0,3,Low,1.5,1,1,0
34,Female,Rural,Midlands,Primary,Unemployed,1,0,1,0,0,1,High,45.7,0,0,1
56,Male,Rural,Midlands,Secondary,Informal,2,1,0,0,1,2,Medium,15.2,0,0,1
18,Male,Rural,Matabeleland North,Primary,Unemployed,1,1,1,0,0,2,Medium,53.8,0,1,1
55,Female,Urban,Harare,Secondary,Formal,5,1,1,1,1,4,Low,0.2,1,1,1
25,Female,Urban,Harare,Secondary,Formal,5,1,1,1,1,4,Low,4.9,1,1,0
40,Female,Rural,Midlands,Primary,Informal,3,1,1,0,0,2,Medium,10.7,1,0,0
29,Female,Rural,Midlands,Secondary,Unemployed,2,1,0,0,0,1,High,2.3,0,1,1
25,Female,Urban,Mashonaland Central,Tertiary,Informal,4,1,1,1,0,3,Low,5.0,1,1,0
56,Female,Rural,Midlands,Secondary,Unemployed,1,1,1,0,0,2,Medium,17.2,0,0,1
63,Female,Urban,Bulawayo,Secondary,Informal,3,1,1,0,0,2,Medium,0.5,1,1,0
34,Female,Urban,Masvingo,Tertiary,Unemployed,3,1,1,0,0,2,Medium,1.9,1,1,0
42,Male,Urban,Harare,Secondary,Informal,5,0,1,0,0,1,High,0.5,1,1,1
38,Female,Urban,Harare,Tertiary,Informal,2,0,1,0,0,1,High,1.5,0,1,1
62,Female,Urban,Bulawayo,Tertiary,Informal,3,1,1,0,0,2,Medium,0.8,1,1,0
18,Female,Rural,Mashonaland East,Primary,Informal,1,1,0,0,0,1,High,53.7,1,0,1
43,Female,Urban,Harare,Secondary,Unemployed,3,1,1,0,0,2,Medium,3.7,1,1,0
27,Female,Urban,Mashonaland East,Secondary,Informal,4,1,1,0,1,3,Low,1.3,0,1,0
18,Male,Urban,Harare,Tertiary,Formal,5,1,1,1,1,4,Low,3.3,1,1,0
32,Male,Urban,Manicaland,Secondary,Unemployed,4,1,1,0,0,2,Medium,0.2,0,1,1
63,Male,Urban,Harare,Secondary,Informal,4,1,1,0,1,3,Low,1.5,1,1,0
28,Male,Rural,Midlands,Secondary,Informal,3,1,1,0,1,3,Low,17.7,1,1,1
49,Male,Urban,Harare,Tertiary,Informal,5,0,1,1,1,3,Low,3.4,1,1,0
54,Male,Rural,Matabeleland North,Secondary,Informal,1,1,0,0,0,1,High,1.3,1,0,1
37,Male,Rural,Masvingo,None,Informal,2,1,0,0,0,1,High,14.3,1,0,0
39,Male,Urban,Harare,Secondary,Formal,4,1,1,1,1,4,Low,3.6,1,1,0
18,Female,Rural,Mashonaland Central,Secondary,Unemployed,2,1,0,0,0,1,High,8.1,1,0,1
27,Female,Rural,Manicaland,Secondary,Informal,2,1,1,0,1,3,Low,25.0,1,0,0
50,Male,Rural,Mashonaland East,Secondary,Unemployed,1,1,1,0,0,2,Medium,1.5,1,0,1
38,Male,Rural,Mashonaland Central,Secondary,Informal,1,1,1,0,1,3,Low,9.6,1,0,0
43,Male,Rural,Manicaland,Secondary,Unemployed,2,1,0,0,0,1,High,110.2,0,0,1
39,Male,Rural,Matabeleland North,Secondary,Informal,1,0,0,0,0,0,High,53.8,0,1,1
68,Male,Rural,Mashonaland Central,None,Informal,2,1,1,0,1,3,Low,5.5,0,0,0
31,Male,Urban,Harare,Tertiary,Unemployed,2,0,1,0,0,1,High,0.7,1,0,0
60,Male,Rural,Mashonaland East,Secondary,Informal,2,1,0,0,0,1,High,13.9,1,1,0
39,Female,Rural,Mashonaland West,Secondary,Unemployed,3,0,1,0,0,1,High,12.3,1,0,1
61,Female,Rural,Masvingo,Primary,Informal,4,1,0,1,0,2,Medium,9.1,0,1,0
20,Female,Urban,Bulawayo,Secondary,Formal,4,1,1,1,1,4,Low,8.3,1,1,0
40,Male,Urban,Bulawayo,Secondary,Formal,4,0,1,0,1,2,Medium,1.1,1,1,0
32,Male,Urban,Bulawayo,Secondary,Unemployed,2,1,1,0,0,2,Medium,3.1,1,1,0
39,Female,Urban,Harare,Primary,Informal,5,0,1,1,0,2,Medium,0.7,0,0,0
55,Male,Urban,Harare,Tertiary,Informal,4,1,1,1,1,4,Low,2.5,1,1,0
43,Female,Urban,Manicaland,Secondary,Formal,5,1,1,0,1,3,Low,0.8,1,1,0
55,Female,Urban,Harare,Secondary,Formal,5,1,1,1,0,3,Low,0.2,1,1,0
28,Female,Urban,Mashonaland West,Secondary,Informal,2,1,1,0,1,3,Low,4.0,1,0,0
26,Male,Urban,Bulawayo,Secondary,Unemployed,1,1,1,0,0,2,Medium,9.7,1,0,1
38,Female,Rural,Masvingo,Secondary,Informal,1,1,0,0,0,1,High,35.6,1,0,1
37,Male,Urban,Bulawayo,Secondary,Formal,5,1,1,1,1,4,Low,4.4,1,1,0
35,Male,Urban,Matabeleland North,Secondary,Formal,5,1,1,1,1,4,Low,2.4,1,1,0
24,Male,Urban,Harare,Secondary,Formal,5,1,1,1,1,4,Low,1.5,1,1,0
54,Female,Urban,Harare,Secondary,Informal,2,1,1,0,0,2,Medium,4.5,1,0,0
32,Female,Urban,Masvingo,Primary,Informal,3,1,1,0,0,2,Medium,5.7,1,1,0
57,Male,Rural,Masvingo,Secondary,Informal,3,1,1,0,1,3,Low,80.5,1,1,0
38,Male,Rural,Mashonaland West,Secondary,Unemployed,1,1,0,0,0,1,High,4.9,1,0,1
47,Female,Urban,Harare,Secondary,Informal,3,0,1,0,0,1,High,0.1,1,1,1
45,Female,Rural,Mashonaland Central,Tertiary,Informal,2,1,0,0,0,1,High,45.0,0,0,1
26,Male,Urban,Mashonaland East,Secondary,Unemployed,4,1,0,0,0,1,High,0.2,1,1,1
43,Male,Urban,Harare,Tertiary,Informal,4,0,1,0,0,1,High,2.5,1,0,0
64,Female,Urban,Harare,Tertiary,Formal,5,0,1,1,1,3,Low,0.7,0,1,0
41,Female,Urban,Harare,Secondary,Unemployed,4,1,1,1,0,3,Low,3.4,1,1,0
50,Female,Rural,Midlands,Secondary,Informal,2,1,0,0,0,1,High,38.6,1,0,1
47,Male,Rural,Masvingo,None,Unemployed,1,1,1,0,0,2,Medium,13.0,0,0,1
42,Male,Rural,Mashonaland West,Secondary,Informal,1,1,1,0,1,3,Low,36.1,1,0,1
40,Male,Urban,Matabeleland North,Secondary,Unemployed,4,1,1,0,0,2,Medium,1.7,1,1,0
45,Male,Rural,Mashonaland East,Secondary,Informal,1,1,0,0,1,2,Medium,26.9,1,1,1
48,Female,Urban,Mashonaland East,Primary,Informal,2,1,1,0,0,2,Medium,0.8,1,1,0
19,Male,Urban,Manicaland,Secondary,Unemployed,5,1,1,0,0,2,Medium,1.4,1,1,0
41,Female,Urban,Bulawayo,Tertiary,Informal,4,1,1,0,1,3,Low,0.3,1,1,0
35,Female,Rural,Matabeleland South,Primary,Unemployed,2,1,1,1,0,3,Low,10.9,0,0,1
32,Female,Rural,Midlands,Primary,Informal,1,0,0,0,0,0,High,25.1,0,1,1
56,Female,Urban,Harare,Secondary,Informal,2,1,1,0,1,3,Low,3.0,0,1,0
27,Female,Rural,Harare,Secondary,Informal,2,1,1,0,0,2,Medium,56.4,0,0,0
18,Male,Rural,Matabeleland South,Secondary,Informal,2,1,1,1,0,3,Low,1.0,0,0,0
49,Male,Rural,Mashonaland West,Tertiary,Informal,4,0,1,0,0,1,High,76.0,1,1,0
18,Male,Urban,Bulawayo,Secondary,Informal,4,1,1,1,1,4,Low,0.6,1,1,0
18,Female,Rural,Mashonaland Central,Primary,Informal,2,1,1,1,0,3,Low,7.7,1,1,1
50,Female,Rural,Midlands,None,Informal,1,1,1,0,0,2,Medium,25.6,1,0,1
40,Male,Rural,Matabeleland North,Primary,Unemployed,2,1,1,0,0,2,Medium,4.9,1,1,0
44,Male,Urban,Matabeleland South,Secondary,Unemployed,2,1,1,0,0,2,Medium,4.1,1,1,0
31,Male,Rural,Mashonaland West,Tertiary,Informal,1,1,1,0,0,2,Medium,3.6,0,1,1
18,Male,Urban,Midlands,Primary,Unemployed,3,1,1,0,0,2,Medium,0.3,1,1,0
21,Female,Rural,Masvingo,Primary,Unemployed,1,1,0,0,0,1,High,56.6,0,1,1
34,Male,Urban,Bulawayo,Secondary,Formal,4,1,1,1,1,4,Low,2.8,1,1,0
20,Female,Urban,Bulawayo,Secondary,Informal,1,1,1,0,1,3,Low,9.1,1,0,1
42,Female,Urban,Bulawayo,Secondary,Unemployed,4,1,1,0,0,2,Medium,9.5,1,0,0
31,Male,Urban,Bulawayo,Secondary,Informal,3,1,1,0,1,3,Low,2.5,1,1,0
40,Male,Urban,Harare,Secondary,Formal,5,1,1,1,1,4,Low,9.7,1,0,0
40,Female,Urban,Harare,Secondary,Informal,3,1,1,0,1,3,Low,6.5,1,1,0
43,Female,Urban,Manicaland,Secondary,Informal,3,1,0,0,0,1,High,0.9,1,1,0
44,Male,Urban,Harare,Tertiary,Informal,3,1,1,0,1,3,Low,19.4,1,1,0
33,Male,Rural,Matabeleland North,Primary,Formal,3,0,0,1,1,2,Medium,15.1,1,0,1
40,Female,Rural,Mashonaland East,Secondary,Informal,3,1,1,0,1,3,Low,29.4,1,0,0
41,Female,Rural,Mashonaland East,Tertiary,Unemployed,2,1,1,0,0,2,Medium,12.6,0,0,1
18,Female,Urban,Bulawayo,Secondary,Informal,3,1,1,0,0,2,Medium,3.7,1,1,0
47,Female,Urban,Harare,Secondary,Unemployed,4,1,1,0,0,2,Medium,1.9,0,0,0
40,Female,Rural,Midlands,Tertiary,Informal,3,1,1,1,1,4,Low,43.3,1,1,0
45,Male,Urban,Midlands,Secondary,Informal,2,0,1,0,0,1,High,15.3,1,1,0
19,Female,Urban,Bulawayo,Tertiary,Formal,5,1,1,1,0,3,Low,1.1,1,1,0
33,Male,Rural,Mashonaland West,None,Unemployed,1,1,0,1,0,2,Medium,9.3,1,1,1
22,Female,Rural,Manicaland,Secondary,Unemployed,1,1,1,0,0,2,Medium,59.3,0,1,0
48,Female,Urban,Mashonaland Central,Secondary,Formal,5,1,1,1,1,4,Low,4.9,1,1,0
18,Female,Rural,Mashonaland Central,Primary,Informal,2,1,1,0,0,2,Medium,29.4,1,1,1
24,Female,Urban,Matabeleland South,Tertiary,Unemployed,5,1,1,0,0,2,Medium,13.9,1,1,0
45,Female,Rural,Midlands,Secondary,Unemployed,2,1,1,1,0,3,Low,9.1,1,1,0
29,Female,Urban,Harare,Secondary,Informal,3,1,1,0,1,3,Low,8.8,1,1,0
25,Female,Urban,Bulawayo,None,Informal,2,1,1,1,1,4,Low,0.9,0,1,1
50,Female,Rural,Mashonaland West,None,Unemployed,1,1,1,0,0,2,Medium,45.1,1,0,1
51,Male,Urban,Bulawayo,Secondary,Informal,4,1,1,0,0,2,Medium,0.1,1,1,0
48,Male,Rural,Mashonaland Central,Secondary,Informal,1,1,1,0,0,2,Medium,44.8,0,1,0
49,Female,Urban,Manicaland,Secondary,Informal,3,1,1,0,1,3,Low,1.1,1,1,0
34,Female,Rural,Mashonaland Central,Tertiary,Formal,4,1,0,1,1,3,Low,4.6,0,1,0
35,Female,Rural,Midlands,Secondary,Unemployed,2,0,1,0,0,1,High,19.4,1,1,1
28,Female,Urban,Bulawayo,Tertiary,Unemployed,1,1,1,1,0,3,Low,1.9,1,1,0
40,Male,Rural,Masvingo,Secondary,Informal,2,1,0,0,1,2,Medium,61.9,1,0,0
30,Male,Urban,Matabeleland North,Secondary,Formal,4,1,1,1,1,4,Low,1.1,0,1,0
31,Female,Urban,Manicaland,Secondary,Formal,5,1,1,1,1,4,Low,5.1,1,1,0
46,Male,Urban,Bulawayo,Secondary,Formal,5,1,1,1,1,4,Low,2.8,1,1,0
54,Female,Rural,Mashonaland West,Primary,Unemployed,1,1,0,0,0,1,High,26.5,0,1,1
43,Female,Rural,Mashonaland West,Secondary,Unemployed,2,1,0,0,0,1,High,8.9,0,0,0
63,Female,Rural,Mashonaland East,Secondary,Informal,1,1,0,0,0,1,High,17.7,1,0,1
28,Male,Rural,Midlands,Primary,Informal,1,1,1,0,1,3,Low,15.8,0,0,1
18,Female,Rural,Mashonaland Central,Secondary,Informal,3,1,1,0,1,3,Low,9.2,0,0,0
48,Male,Urban,Harare,Secondary,Informal,5,1,1,1,1,4,Low,1.5,1,0,0
27,Male,Rural,Matabeleland South,Secondary,Informal,1,1,0,1,0,2,Medium,10.3,1,0,1
34,Male,Rural,Mashonaland East,Primary,Informal,1,1,1,0,1,3,Low,43.8,1,0,0
18,Male,Urban,Masvingo,Tertiary,Unemployed,4,1,1,0,0,2,Medium,0.7,1,1,0
25,Female,Rural,Mashonaland Central,Secondary,Informal,3,1,0,1,1,3,Low,2.1,0,0,0
18,Female,Urban,Harare,Secondary,Informal,4,1,1,0,0,2,Medium,6.6,0,1,1
31,Male,Urban,Bulawayo,Tertiary,Formal,5,1,1,1,1,4,Low,0.6,1,1,0
32,Female,Urban,Bulawayo,Tertiary,Formal,5,1,1,0,1,3,Low,4.6,1,1,0
39,Female,Urban,Matabeleland South,Tertiary,Unemployed,4,1,0,1,0,2,Medium,0.2,1,1,0
55,Female,Urban,Harare,Secondary,Informal,3,1,0,0,0,1,High,0.9,1,1,0
47,Female,Rural,Manicaland,Primary,Informal,1,1,1,0,0,2,Medium,20.6,0,1,0
18,Female,Rural,Mashonaland East,Secondary,Informal,2,1,0,1,1,3,Low,26.3,1,0,0
46,Male,Urban,Harare,Tertiary,Formal,4,0,0,1,1,2,Medium,8.0,1,1,1
39,Male,Urban,Bulawayo,Tertiary,Informal,3,1,1,0,1,3,Low,0.4,1,0,0
36,Female,Urban,Harare,Secondary,Formal,4,1,1,1,1,4,Low,1.7,1,1,0
37,Female,Urban,Bulawayo,Secondary,Formal,5,1,1,1,1,4,Low,2.4,1,1,0
40,Female,Rural,Midlands,Primary,Informal,1,1,0,0,0,1,High,46.1,0,1,1
28,Male,Urban,Harare,Primary,Formal,3,1,1,1,1,4,Low,0.6,1,1,0
35,Male,Rural,Matabeleland North,Primary,Informal,2,1,1,0,1,3,Low,3.6,0,1,1
54,Female,Rural,Mashonaland Central,None,Informal,1,0,1,0,0,1,High,2.5,0,1,1
28,Male,Rural,Matabeleland South,Secondary,Informal,1,0,0,0,0,0,High,17.1,1,0,1
23,Female,Rural,Mashonaland Central,Primary,Unemployed,1,1,1,0,0,2,Medium,12.1,1,0,0
37,Female,Urban,Bulawayo,Secondary,Unemployed,4,1,1,1,0,3,Low,2.4,1,1,0
22,Male,Rural,Mashonaland East,Secondary,Informal,2,0,1,0,1,2,Medium,91.9,1,0,1
18,Male,Rural,Manicaland,Primary,Informal,1,1,0,0,1,2,Medium,1.0,1,0,1
33,Male,Rural,Mashonaland East,Secondary,Unemployed,1,1,1,0,0,2,Medium,9.2,1,1,0
58,Male,Rural,Mashonaland Central,Primary,Informal,4,0,0,0,1,1,High,10.1,1,1,0
37,Female,Rural,Midlands,None,Informal,3,0,0,0,0,0,High,26.6,1,1,1
40,Female,Rural,Mashonaland Central,Tertiary,Formal,5,1,1,1,1,4,Low,61.8,0,1,1
18,Male,Urban,Midlands,None,Informal,2,1,1,0,1,3,Low,3.4,1,1,0
44,Female,Rural,Mashonaland West,Primary,Informal,1,1,1,0,1,3,Low,50.2,1,0,1
39,Male,Rural,Mashonaland Central,Secondary,Informal,2,1,1,1,0,3,Low,21.4,0,0,0
28,Male,Urban,Harare,Secondary,Informal,3,1,1,1,1,4,Low,1.4,1,1,0
40,Female,Rural,Mashonaland Central,Primary,Informal,1,1,0,0,1,2,Medium,10.3,0,0,1
40,Female,Urban,Mashonaland West,Tertiary,Formal,5,1,1,1,1,4,Low,0.2,1,1,0
23,Female,Rural,Manicaland,Secondary,Informal,2,1,0,0,0,1,High,19.9,1,0,1
42,Male,Urban,Masvingo,Secondary,Unemployed,2,1,1,1,0,3,Low,3.1,1,1,0
54,Female,Urban,Harare,Tertiary,Informal,5,1,0,0,1,2,Medium,6.1,1,0,0
34,Male,Rural,Mashonaland East,None,Informal,1,0,0,0,1,1,High,7.5,1,0,0
25,Female,Urban,Harare,Secondary,Informal,1,1,1,0,0,2,Medium,0.1,1,0,0
35,Female,Urban,Bulawayo,Secondary,Formal,4,1,0,1,1,3,Low,0.3,1,1,0
49,Female,Urban,Bulawayo,Primary,Unemployed,2,1,1,0,0,2,Medium,5.3,1,1,0
20,Male,Urban,Matabeleland South,Tertiary,Informal,4,1,1,1,0,3,Low,1.6,1,1,0
46,Male,Rural,Mashonaland East,Secondary,Informal,2,0,0,0,0,0,High,82.7,1,1,0
28,Female,Rural,Manicaland,Primary,Informal,3,1,1,1,0,3,Low,6.1,0,0,1
41,Male,Urban,Mashonaland Central,Secondary,Informal,3,1,1,0,1,3,Low,5.4,0,1,0
30,Female,Rural,Masvingo,Primary,Informal,1,0,0,1,1,2,Medium,19.1,1,0,1
30,Female,Urban,Mashonaland West,Secondary,Informal,4,1,1,0,1,3,Low,1.8,1,0,0
59,Female,Rural,Mashonaland West,Primary,Informal,2,1,1,0,1,3,Low,27.0,1,0,1
18,Male,Urban,Manicaland,Tertiary,Informal,4,1,1,0,1,3,Low,4.5,1,0,0
44,Female,Urban,Harare,Secondary,Informal,4,0,1,0,1,2,Medium,5.5,1,1,1
62,Male,Urban,Midlands,Secondary,Informal,3,1,1,0,0,2,Medium,1.9,1,0,0
47,Male,Rural,Mashonaland Central,Tertiary,Informal,1,1,0,0,0,1,High,1.3,0,1,0
19,Female,Urban,Mashonaland West,Tertiary,Informal,5,1,0,1,1,3,Low,0.7,0,1,1
20,Male,Urban,Harare,Secondary,Informal,3,1,1,0,1,3,Low,4.5,1,1,0
27,Female,Rural,Matabeleland South,Secondary,Informal,2,1,1,0,0,2,Medium,7.5,0,0,1
40,Female,Rural,Midlands,Secondary,Informal,1,1,1,0,0,2,Medium,8.1,1,1,1
41,Female,Urban,Masvingo,Secondary,Formal,5,0,1,0,1,2,Medium,2.1,1,1,0
20,Female,Rural,Mashonaland West,Secondary,Informal,1,1,1,0,0,2,Medium,32.4,1,1,0
25,Female,Rural,Mashonaland West,Secondary,Informal,4,0,1,0,1,2,Medium,19.3,0,0,1
26,Male,Urban,Mashonaland West,Tertiary,Formal,5,1,1,1,1,4,Low,4.9,1,1,0
35,Female,Rural,Masvingo,Secondary,Formal,4,1,1,1,1,4,Low,40.8,1,1,0
65,Male,Urban,Bulawayo,Secondary,Informal,4,1,1,0,0,2,Medium,4.4,1,1,0
24,Female,Rural,Mashonaland Central,Secondary,Formal,4,1,1,1,1,4,Low,3.1,1,1,0
24,Female,Urban,Harare,Tertiary,Formal,5,1,1,1,1,4,Low,3.2,0,1,0
22,Female,Rural,Mashonaland East,Secondary,Informal,2,1,0,0,0,1,High,37.9,1,0,1
46,Male,Urban,Bulawayo,Secondary,Informal,4,1,1,0,0,2,Medium,0.4,1,1,0
37,Male,Urban,Harare,Secondary,Unemployed,4,1,1,1,0,3,Low,9.3,1,1,0
25,Male,Rural,Mashonaland West,Secondary,Unemployed,1,1,0,0,0,1,High,8.4,1,0,1
32,Male,Urban,Mashonaland West,Tertiary,Unemployed,5,1,1,0,0,2,Medium,4.3,1,1,1
26,Male,Rural,Masvingo,Primary,Unemployed,1,1,0,0,0,1,High,24.7,0,0,0
42,Male,Rural,Midlands,Secondary,Formal,3,1,1,1,1,4,Low,13.8,0,1,1
75,Male,Rural,Mashonaland Central,Secondary,Informal,2,0,0,0,1,1,High,6.7,1,0,1
45,Female,Urban,Harare,Primary,Informal,3,1,1,0,1,3,Low,3.1,1,1,0
36,Male,Rural,Mashonaland West,Secondary,Formal,2,1,1,1,1,4,Low,64.7,1,1,0
28,Female,Urban,Harare,None,Unemployed,1,1,0,0,0,1,High,1.1,1,1,0
19,Male,Urban,Bulawayo,Tertiary,Unemployed,1,1,1,0,0,2,Medium,0.5,0,1,1
48,Female,Rural,Manicaland,Secondary,Informal,1,1,1,0,1,3,Low,1.0,1,1,0
47,Male,Rural,Masvingo,None,Unemployed,1,1,1,0,0,2,Medium,18.4,1,0,0
31,Female,Urban,Harare,Secondary,Informal,4,1,1,1,1,4,Low,2.1,1,0,0
54,Female,Urban,Bulawayo,Tertiary,Informal,3,1,1,0,1,3,Low,0.2,1,1,0
38,Female,Rural,Matabeleland South,Primary,Informal,1,1,0,0,0,1,High,12.7,0,0,1
48,Male,Rural,Harare,Tertiary,Unemployed,3,1,1,0,0,2,Medium,37.7,0,0,0
42,Female,Urban,Bulawayo,Secondary,Informal,5,1,1,0,1,3,Low,5.3,1,1,0
35,Male,Rural,Mashonaland West,None,Informal,1,1,1,0,0,2,Medium,24.9,0,0,0
24,Male,Urban,Manicaland,Secondary,Formal,5,1,1,0,1,3,Low,3.8,1,1,0
35,Male,Urban,Harare,Secondary,Informal,4,1,1,0,0,2,Medium,4.8,1,0,0
49,Female,Rural,Mashonaland West,Secondary,Unemployed,1,1,1,0,0,2,Medium,49.4,1,1,0
30,Male,Rural,Matabeleland South,Secondary,Informal,1,1,1,1,0,3,Low,1.0,0,0,0
44,Female,Urban,Bulawayo,Secondary,Unemployed,1,1,1,0,0,2,Medium,3.6,1,1,0
22,Male,Urban,Mashonaland Central,Secondary,Formal,5,1,1,1,1,4,Low,2.9,1,0,0
48,Male,Urban,Harare,Secondary,Unemployed,2,1,1,0,0,2,Medium,0.3,1,0,0
42,Male,Rural,Midlands,Secondary,Informal,2,0,0,0,1,1,High,1.7,1,0,1
21,Male,Urban,Harare,Secondary,Informal,5,1,1,1,1,4,Low,0.1,1,1,0
34,Female,Urban,Harare,Tertiary,Unemployed,5,1,1,0,0,2,Medium,6.6,1,1,0
51,Female,Rural,Masvingo,Secondary,Unemployed,1,1,1,0,0,2,Medium,9.0,0,1,0
20,Female,Urban,Bulawayo,Secondary,Formal,4,1,1,1,1,4,Low,1.4,0,1,0
23,Male,Rural,Masvingo,Secondary,Unemployed,3,1,1,0,0,2,Medium,6.7,1,1,0
37,Male,Urban,Harare,Secondary,Informal,2,1,1,0,1,3,Low,3.1,1,0,0
67,Female,Rural,Mashonaland Central,Primary,Formal,4,1,1,0,1,3,Low,78.1,1,1,0
28,Male,Urban,Mashonaland Central,Secondary,Informal,5,0,1,0,1,2,Medium,2.7,1,1,0
44,Male,Urban,Harare,Secondary,Informal,4,1,1,1,0,3,Low,1.6,1,1,0
41,Female,Urban,Manicaland,Primary,Informal,4,1,1,0,1,3,Low,0.4,1,1,0
29,Male,Rural,Matabeleland North,Secondary,Informal,3,1,1,0,0,2,Medium,53.0,0,1,0
40,Male,Rural,Manicaland,Secondary,Formal,3,1,1,1,1,4,Low,1.0,1,1,0
31,Male,Urban,Manicaland,Secondary,Formal,5,1,0,1,1,3,Low,0.1,1,1,0
32,Female,Urban,Masvingo,Tertiary,Informal,3,1,1,0,1,3,Low,1.0,0,0,0
18,Male,Rural,Matabeleland South,Tertiary,Formal,5,1,1,1,1,4,Low,31.5,1,1,0
37,Female,Urban,Harare,Tertiary,Informal,3,0,1,0,1,2,Medium,5.1,1,1,1
50,Male,Urban,Bulawayo,None,Informal,3,1,0,0,1,2,Medium,1.6,1,1,0
38,Male,Rural,Midlands,Primary,Informal,3,1,1,0,1,3,Low,8.7,1,0,0
53,Male,Urban,Bulawayo,Secondary,Formal,5,1,1,0,1,3,Low,3.9,1,1,0
46,Female,Urban,Harare,Tertiary,Formal,5,1,1,1,1,4,Low,1.6,1,0,0
37,Male,Urban,Harare,Secondary,Unemployed,3,1,1,1,0,3,Low,3.8,1,1,0
29,Female,Urban,Bulawayo,Secondary,Unemployed,2,0,1,0,0,1,High,1.3,1,1,1
31,Male,Urban,Mashonaland Central,Tertiary,Formal,5,1,1,1,1,4,Low,2.5,1,1,0
18,Male,Rural,Midlands,Tertiary,Formal,4,0,0,1,1,2,Medium,26.0,1,0,1
34,Male,Rural,Midlands,Secondary,Informal,1,0,1,0,1,2,Medium,4.8,1,1,1
40,Female,Urban,Harare,Tertiary,Formal,5,1,1,1,1,4,Low,0.9,1,1,0
62,Male,Rural,Masvingo,Secondary,Informal,3,1,0,1,1,3,Low,3.1,1,0,1
45,Female,Urban,Harare,Secondary,Informal,3,1,1,0,0,2,Medium,8.0,0,1,1
25,Female,Rural,Manicaland,Secondary,Informal,1,1,0,0,0,1,High,26.0,1,0,1
18,Female,Urban,Harare,Primary,Informal,4,1,1,1,1,4,Low,0.5,1,1,0
35,Female,Rural,Midlands,Primary,Unemployed,1,0,1,0,0,1,High,13.1,0,0,1
49,Female,Urban,Harare,Tertiary,Informal,5,1,1,0,1,3,Low,6.6,1,1,0
34,Female,Urban,Bulawayo,Secondary,Formal,5,1,1,1,1,4,Low,2.2,1,1,0
45,Male,Urban,Harare,Secondary,Unemployed,3,1,1,0,0,2,Medium,1.9,1,1,0
35,Female,Urban,Harare,Tertiary,Formal,5,1,1,1,1,4,Low,2.5,1,1,0
48,Female,Urban,Bulawayo,Secondary,Formal,5,1,1,1,1,4,Low,2.7,1,1,0
18,Male,Rural,Harare,Primary,Informal,5,0,1,0,1,2,Medium,37.0,0,1,1
60,Female,Rural,Mashonaland East,None,Informal,1,1,1,0,0,2,Medium,74.7,0,1,1
22,Female,Urban,Bulawayo,Secondary,Informal,4,1,1,0,1,3,Low,5.4,0,1,0
49,Male,Rural,Matabeleland South,Primary,Informal,2,1,1,1,0,3,Low,19.9,0,1,1
34,Female,Rural,Matabeleland North,None,Formal,4,1,1,1,1,4,Low,31.8,1,1,1
36,Male,Rural,Midlands,Secondary,Informal,1,1,1,1,0,3,Low,1.0,1,1,1
34,Male,Rural,Mashonaland East,Primary,Informal,3,1,0,1,0,2,Medium,4.8,0,1,1
41,Male,Rural,Manicaland,Secondary,Informal,2,1,0,0,0,1,High,13.1,0,0,1
44,Female,Urban,Harare,Primary,Informal,3,1,0,0,0,1,High,0.3,1,1,1
52,Male,Rural,Midlands,Secondary,Informal,3,1,0,0,0,1,High,1.8,1,0,0
57,Female,Rural,Mashonaland Central,Secondary,Informal,2,0,0,0,1,1,High,91.9,0,0,1
42,Male,Urban,Harare,Secondary,Informal,2,1,1,0,1,3,Low,2.0,1,1,0
61,Male,Urban,Matabeleland South,Secondary,Informal,1,1,1,0,1,3,Low,5.6,0,1,1
39,Female,Urban,Matabeleland South,Secondary,Informal,5,1,1,0,0,2,Medium,7.6,1,1,0
53,Male,Rural,Manicaland,None,Informal,1,1,1,0,0,2,Medium,7.5,1,0,1
44,Female,Urban,Mashonaland Central,Primary,Informal,2,1,1,1,1,4,Low,1.0,1,0,0
30,Male,Rural,Mashonaland West,Secondary,Informal,1,1,0,1,0,2,Medium,1.0,1,0,1
40,Female,Rural,Mashonaland West,Primary,Informal,3,1,0,0,1,2,Medium,8.7,1,0,1
45,Female,Rural,Mashonaland West,Primary,Informal,1,1,1,0,0,2,Medium,1.4,0,1,1
37,Male,Urban,Midlands,Secondary,Informal,4,1,1,0,1,3,Low,5.7,1,1,0
43,Male,Rural,Mashonaland Central,Secondary,Unemployed,1,1,0,1,0,2,Medium,34.5,1,0,0
50,Male,Rural,Matabeleland South,Secondary,Informal,1,1,1,0,1,3,Low,11.9,0,0,1
37,Female,Urban,Harare,Secondary,Formal,5,1,1,1,1,4,Low,1.2,1,1,0
18,Female,Rural,Masvingo,Secondary,Unemployed,3,0,1,0,0,1,High,22.0,1,0,1
61,Male,Urban,Bulawayo,Secondary,Formal,4,1,1,1,1,4,Low,1.4,1,1,0
33,Male,Rural,Matabeleland South,Primary,Informal,1,1,1,0,1,3,Low,2.3,1,0,0
26,Female,Urban,Matabeleland North,Secondary,Formal,5,0,1,1,1,3,Low,9.9,1,1,0
22,Male,Urban,Mashonaland Central,Secondary,Informal,4,1,1,1,0,3,Low,1.0,0,1,0
33,Female,Urban,Manicaland,Secondary,Informal,5,1,1,1,1,4,Low,3.3,1,1,0
30,Female,Urban,Harare,Primary,Unemployed,2,1,1,0,0,2,Medium,6.6,1,0,1
27,Male,Urban,Midlands,Tertiary,Informal,4,1,1,0,1,3,Low,2.5,1,1,1
28,Female,Rural,Mashonaland West,Secondary,Informal,2,0,1,1,0,2,Medium,16.8,0,1,1
45,Male,Urban,Harare,Primary,Informal,2,0,1,0,1,2,Medium,1.0,1,0,1
66,Male,Urban,Bulawayo,Tertiary,Unemployed,2,1,1,0,0,2,Medium,8.2,1,0,1
49,Female,Rural,Mashonaland West,Primary,Formal,4,1,1,1,1,4,Low,9.1,0,1,1
53,Female,Rural,Masvingo,None,Informal,1,1,0,0,1,2,Medium,2.3,0,0,1
32,Female,Urban,Harare,Secondary,Formal,5,1,0,1,1,3,Low,4.7,1,1,0
39,Female,Rural,Mashonaland Central,Tertiary,Informal,2,0,0,1,0,1,High,34.0,0,0,1
43,Male,Urban,Matabeleland North,Secondary,Informal,3,1,1,0,0,2,Medium,0.7,1,1,0
28,Female,Rural,Midlands,Secondary,Unemployed,2,1,0,1,0,2,Medium,20.5,0,1,1
32,Female,Urban,Bulawayo,Secondary,Unemployed,3,1,0,1,0,2,Medium,1.8,1,1,1
49,Male,Rural,Midlands,Secondary,Informal,2,0,0,0,1,1,High,49.7,0,1,1
53,Male,Rural,Mashonaland West,Primary,Formal,4,1,1,1,1,4,Low,22.0,1,0,0
38,Female,Rural,Mashonaland East,None,Informal,1,1,1,0,1,3,Low,9.6,1,0,0
21,Female,Rural,Midlands,Secondary,Informal,3,1,1,0,1,3,Low,6.6,1,1,0
33,Male,Rural,Masvingo,Primary,Informal,2,1,0,0,0,1,High,30.8,0,0,1
18,Female,Urban,Mashonaland Central,Secondary,Informal,4,0,1,0,0,1,High,13.3,1,0,0
39,Male,Rural,Mashonaland West,None,Informal,1,1,1,0,0,2,Medium,47.5,1,0,1
41,Male,Rural,Mashonaland West,Secondary,Informal,3,1,0,1,0,2,Medium,26.4,1,1,1
34,Male,Rural,Manicaland,Secondary,Informal,2,1,0,0,1,2,Medium,11.8,1,0,0
41,Female,Urban,Midlands,Secondary,Formal,5,1,1,1,1,4,Low,1.1,1,1,1
43,Male,Urban,Harare,Secondary,Informal,2,1,1,0,0,2,Medium,0.1,1,1,0
41,Male,Rural,Mashonaland West,Primary,Informal,4,1,1,0,0,2,Medium,1.9,0,0,0
21,Male,Urban,Harare,Secondary,Formal,3,1,1,1,1,4,Low,2.1,1,1,0
34,Female,Urban,Bulawayo,Primary,Informal,4,1,1,1,0,3,Low,0.1,1,1,0
43,Female,Urban,Harare,Secondary,Formal,5,1,1,1,1,4,Low,3.4,1,1,0
60,Male,Rural,Matabeleland South,None,Informal,1,0,1,0,1,2,Medium,35.5,0,1,1
34,Female,Urban,Bulawayo,None,Unemployed,4,1,1,0,0,2,Medium,8.5,0,1,0
45,Male,Urban,Harare,Primary,Informal,3,1,0,0,1,2,Medium,3.7,0,1,1
50,Male,Urban,Harare,Secondary,Formal,3,1,1,1,1,4,Low,7.8,1,1,0
35,Female,Rural,Mashonaland Central,Secondary,Informal,1,1,1,0,0,2,Medium,8.9,1,1,0
54,Female,Rural,Matabeleland North,Secondary,Formal,4,1,1,1,0,3,Low,14.6,1,0,0
54,Male,Urban,Mashonaland West,Secondary,Unemployed,4,1,1,1,0,3,Low,2.5,0,1,0
57,Female,Urban,Harare,Secondary,Informal,3,1,1,0,1,3,Low,0.5,1,0,0
44,Male,Rural,Masvingo,Secondary,Informal,1,1,1,1,0,3,Low,4.0,0,0,0
71,Female,Urban,Harare,Secondary,Informal,5,1,1,0,0,2,Medium,3.4,1,0,0
29,Female,Rural,Midlands,Secondary,Informal,2,1,1,0,0,2,Medium,2.5,1,1,0
67,Female,Urban,Midlands,Tertiary,Formal,4,1,1,1,1,4,Low,3.1,1,1,0
48,Male,Rural,Matabeleland South,Secondary,Informal,2,1,0,0,1,2,Medium,40.3,1,1,1
56,Female,Urban,Harare,Tertiary,Informal,4,1,1,1,1,4,Low,2.0,1,1,0
33,Female,Rural,Mashonaland West,Secondary,Informal,2,1,1,0,1,3,Low,13.5,0,0,1
49,Male,Urban,Midlands,Secondary,Formal,4,1,1,1,1,4,Low,2.2,1,1,0
57,Male,Rural,Mashonaland Central,Secondary,Unemployed,1,1,1,0,0,2,Medium,12.7,1,0,0
22,Female,Rural,Matabeleland North,Secondary,Formal,4,1,1,1,1,4,Low,5.2,1,0,0
35,Male,Rural,Midlands,Primary,Informal,2,0,1,1,1,3,Low,16.3,1,0,0
18,Female,Urban,Mashonaland Central,Secondary,Formal,5,1,1,1,1,4,Low,5.9,1,1,0
35,Male,Urban,Bulawayo,Tertiary,Formal,4,1,1,1,1,4,Low,2.0,1,1,0
26,Female,Rural,Mashonaland West,Secondary,Informal,2,1,0,0,1,2,Medium,13.7,1,0,1
34,Male,Rural,Midlands,None,Unemployed,1,1,1,0,0,2,Medium,2.0,0,1,0
78,Female,Urban,Harare,Secondary,Formal,5,1,1,1,1,4,Low,1.6,1,1,0
62,Female,Urban,Matabeleland North,Secondary,Formal,5,1,1,1,1,4,Low,1.9,1,1,0
18,Male,Urban,Harare,Secondary,Formal,5,1,1,1,1,4,Low,0.4,1,1,0
45,Female,Rural,Matabeleland South,Secondary,Formal,5,1,1,1,1,4,Low,24.4,1,0,1
49,Female,Rural,Midlands,Secondary,Informal,2,1,1,0,0,2,Medium,4.9,1,1,0
33,Male,Rural,Masvingo,Secondary,Informal,2,1,0,0,1,2,Medium,16.5,1,1,0
40,Male,Rural,Mashonaland East,None,Informal,2,0,1,0,0,1,High,57.5,1,1,1
41,Female,Urban,Harare,Secondary,Formal,5,1,1,1,1,4,Low,9.7,1,1,0
19,Female,Urban,Mashonaland East,None,Formal,4,1,1,1,1,4,Low,0.1,1,1,1
23,Male,Urban,Bulawayo,Secondary,Informal,2,1,1,0,0,2,Medium,3.7,1,0,0
40,Female,Rural,Mashonaland Central,Secondary,Unemployed,2,1,1,0,0,2,Medium,23.8,1,0,0
39,Male,Urban,Masvingo,Primary,Formal,4,1,1,1,1,4,Low,8.8,1,1,0
28,Male,Urban,Matabeleland North,Tertiary,Informal,2,1,1,0,0,2,Medium,2.6,1,0,0
26,Female,Urban,Masvingo,Secondary,Informal,3,1,1,0,1,3,Low,3.6,1,0,0
36,Male,Urban,Bulawayo,Secondary,Informal,4,1,1,0,1,3,Low,1.5,1,1,0
50,Male,Rural,Midlands,Primary,Informal,3,1,1,0,1,3,Low,55.5,1,1,1
36,Female,Urban,Masvingo,Primary,Informal,2,0,1,0,1,2,Medium,1.0,1,1,0
60,Male,Urban,Harare,None,Unemployed,2,1,1,0,0,2,Medium,0.5,1,0,0
28,Male,Rural,Midlands,Tertiary,Formal,4,1,1,1,1,4,Low,16.0,0,0,0
40,Female,Urban,Bulawayo,Secondary,Informal,3,1,1,1,1,4,Low,3.4,1,1,0
33,Female,Urban,Matabeleland North,Tertiary,Informal,3,1,1,0,1,3,Low,2.0,1,1,0
46,Female,Urban,Mashonaland Central,Secondary,Unemployed,3,1,1,0,0,2,Medium,9.8,1,1,0
27,Female,Rural,Matabeleland North,Tertiary,Informal,1,0,0,0,1,1,High,6.7,1,0,1
64,Male,Urban,Harare,Tertiary,Unemployed,3,1,0,0,0,1,High,1.2,1,1,0
18,Male,Rural,Bulawayo,None,Informal,1,1,0,0,0,1,High,3.5,1,0,0
62,Female,Rural,Mashonaland East,Primary,Informal,2,1,1,0,1,3,Low,12.6,1,0,1
39,Male,Rural,Matabeleland North,Primary,Unemployed,1,1,0,0,0,1,High,4.2,0,1,1
45,Male,Urban,Masvingo,Secondary,Informal,3,1,1,0,0,2,Medium,3.4,1,1,1
56,Female,Rural,Harare,Secondary,Informal,1,0,1,0,1,2,Medium,8.1,1,0,1
50,Female,Urban,Harare,Secondary,Informal,3,1,1,0,1,3,Low,6.6,1,0,0
27,Female,Urban,Bulawayo,Tertiary,Formal,5,0,1,1,1,3,Low,3.1,1,1,1
46,Male,Urban,Harare,None,Unemployed,2,1,1,0,0,2,Medium,2.1,1,1,1
64,Male,Urban,Harare,Tertiary,Informal,5,1,1,0,1,3,Low,0.3,1,1,0
25,Female,Urban,Harare,Secondary,Informal,3,1,1,0,0,2,Medium,0.4,1,0,0
67,Female,Urban,Bulawayo,None,Formal,5,1,1,0,1,3,Low,2.3,1,1,0
43,Male,Urban,Bulawayo,Tertiary,Formal,5,1,1,1,1,4,Low,2.9,1,1,0
31,Male,Urban,Mashonaland West,Secondary,Formal,5,1,1,1,1,4,Low,2.8,1,1,1
25,Male,Rural,Mashonaland East,Secondary,Informal,1,1,0,0,0,1,High,12.6,1,0,0
34,Female,Rural,Manicaland,Secondary,Informal,2,0,1,0,1,2,Medium,2.6,1,0,1
18,Female,Urban,Mashonaland East,Primary,Unemployed,2,1,1,0,0,2,Medium,4.1,0,1,0
32,Male,Rural,Midlands,Primary,Informal,1,1,1,1,1,4,Low,6.6,1,0,0
34,Male,Urban,Harare,Primary,Informal,3,1,1,0,0,2,Medium,6.5,0,1,0
22,Male,Urban,Masvingo,Primary,Unemployed,1,1,1,0,0,2,Medium,0.7,1,1,0
48,Male,Urban,Mashonaland Central,Tertiary,Unemployed,3,1,0,0,0,1,High,2.9,1,1,1
34,Female,Urban,Matabeleland North,Tertiary,Informal,3,1,1,1,0,3,Low,6.4,0,1,0
29,Male,Urban,Harare,Secondary,Formal,5,1,1,1,1,4,Low,4.9,1,1,0
33,Female,Urban,Harare,Secondary,Informal,3,1,1,0,1,3,Low,1.2,1,1,0
42,Female,Urban,Harare,Tertiary,Formal,5,1,1,0,1,3,Low,1.1,1,1,0
39,Female,Urban,Mashonaland Central,Secondary,Formal,5,0,1,0,1,2,Medium,3.0,1,1,1
28,Female,Urban,Masvingo,None,Informal,2,1,1,1,1,4,Low,2.4,0,1,0
39,Male,Urban,Bulawayo,Tertiary,Informal,4,1,1,0,0,2,Medium,1.0,1,1,0
37,Male,Urban,Harare,Tertiary,Formal,5,0,1,1,1,3,Low,18.4,1,1,0
22,Male,Urban,Harare,Secondary,Unemployed,2,1,1,0,0,2,Medium,0.2,1,0,0
33,Female,Urban,Bulawayo,Secondary,Unemployed,5,0,1,0,0,1,High,0.1,1,0,0
46,Male,Urban,Matabeleland North,Secondary,Informal,3,0,1,0,1,2,Medium,3.6,1,1,1
46,Male,Urban,Harare,Secondary,Formal,3,1,1,0,1,3,Low,4.2,1,1,0
34,Male,Urban,Bulawayo,Secondary,Formal,5,1,1,1,1,4,Low,3.3,1,1,0
47,Male,Rural,Masvingo,Primary,Informal,1,0,0,0,1,1,High,45.6,1,0,1
24,Female,Urban,Masvingo,Tertiary,Informal,4,1,1,0,1,3,Low,2.6,0,1,0
24,Female,Urban,Mashonaland West,Secondary,Informal,3,1,1,0,1,3,Low,9.9,1,0,0
34,Female,Urban,Harare,Tertiary,Formal,5,1,1,1,1,4,Low,7.6,1,1,0
58,Female,Rural,Matabeleland North,Secondary,Informal,2,1,1,0,1,3,Low,2.6,0,0,0
40,Male,Rural,Midlands,Secondary,Informal,2,1,0,0,1,2,Medium,4.3,1,0,0
34,Male,Rural,Midlands,Primary,Informal,3,0,1,0,0,1,High,32.4,1,1,1
59,Male,Rural,Masvingo,Primary,Informal,1,1,1,0,0,2,Medium,25.6,0,0,1
33,Female,Urban,Harare,Tertiary,Formal,4,1,1,0,1,3,Low,1.0,1,1,0
69,Female,Rural,Masvingo,Secondary,Informal,1,1,1,1,1,4,Low,24.5,1,1,0
30,Male,Urban,Bulawayo,Secondary,Unemployed,1,1,1,0,0,2,Medium,3.8,1,1,0
23,Female,Rural,Mashonaland East,Tertiary,Informal,2,0,0,0,1,1,High,1.0,1,0,1
35,Male,Urban,Midlands,Tertiary,Formal,5,1,1,1,1,4,Low,4.7,1,1,0
34,Male,Urban,Harare,Primary,Informal,4,1,1,1,1,4,Low,0.4,1,1,0
26,Female,Rural,Midlands,Primary,Unemployed,1,1,1,0,0,2,Medium,7.5,1,0,0
74,Female,Urban,Harare,Secondary,Formal,5,1,1,1,1,4,Low,3.1,1,1,0
42,Female,Rural,Harare,None,Informal,1,1,1,0,1,3,Low,46.1,1,0,0
44,Female,Urban,Bulawayo,Tertiary,Informal,3,1,1,0,1,3,Low,1.0,1,1,0
31,Male,Rural,Masvingo,Secondary,Informal,3,1,1,0,1,3,Low,13.5,0,0,1
29,Female,Rural,Midlands,None,Unemployed,2,1,0,0,0,1,High,16.3,1,0,1
52,Female,Urban,Bulawayo,Secondary,Informal,2,0,1,0,1,2,Medium,9.6,1,1,1
18,Female,Rural,Manicaland,Primary,Informal,3,0,0,0,0,0,High,9.5,1,0,1
21,Male,Rural,Midlands,Secondary,Unemployed,1,1,0,0,0,1,High,10.2,1,0,1
34,Female,Rural,Masvingo,Primary,Informal,1,1,1,0,1,3,Low,14.1,1,0,0
56,Male,Urban,Harare,Tertiary,Informal,4,1,1,1,0,3,Low,0.3,1,1,0
32,Male,Urban,Masvingo,Tertiary,Formal,5,0,1,1,1,3,Low,0.6,1,1,1
43,Female,Rural,Manicaland,Tertiary,Informal,2,0,1,0,1,2,Medium,4.1,0,0,1
38,Female,Urban,Harare,Secondary,Unemployed,3,1,1,0,0,2,Medium,2.3,0,1,0
56,Female,Urban,Bulawayo,Secondary,Formal,5,1,1,1,1,4,Low,1.7,1,1,0
18,Female,Urban,Bulawayo,Tertiary,Formal,5,1,1,1,1,4,Low,2.2,1,1,0
48,Male,Rural,Masvingo,Primary,Unemployed,1,1,1,0,0,2,Medium,49.2,1,1,0
35,Female,Urban,Matabeleland North,Secondary,Formal,5,1,1,1,1,4,Low,4.4,1,1,0
50,Male,Rural,Mashonaland Central,Tertiary,Formal,3,1,1,1,1,4,Low,20.1,1,1,0
26,Female,Rural,Midlands,Secondary,Informal,1,0,0,0,1,1,High,28.6,0,1,1
38,Male,Urban,Harare,Tertiary,Informal,5,1,1,0,1,3,Low,0.8,1,1,0
36,Female,Urban,Harare,Secondary,Informal,4,1,1,0,1,3,Low,2.6,1,1,0
23,Female,Rural,Mashonaland Central,Secondary,Informal,3,1,1,0,1,3,Low,8.7,0,1,1
20,Female,Urban,Harare,Secondary,Formal,4,1,1,1,1,4,Low,2.9,1,1,0
29,Male,Rural,Mashonaland West,Secondary,Informal,2,1,1,0,1,3,Low,35.1,1,0,0
39,Male,Rural,Midlands,Primary,Informal,1,0,0,0,0,0,High,27.6,0,1,1
27,Male,Rural,Matabeleland South,Secondary,Informal,4,1,1,0,1,3,Low,8.9,0,0,0
33,Male,Urban,Mashonaland Central,Secondary,Informal,4,1,1,0,0,2,Medium,1.7,1,1,0
18,Female,Rural,Harare,Secondary,Informal,2,1,1,0,0,2,Medium,34.1,1,1,0
32,Male,Rural,Midlands,Secondary,Formal,4,1,0,1,1,3,Low,6.7,1,0,0
52,Female,Urban,Harare,Tertiary,Formal,5,0,1,1,0,2,Medium,0.1,0,1,1
47,Male,Rural,Matabeleland North,Primary,Unemployed,2,1,1,0,0,2,Medium,2.0,0,1,0
36,Male,Rural,Matabeleland North,Secondary,Unemployed,1,1,1,0,0,2,Medium,1.0,0,0,1
41,Female,Rural,Mashonaland Central,Secondary,Informal,3,1,1,0,1,3,Low,5.8,1,1,1
26,Male,Urban,Bulawayo,Secondary,Unemployed,2,1,1,0,0,2,Medium,2.0,1,1,1
60,Male,Urban,Matabeleland North,Primary,Informal,3,1,1,1,0,3,Low,1.4,1,1,0
66,Male,Urban,Harare,Secondary,Unemployed,2,1,1,0,0,2,Medium,2.5,1,1,0
40,Male,Urban,Manicaland,Tertiary,Unemployed,3,1,1,1,0,3,Low,0.6,1,1,0
74,Female,Urban,Matabeleland South,Tertiary,Informal,5,1,1,0,0,2,Medium,1.1,1,1,0
28,Male,Rural,Mashonaland East,Primary,Informal,1,1,0,0,0,1,High,26.0,1,1,1
20,Male,Urban,Harare,Secondary,Formal,5,1,1,0,1,3,Low,6.0,1,1,1
28,Female,Rural,Mashonaland West,Primary,Informal,1,0,1,1,1,3,Low,53.6,1,0,1
34,Female,Urban,Mashonaland East,Tertiary,Formal,5,1,1,1,1,4,Low,0.1,1,1,0
70,Female,Urban,Harare,Tertiary,Informal,3,1,1,0,0,2,Medium,0.3,1,1,0
34,Male,Urban,Bulawayo,Tertiary,Formal,5,1,1,1,1,4,Low,0.3,1,1,0
25,Female,Urban,Harare,Secondary,Informal,3,1,0,0,1,2,Medium,0.8,0,1,0
25,Male,Rural,Midlands,Primary,Unemployed,2,1,0,0,0,1,High,4.8,0,0,1
53,Male,Rural,Midlands,Secondary,Informal,3,1,1,0,0,2,Medium,1.6,1,1,0
51,Female,Rural,Masvingo,Primary,Informal,1,1,1,0,1,3,Low,44.7,0,0,1
31,Female,Urban,Midlands,Secondary,Informal,4,1,1,0,0,2,Medium,3.3,1,0,1
18,Female,Rural,Matabeleland North,None,Informal,2,0,0,0,1,1,High,61.6,1,0,0
22,Female,Urban,Matabeleland South,Primary,Unemployed,1,1,1,0,0,2,Medium,6.3,1,1,0
62,Male,Rural,Mashonaland Central,Primary,Informal,3,1,0,1,0,2,Medium,16.5,1,0,0
47,Female,Urban,Harare,Tertiary,Formal,5,1,1,1,1,4,Low,3.7,0,1,0
38,Female,Urban,Masvingo,Tertiary,Informal,3,1,0,0,0,1,High,2.2,0,1,0
64,Male,Urban,Harare,Tertiary,Informal,4,1,1,1,0,3,Low,5.9,0,1,0
65,Male,Urban,Harare,Secondary,Formal,5,1,1,1,1,4,Low,1.4,1,1,0
37,Male,Urban,Mashonaland Central,Tertiary,Informal,3,1,0,1,1,3,Low,5.9,1,1,0
37,Female,Rural,Masvingo,Secondary,Informal,1,0,1,0,1,2,Medium,16.5,1,0,1
29,Male,Rural,Mashonaland East,None,Informal,3,1,1,1,0,3,Low,16.4,1,0,0
34,Male,Rural,Mashonaland West,Primary,Informal,2,0,0,0,1,1,High,13.9,0,1,1
18,Female,Urban,Harare,Primary,Informal,4,1,1,0,1,3,Low,1.8,0,1,0
18,Female,Rural,Manicaland,Secondary,Informal,2,1,0,1,0,2,Medium,1.0,1,0,0
18,Male,Urban,Harare,Tertiary,Informal,3,1,1,1,0,3,Low,0.4,1,1,0
53,Female,Urban,Bulawayo,Secondary,Formal,4,1,1,1,0,3,Low,0.3,1,1,0
18,Female,Urban,Mashonaland East,Secondary,Informal,4,1,1,0,1,3,Low,4.8,1,1,0
65,Female,Urban,Harare,Secondary,Unemployed,3,1,1,0,0,2,Medium,0.4,1,1,0
27,Male,Rural,Mashonaland East,Primary,Informal,1,1,0,0,0,1,High,14.7,1,1,1
62,Male,Urban,Bulawayo,Secondary,Informal,3,1,1,1,0,3,Low,9.4,1,1,0
32,Female,Urban,Harare,Tertiary,Unemployed,4,1,1,0,0,2,Medium,0.6,0,0,0
18,Male,Rural,Mashonaland East,Secondary,Informal,2,0,0,1,1,2,Medium,8.6,0,0,1
55,Female,Urban,Harare,Primary,Formal,4,1,1,1,1,4,Low,2.2,1,1,0
57,Male,Rural,Matabeleland North,Secondary,Formal,3,0,1,1,1,3,Low,46.3,1,1,0
25,Female,Urban,Harare,None,Informal,2,1,1,0,1,3,Low,2.8,0,1,1
33,Female,Rural,Mashonaland West,None,Informal,1,1,0,0,1,2,Medium,10.3,1,1,0
25,Female,Rural,Masvingo,None,Informal,1,1,1,0,0,2,Medium,1.0,1,0,1
36,Female,Rural,Matabeleland South,None,Informal,1,0,0,1,1,2,Medium,12.5,1,0,1
39,Female,Rural,Matabeleland North,Primary,Informal,2,0,0,0,0,0,High,10.9,1,0,1
33,Male,Rural,Midlands,Primary,Informal,1,0,0,1,1,2,Medium,19.2,1,1,1
18,Male,Rural,Matabeleland North,Secondary,Formal,5,1,1,1,1,4,Low,6.4,1,0,0
29,Female,Urban,Harare,Secondary,Informal,4,1,1,0,1,3,Low,2.1,1,1,0
47,Female,Urban,Harare,Primary,Informal,4,1,1,0,1,3,Low,1.3,1,1,0
35,Female,Rural,Manicaland,Tertiary,Formal,4,1,0,0,1,2,Medium,9.0,0,1,0
33,Female,Urban,Harare,Tertiary,Formal,5,1,1,1,1,4,Low,2.2,1,1,0
24,Male,Urban,Harare,Primary,Informal,3,1,1,0,1,3,Low,3.7,1,1,0
29,Female,Urban,Harare,Secondary,Formal,5,1,1,1,1,4,Low,4.4,1,1,0
57,Female,Urban,Manicaland,Secondary,Informal,3,1,1,0,0,2,Medium,2.8,0,1,0
22,Female,Urban,Bulawayo,Tertiary,Informal,3,1,1,0,1,3,Low,0.3,1,0,0
48,Female,Rural,Mashonaland East,Primary,Informal,4,0,1,0,1,2,Medium,24.2,1,0,1
38,Female,Rural,Mashonaland West,None,Informal,1,1,0,1,0,2,Medium,3.6,0,0,1
41,Female,Rural,Mashonaland Central,Secondary,Informal,3,0,1,0,1,2,Medium,14.9,1,0,1
27,Male,Urban,Bulawayo,Tertiary,Formal,5,1,1,1,1,4,Low,6.2,1,1,0
33,Female,Urban,Bulawayo,Secondary,Informal,5,1,1,0,0,2,Medium,4.9,1,1,0
37,Male,Rural,Mashonaland East,Primary,Unemployed,1,0,1,0,0,1,High,19.4,1,1,1
30,Male,Urban,Harare,Secondary,Formal,5,1,1,1,1,4,Low,2.1,1,1,0
42,Male,Rural,Midlands,Primary,Informal,1,1,1,0,1,3,Low,3.0,1,0,0
44,Male,Urban,Bulawayo,Secondary,Informal,4,1,1,1,0,3,Low,3.4,1,1,1
68,Male,Rural,Masvingo,Secondary,Informal,3,0,1,0,0,1,High,10.9,0,1,1
41,Female,Urban,Harare,Tertiary,Formal,4,0,1,1,1,3,Low,2.8,0,1,0
18,Female,Rural,Mashonaland Central,Secondary,Unemployed,3,1,0,1,0,2,Medium,17.8,1,0,0
54,Female,Rural,Mashonaland East,Secondary,Informal,1,1,1,0,1,3,Low,2.9,1,0,1
35,Male,Urban,Midlands,Secondary,Unemployed,4,1,1,0,0,2,Medium,2.0,1,1,0
66,Male,Rural,Mashonaland Central,Primary,Unemployed,1,1,1,0,0,2,Medium,14.0,0,1,1
58,Female,Urban,Harare,Tertiary,Formal,5,1,1,1,1,4,Low,1.7,1,1,0
30,Female,Rural,Midlands,None,Informal,1,1,1,0,1,3,Low,32.5,1,0,1
48,Female,Rural,Mashonaland West,Primary,Informal,2,1,1,0,1,3,Low,3.2,1,0,0
29,Female,Urban,Harare,Primary,Unemployed,4,1,1,0,0,2,Medium,5.0,1,0,0
38,Female,Urban,Bulawayo,Tertiary,Formal,5,0,1,1,1,3,Low,0.9,1,1,0
47,Female,Rural,Mashonaland West,Secondary,Informal,2,1,1,1,0,3,Low,2.2,1,1,1
53,Female,Urban,Matabeleland South,Secondary,Informal,2,1,1,0,1,3,Low,2.9,1,1,1
50,Female,Rural,Manicaland,Secondary,Formal,4,1,1,1,1,4,Low,2.8,1,1,1
39,Female,Rural,Matabeleland South,Secondary,Formal,5,1,1,1,1,4,Low,7.0,0,1,0
72,Male,Rural,Mashonaland East,Primary,Unemployed,2,1,1,0,0,2,Medium,18.5,1,0,1
32,Male,Urban,Mashonaland East,Secondary,Informal,2,1,0,0,1,2,Medium,2.1,1,1,0
18,Male,Rural,Midlands,Secondary,Informal,4,1,1,0,1,3,Low,2.7,0,0,0
18,Female,Rural,Midlands,Secondary,Informal,2,0,0,1,1,2,Medium,3.5,0,0,1
58,Female,Urban,Masvingo,Secondary,Informal,4,1,1,1,0,3,Low,1.9,1,1,0
36,Male,Urban,Manicaland,Secondary,Informal,4,1,1,1,0,3,Low,0.5,1,1,0
40,Female,Urban,Harare,Tertiary,Formal,5,1,1,1,1,4,Low,0.8,1,1,0
30,Male,Urban,Harare,Secondary,Unemployed,1,1,0,1,0,2,Medium,3.0,1,0,1
31,Male,Rural,Mashonaland East,Secondary,Formal,5,1,0,1,1,3,Low,22.8,1,1,1
26,Female,Urban,Bulawayo,Tertiary,Formal,4,1,1,1,1,4,Low,1.6,1,1,1
44,Male,Rural,Mashonaland East,Secondary,Unemployed,2,1,1,1,0,3,Low,7.1,0,1,0
36,Male,Urban,Mashonaland Central,None,Formal,4,1,1,0,1,3,Low,6.8,1,1,1
44,Male,Urban,Manicaland,Secondary,Unemployed,4,1,1,0,0,2,Medium,5.7,0,1,1
42,Male,Urban,Midlands,Secondary,Informal,4,1,1,0,1,3,Low,2.7,0,1,0
32,Female,Rural,Mashonaland West,Primary,Informal,2,1,0,0,0,1,High,39.4,1,1,1
18,Female,Rural,Matabeleland South,Primary,Formal,3,1,1,1,1,4,Low,44.0,1,0,0
18,Female,Urban,Mashonaland Central,Secondary,Formal,5,0,1,1,0,2,Medium,1.1,1,1,0
80,Female,Rural,Midlands,Secondary,Unemployed,2,1,0,0,0,1,High,21.1,1,0,1
58,Male,Urban,Mashonaland Central,Secondary,Unemployed,5,1,1,0,0,2,Medium,4.0,1,0,0
56,Female,Urban,Harare,Secondary,Informal,4,0,1,0,1,2,Medium,0.2,1,0,1
28,Male,Urban,Harare,Secondary,Formal,4,1,1,1,1,4,Low,8.9,1,1,0
38,Male,Rural,Midlands,Primary,Informal,1,1,0,0,1,2,Medium,42.4,0,0,1
26,Female,Rural,Matabeleland North,Secondary,Informal,3,1,1,0,0,2,Medium,5.8,1,0,0
19,Male,Rural,Matabeleland South,None,Informal,2,1,1,0,0,2,Medium,6.6,1,0,0
29,Female,Urban,Mashonaland East,Tertiary,Formal,5,1,1,1,0,3,Low,0.5,1,1,0
56,Male,Urban,Manicaland,Secondary,Formal,5,1,1,1,1,4,Low,1.4,1,1,0
49,Female,Rural,Matabeleland South,Secondary,Informal,2,1,0,0,1,2,Medium,6.0,1,1,0
24,Male,Urban,Matabeleland North,Tertiary,Informal,4,1,1,0,0,2,Medium,0.5,1,0,0
33,Male,Rural,Midlands,Secondary,Informal,1,1,1,0,1,3,Low,53.4,1,1,0
48,Female,Rural,Mashonaland East,Secondary,Formal,5,1,1,1,1,4,Low,14.7,1,1,0
30,Male,Urban,Harare,Tertiary,Formal,5,0,1,1,1,3,Low,7.1,1,1,0
39,Female,Rural,Manicaland,None,Informal,1,1,1,1,0,3,Low,20.1,0,0,0
43,Male,Rural,Mashonaland West,Primary,Informal,1,0,1,0,0,1,High,7.5,1,1,0
43,Female,Urban,Mashonaland West,Tertiary,Formal,5,0,1,1,1,3,Low,0.3,1,1,0
41,Female,Rural,Midlands,Secondary,Unemployed,2,1,0,1,0,2,Medium,2.1,1,0,0
28,Female,Rural,Mashonaland West,Secondary,Informal,1,1,1,0,1,3,Low,15.7,1,1,1
30,Female,Urban,Harare,Secondary,Formal,5,1,1,1,1,4,Low,0.2,1,1,0
22,Male,Rural,Mashonaland West,Primary,Informal,3,1,1,0,1,3,Low,22.6,1,0,0
18,Female,Urban,Mashonaland West,Tertiary,Unemployed,3,1,1,0,0,2,Medium,0.8,1,1,0
36,Female,Rural,Masvingo,Secondary,Informal,3,1,1,0,1,3,Low,2.5,1,0,0
49,Female,Rural,Manicaland,Primary,Informal,2,0,0,0,0,0,High,38.7,1,0,1
18,Female,Rural,Mashonaland East,Primary,Informal,1,1,0,0,1,2,Medium,25.2,1,0,1
41,Female,Urban,Bulawayo,Tertiary,Formal,5,1,1,1,1,4,Low,3.8,1,1,0
48,Female,Rural,Masvingo,Secondary,Unemployed,1,0,1,0,0,1,High,2.6,0,0,1
18,Male,Urban,Mashonaland West,Tertiary,Informal,4,1,1,0,0,2,Medium,4.0,1,0,1
34,Female,Urban,Matabeleland South,Secondary,Informal,5,1,1,1,0,3,Low,3.0,1,1,0
61,Female,Urban,Harare,Secondary,Informal,5,1,1,0,0,2,Medium,0.1,1,1,0
45,Female,Rural,Mashonaland Central,Primary,Informal,2,0,1,0,0,1,High,6.8,1,1,1
18,Male,Urban,Harare,Secondary,Formal,5,1,1,1,1,4,Low,1.0,1,1,0
47,Female,Urban,Harare,Secondary,Unemployed,4,1,1,1,0,3,Low,3.2,1,1,0
27,Female,Rural,Mashonaland West,None,Informal,2,1,1,1,0,3,Low,26.2,1,0,0
47,Female,Urban,Harare,Secondary,Formal,5,1,0,1,1,3,Low,2.6,1,1,0
28,Male,Urban,Harare,Secondary,Unemployed,3,1,1,1,0,3,Low,0.2,1,1,0
37,Male,Urban,Mashonaland West,Tertiary,Unemployed,3,1,1,0,0,2,Medium,4.8,0,1,1
30,Male,Urban,Harare,Secondary,Informal,3,1,1,0,1,3,Low,2.7,0,0,0
38,Male,Rural,Matabeleland South,Secondary,Informal,2,1,1,0,1,3,Low,36.1,1,0,1
30,Female,Urban,Harare,Secondary,Formal,5,1,1,1,1,4,Low,1.4,1,1,1
34,Male,Urban,Harare,Primary,Informal,2,1,1,0,0,2,Medium,3.3,1,0,0
21,Female,Rural,Manicaland,Secondary,Formal,4,0,1,1,0,2,Medium,13.0,1,1,0
44,Male,Rural,Harare,Secondary,Informal,1,1,1,0,0,2,Medium,19.5,0,1,1
40,Male,Rural,Mashonaland East,Secondary,Informal,2,1,0,0,0,1,High,19.3,1,1,0
18,Female,Rural,Matabeleland South,Secondary,Unemployed,2,0,1,0,0,1,High,22.5,0,0,1
51,Male,Rural,Midlands,Secondary,Unemployed,2,0,1,0,0,1,High,22.7,1,0,1
35,Male,Urban,Harare,Tertiary,Unemployed,4,1,1,0,0,2,Medium,0.6,1,1,0
40,Male,Rural,Manicaland,Secondary,Unemployed,2,1,0,0,0,1,High,23.5,1,0,1
48,Female,Rural,Mashonaland Central,Secondary,Informal,4,1,1,0,1,3,Low,1.0,1,0,0
42,Female,Urban,Mashonaland Central,Secondary,Formal,5,1,1,0,1,3,Low,2.7,1,1,0
54,Male,Urban,Harare,Secondary,Informal,4,1,0,0,1,2,Medium,4.2,1,0,0
33,Female,Urban,Harare,Secondary,Formal,5,1,1,1,0,3,Low,1.9,1,1,0
52,Male,Rural,Midlands,Secondary,Informal,2,1,0,0,1,2,Medium,32.6,0,0,1
39,Female,Rural,Midlands,Secondary,Informal,1,1,1,0,0,2,Medium,7.9,0,1,0
45,Male,Rural,Matabeleland North,Primary,Unemployed,1,1,0,0,0,1,High,1.0,1,0,0
43,Female,Urban,Harare,Tertiary,Formal,5,1,1,1,1,4,Low,3.5,1,1,1
55,Female,Urban,Harare,Tertiary,Formal,4,1,1,1,1,4,Low,4.8,1,1,0
48,Male,Urban,Harare,Secondary,Informal,3,1,1,0,1,3,Low,0.8,1,1,0
31,Male,Urban,Bulawayo,Primary,Informal,2,1,1,0,0,2,Medium,14.6,1,1,0
29,Male,Rural,Matabeleland South,Tertiary,Formal,4,1,1,0,1,3,Low,25.8,0,1,0
37,Male,Rural,Manicaland,Primary,Informal,3,1,1,0,1,3,Low,6.4,1,0,0
27,Male,Rural,Midlands,Secondary,Informal,1,1,1,1,1,4,Low,3.2,1,0,1
23,Male,Rural,Mashonaland West,None,Informal,2,1,0,0,0,1,High,6.5,1,1,1
18,Female,Rural,Matabeleland South,Primary,Informal,1,1,0,0,1,2,Medium,19.5,0,0,1
18,Male,Urban,Harare,Secondary,Unemployed,3,1,0,0,0,1,High,1.6,1,0,0
65,Female,Urban,Harare,Secondary,Formal,5,1,1,1,1,4,Low,2.6,1,1,0
28,Male,Urban,Harare,Tertiary,Formal,5,1,1,1,1,4,Low,0.5,1,1,0
64,Female,Urban,Manicaland,Secondary,Formal,4,1,1,1,1,4,Low,0.3,1,1,0
43,Male,Urban,Harare,Secondary,Informal,3,0,1,0,1,2,Medium,0.7,1,0,0
37,Female,Urban,Harare,Secondary,Unemployed,1,1,1,1,0,3,Low,3.0,1,0,1
18,Male,Rural,Matabeleland South,Tertiary,Informal,3,1,1,0,0,2,Medium,17.8,1,0,1
38,Male,Urban,Mashonaland Central,Secondary,Informal,1,1,1,0,0,2,Medium,1.6,1,1,0
64,Female,Rural,Matabeleland North,Secondary,Unemployed,2,1,0,0,0,1,High,42.9,0,1,0
59,Female,Rural,Matabeleland North,None,Informal,2,1,0,0,1,2,Medium,4.8,1,1,0
41,Female,Rural,Matabeleland North,Secondary,Unemployed,3,0,1,1,0,2,Medium,58.2,1,0,1
21,Male,Rural,Matabeleland North,Secondary,Unemployed,4,1,0,0,0,1,High,45.1,1,1,0
24,Male,Urban,Harare,Tertiary,Unemployed,4,1,1,0,0,2,Medium,2.7,0,0,0
26,Female,Rural,Bulawayo,Secondary,Informal,1,1,0,0,0,1,High,49.5,0,1,1
55,Female,Urban,Harare,Tertiary,Formal,5,1,1,1,1,4,Low,0.6,1,1,0
60,Female,Rural,Manicaland,Primary,Informal,1,1,0,0,1,2,Medium,19.6,1,0,1
40,Male,Urban,Bulawayo,Tertiary,Formal,4,1,1,1,1,4,Low,1.3,1,1,0
33,Male,Urban,Bulawayo,Tertiary,Informal,5,0,1,0,1,2,Medium,2.5,0,0,0
59,Female,Rural,Mashonaland Central,Primary,Informal,2,1,1,1,1,4,Low,8.3,0,1,1
24,Female,Rural,Matabeleland South,Tertiary,Informal,1,1,0,0,1,2,Medium,9.0,1,0,1
38,Male,Urban,Manicaland,Tertiary,Informal,3,1,1,0,1,3,Low,1.4,1,1,0
44,Female,Rural,Masvingo,Secondary,Informal,3,1,0,0,0,1,High,54.4,1,1,0
25,Female,Urban,Matabeleland North,Secondary,Unemployed,2,1,1,0,0,2,Medium,1.5,0,1,0
29,Male,Rural,Mashonaland East,Secondary,Formal,3,1,0,1,1,3,Low,35.3,1,1,1
28,Male,Urban,Harare,Secondary,Formal,5,1,1,1,1,4,Low,1.6,0,1,0
57,Female,Urban,Harare,Tertiary,Informal,5,1,1,0,0,2,Medium,0.1,1,1,0
64,Male,Urban,Bulawayo,None,Formal,4,1,1,1,1,4,Low,0.2,1,1,0
39,Female,Urban,Harare,Secondary,Formal,5,1,0,1,1,3,Low,11.3,0,0,1
34,Female,Urban,Masvingo,Primary,Unemployed,3,1,1,0,0,2,Medium,2.2,1,1,0
29,Male,Urban,Harare,Tertiary,Unemployed,3,1,1,0,0,2,Medium,3.7,1,0,0
38,Female,Urban,Bulawayo,Secondary,Informal,1,1,1,0,1,3,Low,1.4,1,0,1
30,Male,Urban,Bulawayo,Tertiary,Formal,3,1,1,0,1,3,Low,3.0,0,1,0
36,Male,Urban,Harare,Tertiary,Formal,5,1,1,1,1,4,Low,3.0,1,1,0
43,Female,Urban,Manicaland,Secondary,Formal,5,1,1,1,0,3,Low,3.1,1,1,0
32,Female,Rural,Matabeleland North,Secondary,Informal,2,1,0,1,1,3,Low,97.4,1,1,0
35,Male,Rural,Matabeleland South,Secondary,Unemployed,2,0,0,1,0,1,High,35.2,0,0,1
35,Female,Urban,Bulawayo,Secondary,Formal,5,1,1,1,1,4,Low,1.8,1,1,0
33,Female,Rural,Mashonaland West,Primary,Informal,3,1,0,0,0,1,High,115.4,0,0,1
31,Female,Urban,Harare,Secondary,Formal,5,0,1,1,1,3,Low,3.1,1,1,1
48,Female,Urban,Manicaland,Primary,Informal,3,1,1,0,1,3,Low,2.1,1,0,0
18,Male,Rural,Mashonaland East,Secondary,Formal,4,1,1,1,1,4,Low,25.0,1,1,0
60,Male,Rural,Mashonaland West,Secondary,Formal,4,0,1,1,1,3,Low,3.9,1,1,0
39,Female,Rural,Mashonaland Central,Secondary,Informal,1,1,0,1,0,2,Medium,2.8,0,1,0
46,Male,Urban,Bulawayo,Tertiary,Unemployed,4,1,1,0,0,2,Medium,0.2,1,1,0
48,Female,Rural,Manicaland,None,Informal,1,1,0,0,0,1,High,51.6,1,1,0
28,Male,Urban,Midlands,Tertiary,Informal,3,1,1,1,1,4,Low,0.6,1,1,0
25,Male,Urban,Harare,Tertiary,Formal,5,0,1,0,1,2,Medium,0.1,1,1,0
23,Male,Urban,Harare,Tertiary,Informal,3,1,1,0,1,3,Low,0.1,1,1,0
34,Male,Rural,Mashonaland Central,Secondary,Informal,2,1,1,0,0,2,Medium,11.1,1,0,0
47,Male,Urban,Harare,Secondary,Informal,4,1,1,0,1,3,Low,0.7,1,0,0
29,Female,Rural,Mashonaland East,Secondary,Informal,1,1,1,1,0,3,Low,16.2,1,1,0
46,Female,Rural,Matabeleland North,Secondary,Unemployed,2,1,1,0,0,2,Medium,7.4,1,1,1
18,Male,Rural,Mashonaland Central,Secondary,Unemployed,1,1,1,0,0,2,Medium,17.8,1,0,0
32,Male,Rural,Mashonaland Central,Primary,Unemployed,1,1,1,1,0,3,Low,15.6,0,1,1
54,Female,Rural,Manicaland,Secondary,Informal,3,0,1,1,0,2,Medium,40.8,0,0,1
35,Male,Urban,Harare,Secondary,Formal,5,1,1,1,1,4,Low,2.0,1,1,0
26,Female,Urban,Matabeleland South,Secondary,Formal,5,1,1,1,1,4,Low,0.5,1,1,0
28,Female,Rural,Mashonaland East,Secondary,Informal,3,1,1,0,0,2,Medium,40.3,0,0,0
18,Female,Urban,Mashonaland Central,Secondary,Formal,4,1,1,1,1,4,Low,1.0,1,1,0
23,Female,Urban,Bulawayo,Secondary,Formal,5,1,1,1,1,4,Low,0.1,1,1,0
52,Female,Urban,Harare,Primary,Informal,4,0,1,0,0,1,High,1.3,1,1,1
29,Female,Urban,Mashonaland West,Secondary,Informal,5,1,1,1,0,3,Low,3.4,1,1,0
31,Female,Urban,Harare,Secondary,Informal,3,1,1,1,1,4,Low,3.7,1,1,0
18,Male,Urban,Masvingo,Primary,Unemployed,2,1,1,0,0,2,Medium,2.0,1,1,1
18,Male,Rural,Mashonaland West,Primary,Formal,5,1,1,1,1,4,Low,6.8,1,0,1
54,Male,Urban,Harare,Secondary,Formal,5,1,0,1,1,3,Low,0.2,1,1,0
46,Male,Rural,Midlands,Secondary,Informal,2,1,1,0,0,2,Medium,9.9,1,0,0
19,Female,Rural,Mashonaland East,Primary,Informal,1,1,1,0,1,3,Low,1.0,1,0,1
29,Male,Urban,Midlands,Primary,Informal,3,1,1,0,1,3,Low,0.9,1,0,0
37,Male,Rural,Midlands,Secondary,Unemployed,1,1,0,0,0,1,High,29.9,1,1,0
21,Male,Rural,Mashonaland Central,Primary,Informal,1,1,1,0,1,3,Low,1.7,0,0,0
18,Female,Rural,Mashonaland East,Primary,Informal,1,1,0,0,1,2,Medium,7.9,0,1,1
35,Female,Urban,Mashonaland East,Secondary,Unemployed,4,1,1,1,0,3,Low,4.7,1,0,0
46,Female,Urban,Harare,Tertiary,Informal,4,0,1,0,1,2,Medium,5.8,1,1,0
46,Male,Urban,Manicaland,Secondary,Informal,4,1,1,0,1,3,Low,10.5,1,1,0
50,Male,Rural,Manicaland,Tertiary,Formal,4,1,1,1,1,4,Low,43.5,0,1,1
18,Female,Rural,Mashonaland Central,Primary,Informal,1,0,1,0,0,1,High,23.0,1,0,1
38,Female,Rural,Mashonaland West,None,Formal,4,1,1,0,1,3,Low,25.9,1,0,0
34,Female,Rural,Matabeleland South,Primary,Informal,2,1,0,0,1,2,Medium,30.9,0,0,1
36,Female,Rural,Matabeleland North,Secondary,Informal,1,0,1,1,1,3,Low,6.8,1,0,1
35,Male,Rural,Masvingo,Secondary,Unemployed,2,0,0,0,0,0,High,20.1,1,0,1
28,Female,Urban,Harare,Secondary,Informal,3,1,1,0,0,2,Medium,1.5,0,0,0
18,Female,Rural,Mashonaland West,Tertiary,Formal,5,1,1,1,1,4,Low,17.3,1,0,0
54,Female,Urban,Harare,Secondary,Informal,5,1,1,1,1,4,Low,4.5,1,0,0
42,Female,Urban,Harare,Primary,Informal,1,0,1,0,0,1,High,0.4,1,1,0
18,Male,Urban,Harare,Tertiary,Informal,3,1,0,1,1,3,Low,2.4,1,1,0
44,Male,Rural,Masvingo,Primary,Informal,2,1,0,0,0,1,High,10.8,0,0,1
31,Female,Urban,Harare,Secondary,Informal,3,1,1,0,0,2,Medium,2.2,1,1,0
32,Female,Urban,Harare,Tertiary,Unemployed,4,1,1,0,0,2,Medium,1.3,1,1,0
27,Male,Urban,Bulawayo,Secondary,Formal,5,0,1,1,1,3,Low,3.2,1,1,1
45,Male,Urban,Harare,Secondary,Informal,3,1,1,0,1,3,Low,1.5,1,1,0
26,Female,Urban,Midlands,Secondary,Informal,2,1,1,1,0,3,Low,1.2,0,0,0
22,Male,Rural,Mashonaland East,Primary,Informal,1,1,1,0,1,3,Low,39.1,1,0,1
53,Male,Rural,Harare,Primary,Informal,1,1,0,0,1,2,Medium,27.2,1,0,0
35,Female,Urban,Masvingo,Secondary,Informal,3,1,1,0,1,3,Low,1.4,1,1,0
35,Female,Urban,Bulawayo,Secondary,Formal,5,0,1,1,1,3,Low,2.4,1,1,1
47,Female,Urban,Mashonaland East,Primary,Formal,4,1,1,1,1,4,Low,5.5,1,0,0
28,Female,Urban,Harare,Secondary,Informal,3,1,1,0,1,3,Low,1.1,1,0,1
31,Male,Rural,Mashonaland East,Secondary,Informal,1,1,0,1,0,2,Medium,14.4,1,0,1
42,Female,Rural,Matabeleland North,Primary,Informal,1,1,0,1,1,3,Low,9.6,0,0,1
18,Female,Rural,Mashonaland West,Tertiary,Unemployed,1,1,0,0,0,1,High,1.0,1,0,0
41,Female,Urban,Bulawayo,Primary,Unemployed,2,1,1,0,0,2,Medium,1.2,1,1,0
27,Female,Rural,Mashonaland East,Primary,Unemployed,2,1,1,1,0,3,Low,132.2,1,0,0
49,Male,Urban,Harare,Tertiary,Informal,5,1,0,1,0,2,Medium,7.6,1,1,0
45,Male,Urban,Harare,Primary,Informal,2,1,1,0,1,3,Low,2.2,1,0,0
43,Male,Rural,Matabeleland South,Tertiary,Formal,5,1,1,1,1,4,Low,17.4,1,0,0
18,Male,Rural,Mashonaland East,Secondary,Unemployed,2,1,1,0,0,2,Medium,4.9,0,0,1
36,Female,Rural,Midlands,Secondary,Unemployed,2,1,1,0,0,2,Medium,12.2,0,0,1
21,Male,Rural,Mashonaland Central,Primary,Informal,3,1,1,1,0,3,Low,6.7,1,0,0
37,Female,Rural,Mashonaland West,Primary,Informal,1,1,1,0,1,3,Low,24.3,0,1,1
18,Male,Rural,Mashonaland East,Secondary,Informal,2,0,1,0,1,2,Medium,7.2,0,1,1
18,Male,Urban,Bulawayo,Primary,Informal,3,1,1,0,1,3,Low,0.4,1,0,0
54,Male,Urban,Mashonaland East,Tertiary,Formal,5,1,1,1,1,4,Low,3.5,1,1,0
43,Male,Urban,Bulawayo,Tertiary,Informal,4,0,1,0,0,1,High,0.6,1,1,0
33,Female,Urban,Harare,Tertiary,Informal,4,1,1,0,0,2,Medium,0.9,1,1,0
25,Female,Urban,Mashonaland Central,Primary,Informal,3,1,1,0,1,3,Low,0.9,0,1,0
22,Male,Urban,Harare,Tertiary,Informal,3,0,1,1,0,2,Medium,1.6,1,1,0
40,Female,Rural,Masvingo,Secondary,Informal,1,1,1,0,0,2,Medium,46.2,0,0,0
33,Female,Rural,Matabeleland North,None,Formal,2,1,1,1,1,4,Low,30.3,1,0,1
59,Female,Rural,Mashonaland Central,Secondary,Informal,2,1,0,0,1,2,Medium,2.2,1,0,0
35,Male,Urban,Bulawayo,Primary,Formal,5,1,1,1,1,4,Low,0.1,1,1,0
38,Male,Rural,Matabeleland North,Tertiary,Informal,2,0,0,0,1,1,High,2.3,1,0,0
18,Female,Urban,Harare,Primary,Informal,4,1,1,0,0,2,Medium,4.6,1,1,0
32,Female,Urban,Harare,Secondary,Formal,5,1,1,1,1,4,Low,4.2,0,1,0
40,Male,Urban,Harare,Secondary,Informal,3,1,1,0,0,2,Medium,2.0,1,0,0
32,Female,Urban,Mashonaland Central,Primary,Informal,4,0,0,0,0,0,High,0.2,1,1,0
31,Male,Urban,Bulawayo,Secondary,Informal,4,1,1,0,1,3,Low,0.6,1,1,0
42,Female,Rural,Mashonaland West,None,Unemployed,1,1,0,0,0,1,High,2.4,0,0,1
59,Male,Rural,Mashonaland East,Secondary,Informal,2,1,0,0,0,1,High,3.2,1,0,1
40,Female,Rural,Harare,None,Informal,1,1,0,0,1,2,Medium,10.4,1,1,1
54,Male,Urban,Harare,Secondary,Formal,4,1,1,1,1,4,Low,3.5,1,1,0
46,Male,Rural,Mashonaland Central,Secondary,Formal,3,1,1,1,1,4,Low,3.3,1,1,0
53,Female,Rural,Manicaland,Secondary,Informal,2,1,1,0,0,2,Medium,14.4,0,1,1
29,Male,Urban,Harare,Secondary,Unemployed,1,1,1,0,0,2,Medium,1.5,1,1,0
35,Female,Rural,Masvingo,Primary,Informal,1,1,1,0,1,3,Low,7.2,0,0,1
35,Female,Urban,Bulawayo,Tertiary,Formal,5,1,1,1,1,4,Low,0.6,1,1,0
45,Male,Urban,Harare,Tertiary,Formal,5,1,1,1,1,4,Low,7.2,1,1,0
49,Male,Urban,Bulawayo,Tertiary,Formal,5,1,1,0,1,3,Low,2.3,0,1,0
39,Female,Urban,Harare,Tertiary,Unemployed,4,1,1,0,0,2,Medium,6.7,1,1,0
50,Female,Urban,Harare,Tertiary,Informal,3,1,1,0,1,3,Low,1.9,1,1,0
30,Female,Urban,Midlands,Tertiary,Informal,4,0,1,0,1,2,Medium,2.6,1,1,0
50,Male,Urban,Bulawayo,Secondary,Unemployed,1,1,1,0,0,2,Medium,1.6,0,1,0
52,Female,Rural,Manicaland,Tertiary,Informal,2,0,0,0,0,0,High,33.0,1,1,1
47,Female,Urban,Harare,Primary,Formal,5,1,1,1,1,4,Low,5.5,0,1,0
39,Female,Urban,Bulawayo,Primary,Informal,1,1,1,1,1,4,Low,3.0,1,1,0
47,Male,Urban,Harare,Secondary,Informal,4,1,1,0,1,3,Low,0.8,1,0,0
25,Male,Rural,Midlands,Secondary,Informal,2,1,1,0,1,3,Low,27.6,1,0,1
40,Female,Rural,Mashonaland West,Secondary,Informal,1,1,0,0,0,1,High,12.9,1,0,1
42,Female,Rural,Bulawayo,Secondary,Informal,1,1,1,0,0,2,Medium,1.0,0,0,1
19,Male,Urban,Bulawayo,Secondary,Formal,4,1,1,1,1,4,Low,1.3,1,1,0
44,Female,Urban,Bulawayo,Tertiary,Informal,4,1,1,0,1,3,Low,3.9,1,1,0
20,Male,Rural,Mashonaland West,Primary,Informal,1,1,1,1,0,3,Low,34.0,1,0,1
32,Male,Urban,Matabeleland North,Secondary,Formal,5,1,1,1,1,4,Low,0.7,1,1,0
38,Male,Rural,Midlands,Secondary,Informal,1,1,1,0,1,3,Low,96.2,0,1,0
27,Male,Rural,Manicaland,Secondary,Informal,4,1,1,0,0,2,Medium,1.4,1,1,1
39,Male,Urban,Harare,Tertiary,Unemployed,5,1,1,0,0,2,Medium,5.8,1,1,0
38,Male,Rural,Mashonaland East,Primary,Informal,2,1,1,0,1,3,Low,12.7,0,0,1
26,Male,Rural,Masvingo,None,Informal,1,1,1,0,1,3,Low,14.0,0,0,1
45,Female,Urban,Bulawayo,Tertiary,Formal,5,1,1,0,1,3,Low,0.7,1,1,0
27,Female,Urban,Harare,Primary,Informal,3,0,1,0,1,2,Medium,1.1,1,0,1
70,Female,Urban,Matabeleland South,Secondary,Formal,5,0,1,1,1,3,Low,0.1,0,1,1
36,Male,Rural,Mashonaland East,Primary,Informal,1,1,1,1,1,4,Low,21.4,0,0,1
21,Female,Urban,Mashonaland East,Secondary,Informal,3,0,1,0,1,2,Medium,1.5,1,0,0
24,Male,Urban,Mashonaland West,Tertiary,Formal,5,1,1,1,1,4,Low,8.7,1,1,0
54,Female,Rural,Manicaland,Secondary,Unemployed,1,1,0,0,0,1,High,36.8,0,1,1
32,Female,Urban,Harare,Primary,Informal,2,1,1,1,0,3,Low,1.4,1,1,0
18,Male,Urban,Harare,Tertiary,Informal,4,0,1,0,1,2,Medium,4.4,1,0,1
49,Male,Rural,Midlands,None,Informal,1,1,1,0,1,3,Low,8.6,0,1,1
32,Female,Urban,Harare,Secondary,Informal,3,1,1,0,0,2,Medium,0.6,1,1,0
47,Female,Urban,Mashonaland West,Secondary,Informal,3,1,1,0,1,3,Low,1.2,1,1,0
51,Female,Urban,Bulawayo,Secondary,Formal,5,1,1,1,0,3,Low,1.4,1,1,0
41,Female,Urban,Bulawayo,Secondary,Unemployed,2,1,0,0,0,1,High,4.0,1,1,1
71,Female,Urban,Matabeleland North,Secondary,Informal,4,1,1,0,1,3,Low,0.9,1,1,0
18,Male,Rural,Mashonaland West,Primary,Informal,1,1,0,0,1,2,Medium,15.2,0,0,1
26,Female,Rural,Matabeleland South,Primary,Informal,3,1,0,0,0,1,High,3.2,1,0,0
34,Male,Urban,Harare,Tertiary,Formal,5,1,1,1,1,4,Low,1.9,1,1,0
69,Male,Rural,Manicaland,None,Unemployed,1,0,0,0,0,0,High,6.1,0,0,1
63,Male,Rural,Manicaland,Tertiary,Informal,4,1,1,1,1,4,Low,35.9,0,1,0
56,Female,Rural,Mashonaland Central,Primary,Unemployed,1,1,0,1,0,2,Medium,77.8,1,0,1
26,Female,Rural,Matabeleland North,Primary,Informal,3,1,0,0,0,1,High,4.9,0,0,0
28,Male,Rural,Mashonaland East,Secondary,Unemployed,2,0,1,0,0,1,High,1.0,1,0,1
26,Male,Rural,Mashonaland West,Primary,Unemployed,1,1,0,0,0,1,High,18.3,0,0,0
27,Male,Urban,Harare,Secondary,Unemployed,3,1,1,0,0,2,Medium,4.0,0,1,0
58,Female,Urban,Bulawayo,Tertiary,Informal,4,1,0,0,1,2,Medium,5.8,1,1,0
34,Female,Urban,Mashonaland East,Tertiary,Informal,4,1,1,1,1,4,Low,10.4,1,1,0
36,Male,Urban,Bulawayo,Secondary,Informal,3,1,1,0,1,3,Low,0.9,1,1,0
48,Male,Rural,Midlands,Secondary,Informal,2,1,1,0,1,3,Low,8.2,0,0,1
18,Female,Urban,Harare,Secondary,Informal,4,1,1,0,0,2,Medium,11.8,1,1,0
38,Male,Urban,Harare,Tertiary,Informal,3,1,1,0,1,3,Low,0.2,1,1,0
22,Female,Urban,Bulawayo,Secondary,Formal,5,1,1,1,1,4,Low,0.9,1,1,0
33,Male,Urban,Harare,Primary,Informal,4,1,1,1,0,3,Low,7.5,1,0,0
29,Male,Rural,Matabeleland North,Secondary,Informal,1,1,0,0,1,2,Medium,7.4,1,1,1
29,Male,Rural,Matabeleland South,Primary,Informal,1,1,1,0,1,3,Low,1.0,0,0,1
41,Female,Urban,Harare,Tertiary,Informal,5,1,1,0,0,2,Medium,3.8,1,1,1
41,Male,Urban,Matabeleland North,Primary,Unemployed,3,1,1,0,0,2,Medium,1.6,0,0,0
34,Male,Urban,Harare,None,Informal,4,1,1,1,0,3,Low,0.8,1,1,1
43,Female,Urban,Bulawayo,Secondary,Formal,5,1,1,1,1,4,Low,2.0,1,1,0
25,Female,Rural,Mashonaland East,Secondary,Informal,3,1,0,0,0,1,High,11.3,0,0,1
47,Male,Rural,Matabeleland North,Tertiary,Informal,3,1,1,0,1,3,Low,42.0,1,1,0
35,Male,Urban,Harare,Secondary,Formal,5,1,1,1,1,4,Low,1.0,1,1,0
31,Female,Urban,Matabeleland South,Primary,Informal,3,0,1,0,0,1,High,0.1,1,1,1
26,Male,Rural,Midlands,None,Unemployed,2,1,1,0,0,2,Medium,13.1,1,0,0
34,Female,Rural,Masvingo,Secondary,Informal,4,1,0,0,0,1,High,9.8,1,0,1
64,Male,Urban,Bulawayo,Primary,Formal,4,1,0,1,1,3,Low,0.9,1,1,0
37,Male,Urban,Bulawayo,Tertiary,Formal,4,1,1,1,1,4,Low,2.0,1,1,0
21,Male,Urban,Bulawayo,Primary,Informal,4,0,1,0,1,2,Medium,4.5,0,1,1
50,Female,Rural,Masvingo,Tertiary,Informal,4,1,1,0,0,2,Medium,18.2,0,0,1
31,Male,Urban,Bulawayo,Secondary,Unemployed,3,1,1,0,0,2,Medium,2.8,1,0,0
41,Male,Urban,Mashonaland West,Secondary,Formal,5,1,1,1,1,4,Low,1.9,0,0,0
29,Male,Rural,Masvingo,Primary,Informal,2,1,1,0,1,3,Low,1.0,1,1,1
55,Female,Rural,Mashonaland Central,None,Unemployed,1,0,1,0,0,1,High,2.4,0,1,1
29,Male,Urban,Matabeleland North,Secondary,Formal,4,1,1,1,1,4,Low,4.2,1,1,0
57,Female,Urban,Harare,Secondary,Unemployed,2,1,1,0,0,2,Medium,0.8,1,1,0
23,Female,Urban,Harare,Secondary,Informal,3,1,1,0,0,2,Medium,0.1,0,1,0
33,Male,Rural,Midlands,Primary,Informal,1,1,0,0,1,2,Medium,2.7,1,0,1
57,Female,Urban,Harare,Secondary,Informal,3,1,1,0,0,2,Medium,2.5,1,1,0
40,Female,Rural,Manicaland,Tertiary,Unemployed,2,1,1,0,0,2,Medium,24.1,1,1,1
69,Male,Rural,Masvingo,Primary,Unemployed,2,1,1,1,0,3,Low,10.2,0,1,0
34,Male,Urban,Mashonaland West,Primary,Formal,4,1,1,1,1,4,Low,2.6,1,1,0
41,Male,Rural,Manicaland,Primary,Informal,1,1,1,0,1,3,Low,7.0,0,0,1
64,Male,Urban,Bulawayo,Secondary,Formal,5,1,1,1,1,4,Low,0.2,1,1,0
18,Female,Urban,Harare,Secondary,Formal,5,1,1,1,1,4,Low,1.2,1,1,0
18,Female,Rural,Mashonaland West,Secondary,Informal,2,0,1,1,1,3,Low,11.0,1,1,1
26,Female,Urban,Harare,Secondary,Informal,4,1,1,1,0,3,Low,10.3,1,1,0
49,Male,Urban,Harare,Secondary,Formal,5,1,1,1,1,4,Low,2.6,1,1,0
18,Male,Urban,Matabeleland South,Secondary,Formal,5,0,0,1,1,2,Medium,0.2,1,0,0
46,Male,Urban,Bulawayo,Primary,Formal,5,1,1,1,1,4,Low,1.4,1,0,0
45,Female,Urban,Mashonaland West,Tertiary,Formal,5,1,1,1,1,4,Low,0.7,1,1,0
66,Male,Rural,Midlands,Primary,Informal,1,1,0,0,1,2,Medium,12.3,1,0,1
52,Female,Rural,Midlands,Primary,Informal,2,0,0,0,0,0,High,17.6,0,1,1
43,Female,Rural,Matabeleland South,Secondary,Unemployed,1,0,1,1,0,2,Medium,6.4,0,1,1
57,Male,Rural,Mashonaland East,Secondary,Informal,3,1,0,0,0,1,High,25.5,1,1,0
45,Female,Urban,Mashonaland West,Secondary,Unemployed,3,1,1,0,0,2,Medium,0.5,1,0,0
31,Female,Rural,Masvingo,Tertiary,Formal,4,1,1,1,1,4,Low,28.7,1,1,0
21,Female,Urban,Harare,Secondary,Informal,4,1,1,0,1,3,Low,1.7,1,1,0
30,Male,Urban,Harare,Tertiary,Formal,5,1,1,1,1,4,Low,1.9,1,1,0
37,Male,Rural,Mashonaland East,Primary,Formal,5,0,1,0,1,2,Medium,17.4,1,1,1
40,Female,Urban,Bulawayo,Tertiary,Informal,5,1,1,0,1,3,Low,0.3,1,1,0
18,Male,Urban,Mashonaland East,Secondary,Formal,5,1,1,0,1,3,Low,2.6,1,1,0
34,Female,Urban,Bulawayo,Tertiary,Formal,5,0,1,1,0,2,Medium,0.3,0,1,0
38,Male,Urban,Harare,Secondary,Formal,5,1,1,1,1,4,Low,0.4,1,1,0
45,Female,Urban,Harare,Tertiary,Informal,3,1,1,1,1,4,Low,1.0,1,1,0
60,Female,Urban,Mashonaland West,Tertiary,Formal,5,1,1,0,1,3,Low,1.2,1,1,0
40,Male,Rural,Mashonaland West,Secondary,Formal,5,0,1,1,1,3,Low,3.4,0,1,1
25,Male,Urban,Harare,Secondary,Formal,5,1,1,1,1,4,Low,6.4,1,1,0
18,Female,Urban,Mashonaland Central,Secondary,Informal,4,1,1,0,1,3,Low,3.9,0,1,0
47,Male,Urban,Mashonaland West,Tertiary,Unemployed,4,1,0,0,0,1,High,2.2,0,0,0
25,Female,Rural,Masvingo,Tertiary,Formal,4,0,0,1,1,2,Medium,46.7,1,1,1
50,Female,Urban,Bulawayo,Primary,Informal,1,1,1,1,0,3,Low,0.3,1,1,0
57,Male,Urban,Harare,Secondary,Informal,2,1,1,1,0,3,Low,1.5,1,1,0
18,Female,Urban,Matabeleland South,Primary,Unemployed,3,0,1,0,0,1,High,2.1,1,0,1
45,Female,Rural,Masvingo,Primary,Informal,1,1,1,0,0,2,Medium,4.2,1,0,0
56,Female,Rural,Matabeleland North,Primary,Unemployed,1,1,1,0,0,2,Medium,5.0,0,0,1
52,Male,Rural,Manicaland,Secondary,Informal,1,1,0,0,0,1,High,22.3,0,0,1
18,Male,Rural,Masvingo,None,Informal,1,1,1,0,1,3,Low,1.0,1,1,1
26,Male,Urban,Harare,Tertiary,Informal,4,1,1,1,1,4,Low,1.3,1,1,0
20,Female,Urban,Bulawayo,Tertiary,Informal,5,1,1,0,0,2,Medium,2.8,1,0,0
45,Female,Urban,Bulawayo,Secondary,Formal,5,1,1,1,1,4,Low,1.4,1,1,0
43,Female,Urban,Mashonaland East,Secondary,Formal,4,1,1,0,1,3,Low,0.3,1,1,0
18,Male,Urban,Harare,Secondary,Formal,5,1,1,1,1,4,Low,8.5,1,1,0
33,Female,Urban,Masvingo,Secondary,Formal,4,1,1,0,1,3,Low,0.3,1,1,0
49,Female,Urban,Harare,Tertiary,Informal,4,1,1,0,1,3,Low,0.7,0,0,0
40,Female,Rural,Masvingo,Secondary,Informal,3,0,1,0,1,2,Medium,1.6,1,1,1
40,Male,Urban,Harare,Primary,Unemployed,2,1,0,0,0,1,High,3.0,1,1,0
32,Female,Rural,Mashonaland East,Secondary,Informal,3,1,1,0,0,2,Medium,43.1,0,0,0
23,Male,Rural,Midlands,Primary,Informal,2,1,1,0,1,3,Low,40.5,0,1,1
37,Male,Urban,Harare,Secondary,Formal,5,1,1,1,1,4,Low,0.5,1,1,0
38,Female,Urban,Matabeleland North,Tertiary,Informal,4,1,1,0,0,2,Medium,12.8,1,1,0
46,Male,Rural,Mashonaland East,None,Formal,2,0,1,0,1,2,Medium,34.8,1,0,1
47,Male,Rural,Matabeleland North,None,Informal,1,1,1,0,1,3,Low,15.6,1,1,0
39,Female,Urban,Harare,Secondary,Informal,2,1,1,1,0,3,Low,0.5,1,1,0
53,Female,Urban,Bulawayo,Secondary,Informal,4,1,1,0,0,2,Medium,2.2,1,0,0
32,Male,Rural,Midlands,Secondary,Formal,5,0,1,1,1,3,Low,5.0,1,1,0
18,Female,Rural,Masvingo,Secondary,Informal,1,1,1,0,0,2,Medium,42.7,0,1,1
44,Male,Urban,Harare,Secondary,Formal,5,1,1,1,1,4,Low,2.8,1,1,1
39,Male,Urban,Mashonaland East,Secondary,Informal,2,1,1,0,1,3,Low,0.8,1,1,0
44,Male,Rural,Matabeleland North,None,Informal,1,1,0,0,0,1,High,1.0,1,0,1
20,Female,Urban,Harare,Secondary,Informal,4,1,1,1,1,4,Low,0.2,0,0,0
63,Male,Rural,Matabeleland North,Tertiary,Formal,4,1,0,0,0,1,High,38.4,1,0,0
47,Male,Urban,Bulawayo,Tertiary,Informal,2,1,1,0,0,2,Medium,2.6,1,1,0
33,Female,Urban,Mashonaland Central,Tertiary,Formal,5,1,1,1,1,4,Low,3.6,1,1,0
24,Female,Urban,Harare,Secondary,Informal,3,1,1,0,1,3,Low,1.7,1,1,0
53,Female,Urban,Harare,Secondary,Unemployed,2,1,1,0,0,2,Medium,3.1,1,1,0
22,Female,Rural,Midlands,Secondary,Formal,4,1,0,1,1,3,Low,14.2,1,1,1
69,Male,Urban,Bulawayo,Tertiary,Informal,4,0,1,0,0,1,High,0.4,1,1,1
29,Male,Rural,Mashonaland West,Secondary,Informal,2,1,0,0,0,1,High,19.2,1,1,1
62,Female,Urban,Midlands,Secondary,Informal,3,1,1,0,0,2,Medium,1.7,0,0,0
35,Female,Rural,Mashonaland Central,None,Informal,1,0,0,0,1,1,High,7.8,1,0,1
60,Male,Rural,Mashonaland West,None,Informal,2,0,1,0,0,1,High,3.8,0,1,1
27,Male,Rural,Matabeleland South,None,Informal,1,1,1,0,1,3,Low,13.9,0,0,0
38,Male,Urban,Manicaland,Secondary,Unemployed,2,1,1,0,0,2,Medium,0.9,0,1,0
49,Male,Rural,Midlands,None,Unemployed,1,1,0,0,0,1,High,13.1,0,0,1
47,Female,Urban,Bulawayo,Secondary,Unemployed,2,1,1,0,0,2,Medium,4.9,1,0,1
53,Female,Rural,Mashonaland East,Secondary,Informal,2,0,1,1,1,3,Low,1.0,0,0,1
31,Male,Urban,Harare,Secondary,Unemployed,2,1,1,1,0,3,Low,10.7,1,1,0
39,Female,Urban,Harare,Secondary,Formal,5,1,1,1,0,3,Low,0.5,1,1,0
55,Female,Urban,Matabeleland North,Secondary,Formal,5,1,1,1,1,4,Low,4.2,1,1,0
28,Male,Rural,Manicaland,Secondary,Informal,1,1,1,1,0,3,Low,7.4,1,0,1
46,Male,Rural,Masvingo,Tertiary,Formal,5,1,1,1,1,4,Low,4.2,1,1,0
34,Female,Urban,Harare,Secondary,Informal,4,1,0,0,1,2,Medium,2.8,0,0,1
40,Male,Rural,Manicaland,Secondary,Formal,4,0,1,1,1,3,Low,14.7,1,1,1
39,Female,Rural,Mashonaland East,Primary,Informal,2,1,0,0,1,2,Medium,6.4,1,1,1
26,Female,Urban,Bulawayo,Secondary,Formal,5,1,0,1,1,3,Low,0.5,1,1,0
34,Female,Urban,Harare,Secondary,Formal,5,1,1,1,1,4,Low,1.7,0,1,0
40,Female,Rural,Midlands,Secondary,Unemployed,2,1,1,0,0,2,Medium,19.0,1,1,0
36,Female,Rural,Midlands,Secondary,Informal,2,1,0,0,1,2,Medium,42.9,0,0,0
60,Female,Urban,Harare,Secondary,Formal,5,1,0,1,1,3,Low,0.9,1,0,0
52,Male,Rural,Midlands,Secondary,Informal,3,1,1,0,0,2,Medium,6.9,1,0,0
42,Female,Urban,Harare,Tertiary,Unemployed,2,1,1,1,0,3,Low,3.0,0,1,1
27,Female,Rural,Manicaland,Secondary,Informal,2,1,0,1,0,2,Medium,28.6,1,0,0
26,Female,Rural,Mashonaland East,None,Informal,2,0,1,0,0,1,High,7.3,0,0,1
65,Female,Rural,Matabeleland South,None,Unemployed,1,1,1,0,0,2,Medium,9.9,0,0,1
23,Male,Urban,Bulawayo,Tertiary,Formal,5,1,1,1,1,4,Low,4.4,1,1,0
39,Female,Urban,Harare,Tertiary,Formal,5,1,1,1,1,4,Low,2.8,1,1,0
43,Female,Urban,Manicaland,Tertiary,Formal,5,1,1,1,1,4,Low,3.7,1,1,1
33,Female,Urban,Manicaland,Secondary,Formal,4,0,1,1,1,3,Low,4.6,1,1,0
23,Female,Rural,Matabeleland South,Secondary,Unemployed,1,0,0,0,0,0,High,115.4,1,0,1
27,Female,Urban,Bulawayo,Tertiary,Unemployed,4,0,0,0,0,0,High,10.0,1,1,0
30,Female,Urban,Mashonaland East,Tertiary,Informal,4,1,0,0,0,1,High,0.5,1,0,0
28,Male,Urban,Bulawayo,Secondary,Informal,3,0,1,0,0,1,High,4.8,0,0,1
56,Male,Urban,Harare,Primary,Unemployed,1,1,1,1,0,3,Low,1.1,1,1,0
37,Female,Urban,Mashonaland East,Secondary,Informal,3,1,1,0,1,3,Low,0.7,1,1,1
30,Female,Rural,Mashonaland East,Secondary,Informal,1,1,1,0,1,3,Low,23.6,1,1,0
39,Female,Rural,Matabeleland North,Primary,Unemployed,1,0,0,0,0,0,High,10.8,0,0,1
47,Male,Urban,Bulawayo,Secondary,Formal,5,0,0,1,1,2,Medium,1.4,0,1,1
33,Male,Rural,Mashonaland East,Secondary,Informal,2,0,1,0,0,1,High,9.1,1,1,1
50,Male,Rural,Mashonaland Central,Primary,Unemployed,1,1,0,0,0,1,High,41.5,0,0,1
20,Female,Urban,Bulawayo,Secondary,Informal,3,0,0,0,1,1,High,17.2,1,1,0
54,Female,Rural,Midlands,Secondary,Informal,1,1,0,0,1,2,Medium,54.3,0,1,1
37,Female,Urban,Mashonaland West,Tertiary,Formal,5,1,1,0,1,3,Low,3.5,1,0,0
37,Male,Urban,Bulawayo,Secondary,Informal,3,1,0,0,1,2,Medium,5.4,1,1,0
28,Female,Urban,Harare,Secondary,Informal,4,1,1,0,1,3,Low,0.8,0,1,1
20,Female,Urban,Harare,Primary,Unemployed,2,1,1,0,0,2,Medium,8.7,1,1,0
18,Male,Rural,Matabeleland South,Primary,Unemployed,4,1,0,1,0,2,Medium,23.2,0,0,0
27,Female,Rural,Mashonaland West,Primary,Informal,1,1,0,0,1,2,Medium,40.8,1,0,1
46,Female,Rural,Matabeleland North,Secondary,Informal,2,0,1,1,1,3,Low,19.6,1,1,1
24,Male,Rural,Mashonaland East,Primary,Informal,1,1,0,1,1,3,Low,17.8,1,0,1
18,Male,Rural,Harare,None,Formal,3,1,1,1,1,4,Low,23.4,0,0,1
25,Female,Rural,Masvingo,Secondary,Informal,3,1,0,1,0,2,Medium,12.7,0,1,1
32,Female,Urban,Bulawayo,None,Informal,3,1,0,0,0,1,High,9.5,0,0,1
33,Female,Urban,Bulawayo,None,Unemployed,1,1,1,0,0,2,Medium,0.7,1,1,0
36,Female,Rural,Mashonaland Central,Secondary,Unemployed,1,1,0,1,0,2,Medium,8.2,0,0,1
52,Male,Urban,Mashonaland East,Primary,Formal,4,1,1,1,1,4,Low,7.3,1,1,0
55,Female,Urban,Bulawayo,Secondary,Unemployed,2,1,0,0,0,1,High,7.1,1,1,1
66,Female,Urban,Mashonaland Central,Tertiary,Informal,2,1,1,1,1,4,Low,2.0,1,0,0
18,Male,Rural,Masvingo,Secondary,Formal,4,1,1,0,1,3,Low,14.4,1,0,1
26,Female,Urban,Harare,Tertiary,Formal,4,1,0,1,1,3,Low,0.6,1,1,1
47,Male,Urban,Bulawayo,Secondary,Unemployed,3,1,1,0,0,2,Medium,2.3,1,1,1
31,Male,Urban,Bulawayo,Primary,Informal,4,1,1,1,1,4,Low,0.1,1,1,0
50,Male,Urban,Bulawayo,Tertiary,Informal,5,0,1,0,0,1,High,10.5,1,1,0
40,Female,Rural,Matabeleland North,Secondary,Informal,2,1,1,0,1,3,Low,3.2,0,1,0
60,Male,Urban,Harare,Primary,Informal,4,0,1,0,0,1,High,2.4,1,0,0
52,Male,Rural,Midlands,Primary,Informal,2,1,0,0,0,1,High,10.5,0,0,1
52,Female,Rural,Mashonaland East,Secondary,Informal,3,1,1,0,1,3,Low,66.0,1,1,0
32,Male,Urban,Harare,None,Unemployed,1,1,1,0,0,2,Medium,5.9,1,0,0
36,Female,Rural,Matabeleland South,Primary,Informal,3,0,0,0,0,0,High,1.0,1,0,1
33,Female,Rural,Mashonaland Central,Primary,Informal,1,0,1,0,1,2,Medium,21.2,0,1,1
18,Male,Rural,Midlands,Secondary,Informal,4,1,1,0,0,2,Medium,40.2,1,1,1
58,Male,Urban,Harare,None,Informal,4,0,1,0,0,1,High,1.8,1,1,1
48,Female,Urban,Harare,Secondary,Informal,4,1,1,0,1,3,Low,11.1,1,0,0
33,Male,Rural,Manicaland,Primary,Informal,2,1,0,1,0,2,Medium,14.5,0,0,0
56,Male,Rural,Manicaland,Secondary,Informal,2,1,1,0,1,3,Low,26.9,0,0,1
29,Female,Rural,Manicaland,Primary,Informal,1,1,0,0,1,2,Medium,20.7,0,1,1
18,Female,Rural,Harare,Secondary,Unemployed,2,1,1,0,0,2,Medium,4.7,0,0,0
52,Female,Urban,Harare,Secondary,Informal,4,1,1,0,1,3,Low,3.9,1,1,0
20,Female,Rural,Mashonaland East,Secondary,Informal,1,1,0,1,0,2,Medium,1.0,0,1,0
35,Female,Urban,Harare,Primary,Informal,3,1,1,0,1,3,Low,12.1,0,1,0
40,Female,Rural,Mashonaland Central,Secondary,Informal,3,1,1,0,0,2,Medium,69.5,0,0,0
43,Female,Urban,Harare,Tertiary,Formal,5,1,1,1,1,4,Low,3.0,1,1,0
49,Female,Urban,Harare,Secondary,Informal,4,1,0,1,1,3,Low,3.8,0,1,0
46,Female,Rural,Mashonaland Central,Secondary,Informal,1,1,1,0,0,2,Medium,7.9,1,1,0
45,Female,Rural,Mashonaland East,Secondary,Informal,1,1,1,0,1,3,Low,81.5,0,0,1
26,Male,Rural,Manicaland,Secondary,Informal,2,1,0,0,1,2,Medium,6.8,1,0,1
42,Female,Urban,Harare,Secondary,Formal,5,1,1,1,1,4,Low,0.7,1,1,0
18,Female,Urban,Matabeleland North,Tertiary,Formal,5,1,1,1,1,4,Low,2.8,0,1,1
59,Male,Rural,Mashonaland Central,Secondary,Informal,3,1,0,0,0,1,High,13.2,1,1,1
18,Male,Urban,Harare,Secondary,Informal,3,1,1,0,1,3,Low,3.5,1,1,0
33,Female,Urban,Bulawayo,Secondary,Formal,5,1,1,1,1,4,Low,5.7,0,1,0
19,Male,Rural,Mashonaland West,Secondary,Informal,1,1,0,1,1,3,Low,2.8,1,1,1
27,Male,Urban,Harare,Primary,Informal,3,1,1,0,0,2,Medium,0.8,0,1,0
38,Male,Rural,Matabeleland South,Secondary,Informal,1,0,1,0,0,1,High,27.8,1,0,0
30,Male,Urban,Manicaland,Secondary,Informal,5,1,1,0,1,3,Low,2.3,1,1,0
54,Female,Rural,Midlands,Secondary,Informal,1,1,1,1,0,3,Low,10.8,1,0,1
41,Male,Rural,Midlands,Secondary,Unemployed,1,1,1,1,0,3,Low,6.6,0,0,0
31,Male,Rural,Masvingo,Tertiary,Formal,3,1,1,1,1,4,Low,3.6,1,0,0
36,Female,Rural,Matabeleland North,Primary,Informal,1,1,1,0,1,3,Low,15.9,1,0,1
55,Male,Urban,Harare,Tertiary,Formal,5,1,1,1,1,4,Low,2.8,1,1,0
50,Male,Rural,Midlands,Secondary,Informal,3,0,1,0,1,2,Medium,12.8,0,0,1
22,Female,Rural,Masvingo,Secondary,Unemployed,1,1,0,0,0,1,High,1.2,0,1,0
28,Female,Rural,Mashonaland East,Secondary,Unemployed,3,1,0,0,0,1,High,17.7,1,1,0
44,Female,Rural,Harare,Primary,Informal,1,1,1,0,0,2,Medium,4.6,0,0,1
42,Female,Rural,Masvingo,Secondary,Formal,5,1,1,1,1,4,Low,7.0,0,0,0
23,Female,Rural,Masvingo,Secondary,Unemployed,1,1,0,0,0,1,High,14.9,0,1,0
48,Male,Rural,Matabeleland South,Secondary,Informal,1,0,1,1,1,3,Low,2.1,0,0,1
25,Female,Urban,Harare,Secondary,Unemployed,2,1,1,0,0,2,Medium,6.8,0,1,1
56,Female,Urban,Mashonaland East,Secondary,Formal,4,1,0,1,1,3,Low,5.5,0,1,1
45,Male,Rural,Harare,Primary,Informal,1,0,0,0,1,1,High,1.0,1,0,1
22,Female,Urban,Bulawayo,Secondary,Formal,5,1,1,0,1,3,Low,10.5,0,1,1
30,Male,Rural,Mashonaland West,Secondary,Informal,2,1,1,0,0,2,Medium,8.6,0,0,1
30,Female,Rural,Mashonaland East,Secondary,Informal,2,1,0,0,0,1,High,12.1,1,0,1
40,Female,Urban,Harare,None,Informal,3,1,1,0,1,3,Low,0.6,1,1,0
35,Female,Rural,Mashonaland Central,None,Unemployed,1,1,1,0,0,2,Medium,21.2,1,1,1
21,Male,Rural,Mashonaland Central,Primary,Informal,2,1,1,0,1,3,Low,34.9,0,0,0
18,Female,Rural,Matabeleland South,Primary,Informal,1,1,0,0,1,2,Medium,19.9,1,0,1
45,Female,Urban,Harare,Secondary,Formal,5,1,1,1,1,4,Low,0.6,1,1,0
42,Male,Rural,Matabeleland North,Secondary,Informal,1,1,1,0,0,2,Medium,2.6,0,0,0
39,Male,Urban,Manicaland,Tertiary,Formal,5,1,1,1,1,4,Low,3.3,1,1,0
41,Female,Rural,Manicaland,Primary,Informal,1,0,1,0,0,1,High,13.3,1,0,1
29,Male,Urban,Masvingo,Secondary,Informal,2,0,1,0,0,1,High,2.1,0,1,1
40,Female,Rural,Matabeleland South,Secondary,Unemployed,1,0,0,0,0,0,High,35.2,0,1,1
73,Female,Rural,Matabeleland South,Primary,Unemployed,1,1,0,0,0,1,High,11.3,1,0,1
54,Male,Rural,Matabeleland South,Secondary,Informal,2,1,1,0,0,2,Medium,18.5,1,1,1
33,Female,Urban,Bulawayo,Secondary,Formal,5,1,1,1,1,4,Low,5.8,1,1,0
30,Male,Rural,Midlands,Secondary,Formal,4,1,1,1,1,4,Low,25.7,0,1,1
18,Female,Rural,Mashonaland Central,None,Informal,2,0,0,1,0,1,High,59.3,1,0,1
52,Female,Urban,Harare,Tertiary,Formal,5,1,1,1,1,4,Low,0.7,1,1,0
49,Male,Rural,Matabeleland North,Tertiary,Unemployed,1,1,1,0,0,2,Medium,33.5,0,0,0
30,Female,Rural,Mashonaland East,None,Unemployed,1,0,0,1,0,1,High,91.1,1,1,1
18,Female,Rural,Masvingo,Secondary,Informal,3,1,1,0,0,2,Medium,52.0,1,1,1
21,Female,Rural,Mashonaland West,Secondary,Informal,3,0,0,0,0,0,High,3.1,0,0,1
44,Male,Rural,Mashonaland East,Primary,Informal,2,1,1,1,0,3,Low,25.7,1,0,0
36,Female,Rural,Midlands,Tertiary,Informal,3,0,1,0,0,1,High,10.7,0,1,1
47,Female,Rural,Manicaland,Primary,Informal,2,0,0,0,1,1,High,1.1,1,1,1
39,Male,Urban,Harare,Secondary,Formal,5,1,1,1,1,4,Low,3.4,1,1,0
51,Female,Urban,Bulawayo,None,Unemployed,2,1,1,0,0,2,Medium,2.1,1,1,0
43,Male,Rural,Matabeleland South,Secondary,Informal,4,1,1,0,0,2,Medium,18.4,1,1,1
49,Female,Urban,Mashonaland West,Tertiary,Formal,5,1,1,0,1,3,Low,12.7,1,1,1
18,Male,Rural,Mashonaland Central,Secondary,Formal,4,1,1,1,1,4,Low,68.4,0,0,0
20,Female,Urban,Masvingo,Secondary,Informal,2,0,1,1,1,3,Low,0.6,0,1,1
32,Male,Urban,Bulawayo,Primary,Formal,3,1,1,1,1,4,Low,3.9,1,1,0
53,Male,Urban,Mashonaland West,Tertiary,Unemployed,5,1,1,0,0,2,Medium,12.3,1,1,0
64,Female,Urban,Harare,Secondary,Informal,4,1,1,0,1,3,Low,0.4,1,1,0
35,Female,Urban,Harare,Secondary,Unemployed,3,1,1,0,0,2,Medium,0.5,1,1,0
29,Female,Urban,Bulawayo,Secondary,Informal,4,1,1,0,0,2,Medium,2.5,0,1,0
18,Female,Rural,Masvingo,Tertiary,Unemployed,1,1,1,1,0,3,Low,16.2,1,1,1
50,Male,Urban,Harare,Tertiary,Informal,4,1,1,0,0,2,Medium,2.3,1,0,0
30,Female,Urban,Bulawayo,Secondary,Informal,2,1,1,0,0,2,Medium,1.0,0,0,0
79,Male,Urban,Bulawayo,Secondary,Formal,5,1,1,0,1,3,Low,3.0,1,1,0
27,Male,Urban,Harare,Primary,Informal,4,1,1,0,1,3,Low,4.4,1,1,0
67,Female,Urban,Bulawayo,Secondary,Informal,4,1,1,0,1,3,Low,1.3,1,0,0
48,Female,Rural,Mashonaland East,Secondary,Informal,4,1,1,1,0,3,Low,36.0,1,0,0
23,Male,Rural,Midlands,Secondary,Informal,2,1,1,0,1,3,Low,6.0,1,0,0
41,Male,Urban,Bulawayo,Secondary,Formal,3,1,1,1,1,4,Low,0.1,1,0,0
48,Female,Rural,Masvingo,Primary,Informal,3,1,1,0,1,3,Low,8.2,1,0,0
34,Male,Urban,Matabeleland South,Secondary,Formal,4,0,1,1,1,3,Low,4.8,1,1,0
49,Male,Urban,Bulawayo,Primary,Informal,3,0,1,0,0,1,High,1.4,0,1,1
49,Male,Rural,Mashonaland East,Secondary,Informal,2,1,0,0,1,2,Medium,30.9,0,0,1
46,Male,Urban,Bulawayo,Tertiary,Unemployed,4,1,1,0,0,2,Medium,4.7,1,0,0
37,Male,Rural,Midlands,Secondary,Informal,2,1,0,0,0,1,High,8.6,1,0,0
21,Female,Urban,Harare,Secondary,Unemployed,3,1,1,0,0,2,Medium,0.6,1,0,0
36,Male,Urban,Bulawayo,Secondary,Unemployed,2,1,1,0,0,2,Medium,1.2,1,1,0
40,Female,Urban,Harare,Secondary,Formal,5,1,1,1,1,4,Low,5.0,1,1,0
18,Female,Urban,Mashonaland East,Secondary,Informal,4,0,1,1,0,2,Medium,2.0,1,1,1
40,Female,Rural,Matabeleland North,Primary,Informal,1,1,0,0,1,2,Medium,23.4,1,0,0
36,Female,Urban,Matabeleland South,Tertiary,Unemployed,5,1,1,1,0,3,Low,0.1,1,1,0
19,Female,Rural,Matabeleland North,None,Informal,1,0,1,0,1,2,Medium,29.8,0,1,1
33,Female,Rural,Harare,Secondary,Formal,5,1,1,1,1,4,Low,2.3,0,1,0
33,Female,Rural,Masvingo,Primary,Informal,1,1,1,0,1,3,Low,1.0,1,0,0
65,Female,Urban,Matabeleland North,Secondary,Informal,4,1,1,0,1,3,Low,7.7,1,0,0
41,Female,Urban,Harare,Secondary,Formal,5,1,1,1,0,3,Low,1.9,1,1,0
52,Female,Urban,Harare,Tertiary,Formal,4,1,1,1,1,4,Low,12.8,1,1,0
36,Male,Rural,Matabeleland North,Primary,Unemployed,1,1,0,0,0,1,High,3.2,0,0,1
18,Female,Urban,Bulawayo,Tertiary,Formal,5,1,1,1,1,4,Low,3.4,1,1,0
47,Female,Rural,Manicaland,Secondary,Informal,2,1,0,0,1,2,Medium,52.7,0,1,1
28,Male,Rural,Mashonaland East,Secondary,Informal,4,1,1,0,1,3,Low,62.3,1,1,0
33,Female,Urban,Harare,Tertiary,Formal,5,1,1,1,1,4,Low,1.6,1,1,0
23,Male,Rural,Matabeleland North,Secondary,Informal,2,1,1,0,1,3,Low,9.6,1,1,0
39,Male,Urban,Bulawayo,Primary,Formal,4,1,1,1,1,4,Low,2.9,1,1,0
52,Female,Rural,Mashonaland West,Secondary,Unemployed,3,1,1,0,0,2,Medium,49.8,1,0,1
51,Male,Urban,Mashonaland East,Secondary,Informal,5,1,1,0,0,2,Medium,2.0,1,1,0
60,Male,Rural,Mashonaland East,Secondary,Informal,2,1,1,0,1,3,Low,51.9,1,1,0
62,Male,Rural,Matabeleland North,Secondary,Unemployed,3,1,1,0,0,2,Medium,5.9,0,0,0
18,Female,Rural,Mashonaland East,Secondary,Informal,3,1,0,0,0,1,High,4.9,1,0,0
21,Male,Urban,Harare,Secondary,Formal,5,1,1,1,1,4,Low,0.9,1,1,0
18,Female,Rural,Masvingo,Primary,Informal,2,1,1,0,0,2,Medium,36.2,0,0,1
46,Female,Urban,Bulawayo,Secondary,Informal,3,1,1,1,1,4,Low,2.4,1,1,0
28,Female,Rural,Midlands,Secondary,Informal,1,1,0,0,0,1,High,8.0,0,0,0
31,Female,Urban,Harare,Secondary,Informal,2,0,1,1,0,2,Medium,6.6,1,0,1
34,Female,Urban,Harare,Primary,Informal,5,1,1,0,0,2,Medium,4.0,1,1,0
43,Male,Urban,Harare,Tertiary,Informal,4,1,1,0,1,3,Low,1.0,1,1,0
18,Female,Urban,Bulawayo,Secondary,Informal,2,1,1,0,0,2,Medium,0.2,1,0,1
20,Female,Urban,Harare,Secondary,Formal,5,1,1,1,1,4,Low,4.3,1,1,0
38,Male,Rural,Midlands,Secondary,Informal,1,1,0,0,0,1,High,7.2,0,0,1
54,Male,Urban,Mashonaland East,Tertiary,Informal,3,1,1,0,0,2,Medium,1.2,1,1,0
37,Female,Rural,Mashonaland West,Secondary,Informal,4,1,1,0,1,3,Low,30.5,1,0,1
26,Male,Urban,Bulawayo,Secondary,Formal,4,1,1,1,1,4,Low,0.1,0,1,0
18,Female,Rural,Manicaland,Secondary,Informal,2,1,0,1,1,3,Low,1.0,1,0,1
51,Male,Rural,Masvingo,Tertiary,Informal,2,1,0,0,0,1,High,1.2,1,0,0
27,Female,Urban,Bulawayo,Secondary,Informal,3,1,1,0,1,3,Low,2.1,1,1,0
21,Male,Rural,Midlands,None,Informal,1,1,1,0,0,2,Medium,12.9,1,0,1
18,Female,Rural,Mashonaland West,Primary,Informal,1,0,1,0,0,1,High,25.6,1,1,1
18,Male,Rural,Mashonaland Central,Secondary,Informal,1,0,1,1,0,2,Medium,88.1,1,0,1
24,Male,Urban,Harare,Secondary,Informal,4,1,1,0,1,3,Low,3.1,0,1,0
34,Male,Urban,Harare,Secondary,Formal,5,1,1,0,1,3,Low,17.8,1,1,0
21,Male,Rural,Midlands,Secondary,Informal,2,0,1,0,0,1,High,11.6,1,1,1
40,Female,Urban,Mashonaland East,Tertiary,Formal,5,1,1,1,1,4,Low,4.2,1,1,0
34,Female,Rural,Matabeleland South,Primary,Informal,3,1,1,0,1,3,Low,15.3,0,0,0
69,Male,Urban,Mashonaland West,Secondary,Unemployed,4,1,1,1,0,3,Low,6.2,1,1,0
18,Female,Rural,Manicaland,Tertiary,Formal,4,1,1,1,1,4,Low,24.6,0,1,0
40,Male,Urban,Manicaland,Secondary,Informal,2,0,1,1,1,3,Low,0.2,1,0,0
40,Male,Urban,Manicaland,Secondary,Formal,4,1,1,0,1,3,Low,2.7,1,1,1
23,Female,Rural,Mashonaland Central,None,Informal,2,0,1,0,0,1,High,16.2,0,0,1
39,Female,Rural,Mashonaland West,Primary,Unemployed,2,1,0,0,0,1,High,7.1,0,0,1
48,Female,Rural,Matabeleland North,None,Informal,2,0,1,0,0,1,High,2.6,1,0,0
39,Male,Rural,Midlands,Primary,Formal,3,1,1,0,1,3,Low,65.1,1,0,0
57,Male,Urban,Harare,Secondary,Informal,4,1,1,0,1,3,Low,2.6,1,0,1
18,Female,Urban,Masvingo,Tertiary,Formal,5,1,1,1,1,4,Low,3.3,1,1,0
26,Male,Urban,Matabeleland North,Secondary,Formal,5,1,0,1,1,3,Low,3.5,1,0,0
58,Male,Urban,Matabeleland North,Secondary,Informal,3,1,0,1,0,2,Medium,1.1,1,0,0
50,Female,Urban,Harare,Secondary,Formal,4,1,1,1,1,4,Low,7.8,1,1,0
45,Female,Rural,Mashonaland Central,Tertiary,Informal,3,1,1,0,1,3,Low,55.7,1,1,0
55,Male,Urban,Bulawayo,Secondary,Informal,4,1,1,1,1,4,Low,1.6,1,1,0
18,Male,Urban,Harare,Primary,Unemployed,2,1,1,0,0,2,Medium,1.2,1,1,1
49,Female,Urban,Harare,Primary,Formal,4,1,1,1,1,4,Low,1.8,1,1,0
52,Male,Urban,Mashonaland Central,Tertiary,Informal,4,1,1,0,1,3,Low,9.3,1,1,0
28,Male,Urban,Harare,Tertiary,Formal,5,1,1,1,1,4,Low,2.0,1,1,0
74,Male,Rural,Mashonaland West,Secondary,Formal,3,1,1,1,1,4,Low,16.9,1,1,0
40,Female,Urban,Matabeleland South,Primary,Informal,2,1,1,1,1,4,Low,1.8,1,1,0
18,Female,Rural,Mashonaland West,Secondary,Informal,1,0,1,0,1,2,Medium,28.1,1,1,1
43,Male,Rural,Midlands,Secondary,Formal,4,1,1,0,1,3,Low,6.7,0,0,0
27,Male,Rural,Mashonaland West,Primary,Unemployed,1,1,0,0,0,1,High,5.4,1,0,1
54,Female,Rural,Mashonaland East,None,Informal,1,1,0,0,0,1,High,56.7,1,1,1
45,Female,Urban,Harare,Secondary,Informal,4,1,1,0,1,3,Low,2.4,1,0,0
29,Female,Urban,Harare,Secondary,Formal,5,0,1,1,1,3,Low,0.6,0,1,0
59,Male,Urban,Harare,Tertiary,Formal,5,1,1,1,1,4,Low,0.1,1,1,0
51,Female,Rural,Midlands,Primary,Informal,3,1,1,0,0,2,Medium,41.1,1,0,0
26,Female,Rural,Midlands,Tertiary,Informal,2,1,0,0,1,2,Medium,22.6,0,0,1
35,Female,Urban,Harare,Secondary,Informal,3,1,1,1,0,3,Low,3.6,1,0,1
45,Male,Urban,Harare,Secondary,Informal,4,1,1,0,1,3,Low,1.1,1,0,1
32,Female,Rural,Matabeleland North,Secondary,Informal,2,0,0,0,1,1,High,34.2,1,0,1
33,Male,Rural,Mashonaland West,Secondary,Unemployed,1,0,0,0,0,0,High,36.4,1,1,1
38,Male,Rural,Mashonaland East,None,Formal,4,1,0,1,1,3,Low,11.8,1,0,1
23,Male,Rural,Mashonaland Central,Primary,Informal,2,1,1,0,1,3,Low,6.9,1,0,1
18,Female,Rural,Mashonaland Central,Secondary,Informal,3,0,0,0,1,1,High,4.0,1,1,1
41,Male,Rural,Masvingo,Secondary,Informal,1,1,1,0,1,3,Low,2.6,1,0,1
18,Female,Urban,Harare,Secondary,Informal,5,0,1,0,0,1,High,0.7,1,1,0
24,Female,Urban,Manicaland,Secondary,Informal,3,1,1,0,1,3,Low,0.3,1,1,1
18,Female,Rural,Mashonaland East,Primary,Unemployed,2,1,1,0,0,2,Medium,21.1,0,0,1
18,Male,Rural,Mashonaland West,Primary,Informal,1,1,1,0,0,2,Medium,13.6,1,1,0
43,Female,Urban,Bulawayo,Tertiary,Formal,5,1,1,1,1,4,Low,3.6,1,1,0
34,Male,Rural,Mashonaland Central,Secondary,Formal,4,1,1,0,0,2,Medium,39.0,1,1,1
34,Male,Urban,Masvingo,Secondary,Formal,5,1,1,1,1,4,Low,1.6,1,1,0
19,Male,Rural,Matabeleland North,Secondary,Informal,1,1,0,0,1,2,Medium,12.5,1,1,0
28,Male,Urban,Masvingo,Tertiary,Formal,5,1,1,1,1,4,Low,1.4,1,1,0
43,Female,Rural,Mashonaland West,Primary,Informal,2,0,0,0,0,0,High,51.8,0,0,1
37,Male,Urban,Harare,Secondary,Unemployed,2,1,0,0,0,1,High,3.3,1,0,0
49,Male,Urban,Harare,Secondary,Unemployed,1,1,1,0,0,2,Medium,5.1,0,1,0
51,Female,Urban,Bulawayo,Primary,Informal,2,1,1,0,0,2,Medium,5.3,1,1,0
34,Male,Rural,Masvingo,None,Informal,2,0,1,0,1,2,Medium,28.1,0,0,1
18,Male,Urban,Harare,None,Informal,4,1,0,0,1,2,Medium,14.8,1,1,1
27,Male,Urban,Harare,Primary,Informal,2,1,1,1,1,4,Low,0.9,1,1,0
36,Male,Rural,Mashonaland East,Secondary,Informal,1,0,1,1,0,2,Medium,32.2,1,0,1
27,Female,Urban,Harare,Secondary,Formal,5,1,1,1,1,4,Low,1.6,1,1,0
23,Male,Urban,Harare,Secondary,Informal,3,1,1,0,1,3,Low,10.7,0,0,0
38,Male,Urban,Bulawayo,Tertiary,Informal,4,1,1,0,0,2,Medium,2.7,1,1,0
72,Female,Rural,Midlands,None,Informal,2,0,1,0,1,2,Medium,1.5,0,1,0
31,Male,Urban,Harare,Secondary,Informal,4,1,1,0,0,2,Medium,3.2,1,1,0
37,Female,Urban,Harare,Tertiary,Informal,5,0,1,0,0,1,High,0.1,0,0,0
19,Female,Urban,Harare,Secondary,Formal,4,1,1,1,1,4,Low,4.0,0,1,0
55,Male,Urban,Harare,Secondary,Formal,4,1,1,1,1,4,Low,2.6,1,1,0
50,Male,Urban,Bulawayo,Secondary,Formal,5,1,1,1,1,4,Low,2.7,1,1,0
49,Male,Urban,Harare,Tertiary,Informal,4,1,1,0,0,2,Medium,0.1,0,1,0
57,Male,Urban,Midlands,Primary,Informal,2,1,1,1,1,4,Low,0.4,1,1,0
32,Female,Urban,Mashonaland West,Primary,Formal,4,1,1,1,1,4,Low,5.9,1,1,0
33,Female,Rural,Mashonaland West,Secondary,Unemployed,3,1,1,1,0,3,Low,46.1,1,0,0
61,Male,Urban,Matabeleland North,None,Unemployed,3,1,1,0,0,2,Medium,0.2,0,1,0
46,Male,Urban,Bulawayo,Secondary,Informal,3,1,1,0,1,3,Low,3.5,1,1,0
18,Male,Rural,Midlands,None,Unemployed,1,1,0,0,0,1,High,13.2,0,0,1
44,Female,Rural,Mashonaland East,Primary,Informal,1,0,1,0,1,2,Medium,3.6,1,0,0
29,Female,Rural,Midlands,Secondary,Informal,3,1,0,1,1,3,Low,5.3,0,1,1
50,Male,Urban,Harare,Secondary,Informal,4,1,1,0,1,3,Low,4.6,1,0,0
43,Female,Urban,Harare,Secondary,Formal,5,1,1,1,1,4,Low,14.3,1,1,0
18,Male,Urban,Matabeleland South,Secondary,Informal,3,0,1,0,1,2,Medium,8.8,1,1,1
41,Female,Urban,Harare,Secondary,Unemployed,4,1,1,1,0,3,Low,1.6,1,1,0
40,Female,Urban,Harare,Tertiary,Formal,5,1,1,1,1,4,Low,0.1,1,1,0
43,Female,Rural,Manicaland,None,Informal,1,1,1,0,1,3,Low,23.0,1,1,1
46,Male,Urban,Harare,Secondary,Formal,5,1,1,1,1,4,Low,4.9,1,0,0
58,Male,Rural,Mashonaland East,Secondary,Unemployed,3,0,1,1,0,2,Medium,66.8,1,0,1
43,Female,Urban,Harare,Secondary,Formal,5,1,1,0,1,3,Low,1.3,1,1,0
38,Male,Urban,Bulawayo,Secondary,Unemployed,2,1,1,0,0,2,Medium,0.3,1,0,0
54,Male,Rural,Matabeleland South,Secondary,Formal,4,1,0,1,1,3,Low,8.1,1,0,1
69,Female,Rural,Harare,Primary,Unemployed,1,1,1,0,0,2,Medium,8.9,0,1,0
50,Female,Urban,Mashonaland West,Primary,Informal,2,1,0,0,1,2,Medium,5.4,0,1,0
40,Female,Rural,Masvingo,Tertiary,Formal,4,1,1,1,1,4,Low,12.4,1,1,0
44,Female,Urban,Mashonaland Central,Primary,Formal,5,0,1,1,1,3,Low,3.4,1,1,0
41,Female,Urban,Mashonaland Central,Tertiary,Formal,5,0,1,1,1,3,Low,0.8,1,1,1
38,Male,Rural,Midlands,None,Formal,2,1,1,1,1,4,Low,3.5,1,1,1
68,Female,Urban,Harare,Secondary,Formal,5,1,1,1,1,4,Low,11.1,0,0,0
27,Female,Urban,Bulawayo,Secondary,Informal,2,1,1,0,1,3,Low,3.6,1,1,1
54,Female,Urban,Matabeleland North,None,Informal,3,1,1,0,1,3,Low,2.2,1,1,0
36,Male,Urban,Manicaland,Tertiary,Formal,5,1,1,1,1,4,Low,1.1,1,1,0
18,Male,Urban,Harare,Secondary,Informal,4,1,1,0,1,3,Low,0.4,1,1,0
35,Female,Urban,Bulawayo,Secondary,Informal,3,1,1,1,1,4,Low,0.9,1,1,0
30,Male,Rural,Matabeleland South,Secondary,Unemployed,1,1,1,0,0,2,Medium,1.0,0,0,0
46,Male,Rural,Mashonaland East,Secondary,Informal,3,1,1,0,1,3,Low,22.3,1,0,0
39,Female,Urban,Bulawayo,Secondary,Formal,5,0,1,1,1,3,Low,0.2,1,1,0
23,Female,Urban,Mashonaland West,Secondary,Unemployed,2,1,1,0,0,2,Medium,1.2,0,0,0
58,Male,Rural,Masvingo,None,Unemployed,1,0,1,0,0,1,High,23.9,0,0,1
53,Male,Urban,Harare,Tertiary,Unemployed,4,1,1,1,0,3,Low,3.8,1,1,1
60,Male,Urban,Bulawayo,Secondary,Informal,4,1,1,0,1,3,Low,9.1,0,0,0
41,Female,Rural,Masvingo,Secondary,Informal,3,1,0,1,0,2,Medium,3.8,0,0,1
37,Male,Urban,Harare,Secondary,Unemployed,3,0,0,0,0,0,High,1.7,1,1,0
47,Male,Urban,Bulawayo,Secondary,Informal,3,1,1,0,0,2,Medium,1.1,1,1,0
29,Male,Urban,Harare,Primary,Formal,5,1,1,1,1,4,Low,6.2,1,1,0
39,Male,Urban,Masvingo,Secondary,Unemployed,3,1,1,0,0,2,Medium,1.0,1,1,0
35,Male,Urban,Mashonaland East,Secondary,Unemployed,2,1,1,1,0,3,Low,1.9,1,1,0
18,Male,Rural,Matabeleland South,Primary,Formal,5,1,1,1,1,4,Low,19.2,1,1,1
39,Female,Urban,Bulawayo,Primary,Formal,5,1,1,1,1,4,Low,3.0,1,1,0
31,Male,Rural,Mashonaland Central,Secondary,Unemployed,2,0,0,0,0,0,High,13.3,1,0,1
34,Male,Rural,Matabeleland North,Secondary,Informal,2,1,1,0,0,2,Medium,25.5,0,0,1
43,Male,Urban,Harare,Secondary,Informal,4,1,1,0,0,2,Medium,1.8,0,0,0
55,Male,Urban,Bulawayo,Tertiary,Formal,5,1,1,1,1,4,Low,0.4,0,1,1
26,Male,Urban,Harare,Secondary,Formal,5,1,1,1,1,4,Low,1.4,1,1,0
33,Male,Rural,Masvingo,None,Informal,3,1,1,0,0,2,Medium,15.1,1,0,1
27,Male,Urban,Bulawayo,Tertiary,Unemployed,5,1,0,0,0,1,High,0.7,1,0,1
26,Male,Rural,Mashonaland West,Secondary,Informal,2,1,1,1,0,3,Low,8.5,1,0,1
29,Female,Rural,Mashonaland West,Secondary,Formal,4,1,1,1,1,4,Low,109.8,1,1,0
35,Male,Rural,Manicaland,Secondary,Informal,1,1,1,0,1,3,Low,22.1,1,0,1
46,Female,Rural,Mashonaland East,None,Informal,1,1,1,0,1,3,Low,13.3,1,1,0
42,Female,Rural,Mashonaland West,Secondary,Unemployed,1,1,1,0,0,2,Medium,14.5,1,0,1
23,Male,Rural,Midlands,Primary,Informal,1,1,1,0,0,2,Medium,10.3,1,0,1
56,Male,Rural,Midlands,None,Unemployed,1,0,0,0,0,0,High,7.7,1,0,1
51,Male,Rural,Midlands,Secondary,Unemployed,2,0,1,0,0,1,High,1.4,0,0,0
25,Male,Rural,Manicaland,Primary,Informal,1,0,1,0,1,2,Medium,18.8,0,0,1
55,Female,Rural,Mashonaland East,None,Formal,3,0,1,1,1,3,Low,47.8,1,0,0
42,Male,Urban,Bulawayo,Secondary,Unemployed,3,1,1,0,0,2,Medium,5.1,0,1,0
35,Female,Rural,Matabeleland North,Primary,Formal,3,1,1,1,1,4,Low,1.2,1,1,1
43,Female,Urban,Manicaland,Secondary,Unemployed,4,1,1,1,0,3,Low,7.7,1,1,0
37,Female,Rural,Matabeleland South,None,Informal,2,1,1,0,0,2,Medium,34.7,0,0,1
45,Female,Urban,Bulawayo,Secondary,Formal,4,1,1,1,1,4,Low,0.4,0,1,1
40,Female,Rural,Masvingo,Secondary,Informal,2,0,1,0,1,2,Medium,29.4,0,1,1
33,Female,Rural,Midlands,Secondary,Informal,1,1,1,0,0,2,Medium,23.9,0,0,0
18,Female,Rural,Mashonaland Central,Secondary,Informal,1,1,1,0,1,3,Low,17.9,1,1,1
45,Male,Urban,Mashonaland East,Tertiary,Informal,5,1,1,0,1,3,Low,0.3,1,1,1
32,Male,Rural,Matabeleland North,None,Informal,1,1,0,0,1,2,Medium,30.9,1,0,0
48,Male,Rural,Manicaland,Primary,Informal,2,1,1,0,0,2,Medium,53.2,0,0,0
44,Male,Rural,Midlands,Secondary,Informal,3,0,1,0,1,2,Medium,14.1,1,1,1
33,Female,Rural,Midlands,Secondary,Unemployed,2,1,0,1,0,2,Medium,41.6,0,0,0
52,Male,Rural,Matabeleland South,Tertiary,Unemployed,2,0,0,0,0,0,High,19.7,0,0,1
40,Male,Rural,Manicaland,Secondary,Informal,3,1,1,1,1,4,Low,9.8,1,1,0
40,Female,Urban,Harare,Tertiary,Unemployed,2,1,1,0,0,2,Medium,1.4,1,0,0
36,Male,Rural,Matabeleland North,None,Informal,1,1,0,0,0,1,High,5.9,0,0,1
61,Female,Urban,Harare,Secondary,Formal,5,1,1,1,1,4,Low,3.7,1,1,0
28,Male,Rural,Manicaland,Secondary,Formal,4,1,1,1,1,4,Low,6.0,1,1,0
33,Female,Rural,Mashonaland West,Secondary,Unemployed,1,1,1,0,0,2,Medium,1.6,1,0,0
20,Female,Urban,Harare,Tertiary,Formal,4,1,1,1,1,4,Low,0.3,1,0,0
48,Male,Urban,Manicaland,Tertiary,Unemployed,1,1,1,0,0,2,Medium,0.1,1,1,0
29,Female,Urban,Bulawayo,Secondary,Informal,3,1,1,0,0,2,Medium,5.5,0,1,0
31,Male,Rural,Manicaland,Secondary,Formal,3,1,1,1,1,4,Low,1.1,1,1,0
30,Female,Urban,Bulawayo,Tertiary,Informal,3,1,1,1,0,3,Low,2.0,1,1,1
38,Female,Urban,Harare,Tertiary,Informal,3,1,1,0,0,2,Medium,6.8,1,1,0
20,Male,Rural,Manicaland,Secondary,Informal,2,1,0,0,0,1,High,5.1,1,1,0
18,Female,Urban,Bulawayo,Secondary,Informal,4,1,1,0,1,3,Low,0.1,0,0,0
44,Female,Rural,Mashonaland West,Tertiary,Informal,3,1,1,0,1,3,Low,10.2,1,1,1
18,Female,Urban,Harare,Secondary,Formal,5,1,1,1,1,4,Low,1.6,0,1,0
49,Female,Urban,Bulawayo,Primary,Informal,3,1,1,0,0,2,Medium,0.7,1,0,1
59,Female,Urban,Harare,Primary,Informal,3,1,1,0,1,3,Low,6.2,1,1,0
35,Male,Urban,Bulawayo,Secondary,Informal,4,1,1,1,1,4,Low,0.9,1,0,1
56,Female,Urban,Harare,Tertiary,Formal,5,1,1,0,1,3,Low,2.0,1,1,0
37,Female,Rural,Matabeleland North,Secondary,Informal,2,0,1,0,0,1,High,81.3,0,1,1
60,Male,Urban,Bulawayo,Secondary,Formal,5,1,1,1,0,3,Low,2.0,1,1,0
31,Male,Urban,Harare,Secondary,Formal,5,1,1,1,1,4,Low,0.8,1,1,0
18,Male,Urban,Bulawayo,Tertiary,Informal,5,1,1,1,1,4,Low,0.7,1,0,0
36,Male,Urban,Mashonaland East,Secondary,Formal,5,1,1,1,1,4,Low,3.4,1,1,0
61,Male,Rural,Manicaland,Secondary,Informal,2,1,1,0,1,3,Low,1.0,0,0,0
45,Male,Urban,Bulawayo,Secondary,Informal,2,1,1,1,1,4,Low,0.2,0,1,0
30,Female,Rural,Matabeleland South,Secondary,Formal,4,1,0,1,1,3,Low,31.9,1,0,0
42,Male,Urban,Harare,Secondary,Formal,5,1,1,1,1,4,Low,9.4,1,1,0
51,Male,Urban,Matabeleland North,Secondary,Informal,4,1,1,1,0,3,Low,16.8,1,1,1
36,Female,Urban,Harare,Secondary,Informal,4,1,1,1,0,3,Low,2.5,1,1,1
74,Male,Urban,Manicaland,Tertiary,Informal,5,1,1,0,1,3,Low,4.6,1,1,0
30,Male,Rural,Midlands,Tertiary,Formal,4,0,1,1,0,2,Medium,6.2,1,0,0
52,Female,Urban,Midlands,Secondary,Formal,4,1,1,1,1,4,Low,5.2,1,1,0
48,Female,Urban,Bulawayo,Primary,Informal,2,1,1,0,0,2,Medium,8.3,1,1,0
28,Female,Rural,Matabeleland North,None,Unemployed,1,1,0,0,0,1,High,4.9,1,0,1
32,Male,Rural,Mashonaland Central,Primary,Informal,3,1,1,0,0,2,Medium,32.9,0,0,0
52,Male,Rural,Mashonaland East,Primary,Informal,1,1,1,0,0,2,Medium,44.9,1,0,1
40,Female,Rural,Midlands,Secondary,Informal,1,1,0,0,0,1,High,25.0,0,1,0
42,Female,Rural,Mashonaland West,Tertiary,Informal,3,1,0,0,0,1,High,10.7,1,0,0
18,Female,Rural,Matabeleland South,Primary,Unemployed,2,0,1,1,0,2,Medium,73.2,0,0,1
47,Female,Rural,Manicaland,Secondary,Informal,1,1,1,0,1,3,Low,76.3,0,0,0
42,Male,Urban,Harare,Tertiary,Informal,2,1,1,0,1,3,Low,2.1,0,0,0
37,Male,Rural,Mashonaland Central,Primary,Informal,1,0,0,1,0,1,High,30.2,0,0,1
43,Female,Urban,Bulawayo,Tertiary,Formal,5,1,1,1,0,3,Low,0.7,0,1,0
32,Female,Rural,Manicaland,Tertiary,Formal,4,1,1,1,1,4,Low,8.5,1,1,0
29,Male,Rural,Mashonaland East,Tertiary,Formal,4,1,1,1,1,4,Low,6.6,1,1,0
34,Female,Urban,Midlands,Tertiary,Formal,5,1,1,1,1,4,Low,0.3,1,1,0
31,Male,Rural,Matabeleland South,Primary,Informal,2,0,1,0,0,1,High,16.3,0,0,1
68,Female,Rural,Matabeleland South,Primary,Formal,3,1,1,1,1,4,Low,26.8,1,0,0
50,Male,Urban,Harare,Tertiary,Formal,4,1,1,1,1,4,Low,5.9,1,1,0
24,Female,Urban,Harare,Secondary,Formal,4,1,1,1,1,4,Low,3.4,1,1,0
66,Male,Rural,Matabeleland North,Secondary,Informal,4,0,1,0,1,2,Medium,19.2,1,1,0
31,Female,Rural,Bulawayo,Primary,Unemployed,1,1,1,0,0,2,Medium,6.6,1,0,0
38,Female,Urban,Harare,Secondary,Informal,2,1,1,0,1,3,Low,5.8,1,1,0
50,Male,Urban,Matabeleland North,Primary,Formal,4,1,1,1,1,4,Low,1.0,1,1,0
18,Female,Rural,Manicaland,Secondary,Informal,2,1,0,0,0,1,High,49.4,1,0,0
34,Female,Urban,Matabeleland North,Secondary,Informal,4,1,1,0,0,2,Medium,0.7,1,1,0
29,Female,Urban,Harare,Secondary,Formal,5,1,0,0,0,1,High,9.8,1,1,0
40,Male,Urban,Harare,Secondary,Formal,4,1,1,1,1,4,Low,5.3,1,1,0
43,Female,Urban,Harare,Secondary,Formal,5,1,1,1,1,4,Low,3.1,1,1,0
36,Female,Rural,Midlands,Secondary,Informal,3,1,1,0,1,3,Low,44.8,1,1,0
36,Female,Rural,Masvingo,Tertiary,Informal,2,1,0,0,1,2,Medium,26.4,1,1,1
52,Male,Rural,Matabeleland South,Secondary,Informal,2,1,1,0,0,2,Medium,20.2,1,0,0
42,Female,Rural,Mashonaland East,Secondary,Formal,4,0,1,0,1,2,Medium,5.5,1,1,1
38,Male,Urban,Masvingo,Tertiary,Formal,5,1,1,1,0,3,Low,10.4,1,1,0
40,Male,Urban,Bulawayo,Secondary,Unemployed,1,1,1,1,0,3,Low,4.3,1,1,0
63,Male,Urban,Bulawayo,Secondary,Informal,3,1,1,1,0,3,Low,2.4,1,1,0
40,Male,Urban,Mashonaland Central,Secondary,Informal,3,0,1,0,0,1,High,9.5,1,1,1
30,Male,Urban,Mashonaland Central,Secondary,Unemployed,2,1,1,1,0,3,Low,0.8,1,1,0
18,Male,Urban,Bulawayo,Secondary,Informal,3,0,0,0,0,0,High,0.1,1,1,1
18,Female,Urban,Harare,Secondary,Formal,5,0,1,1,1,3,Low,2.8,1,1,0
31,Female,Urban,Masvingo,Secondary,Informal,4,0,1,1,0,2,Medium,4.9,1,1,0
36,Male,Rural,Mashonaland Central,Secondary,Informal,4,1,0,0,0,1,High,26.4,0,0,1
30,Female,Rural,Midlands,Primary,Informal,1,1,1,0,0,2,Medium,23.2,0,0,1
42,Female,Rural,Mashonaland East,Secondary,Informal,2,1,1,0,0,2,Medium,16.0,0,0,0
30,Female,Rural,Manicaland,Secondary,Formal,4,1,1,1,1,4,Low,116.1,1,1,0
25,Female,Rural,Mashonaland East,None,Formal,4,1,1,1,1,4,Low,9.0,1,1,1
46,Female,Urban,Bulawayo,Secondary,Formal,5,1,1,0,1,3,Low,1.5,1,1,0
57,Female,Rural,Mashonaland West,Secondary,Informal,2,1,1,0,1,3,Low,27.6,0,1,1
22,Female,Urban,Mashonaland West,Primary,Formal,4,1,1,1,1,4,Low,4.9,1,1,0
41,Female,Urban,Bulawayo,Secondary,Formal,4,1,1,1,1,4,Low,4.2,1,1,0
18,Male,Urban,Harare,Tertiary,Formal,5,1,1,1,1,4,Low,2.1,1,1,1
18,Female,Urban,Bulawayo,None,Unemployed,3,1,1,1,0,3,Low,0.7,1,1,0
29,Female,Urban,Mashonaland East,Secondary,Informal,2,1,1,1,1,4,Low,20.0,1,1,1
53,Female,Rural,Midlands,None,Informal,1,0,0,1,1,2,Medium,75.0,1,0,1
27,Female,Rural,Mashonaland West,None,Informal,2,0,0,0,0,0,High,11.5,0,1,1
26,Male,Rural,Midlands,Primary,Informal,1,1,1,0,0,2,Medium,24.3,0,0,0
38,Male,Rural,Manicaland,Tertiary,Formal,3,1,1,1,1,4,Low,6.9,1,0,0
38,Female,Urban,Bulawayo,Secondary,Formal,5,1,1,1,1,4,Low,0.4,0,1,0
27,Female,Urban,Mashonaland East,Secondary,Formal,5,1,1,1,0,3,Low,4.9,1,1,0
65,Female,Rural,Mashonaland West,Secondary,Unemployed,1,0,0,0,0,0,High,1.0,1,0,1
34,Female,Urban,Harare,Secondary,Informal,5,1,1,1,1,4,Low,3.7,0,1,1
39,Female,Urban,Bulawayo,Secondary,Formal,4,1,1,1,1,4,Low,0.3,1,0,0
32,Female,Urban,Harare,Secondary,Informal,2,1,1,1,0,3,Low,9.0,1,1,0
44,Male,Rural,Mashonaland Central,Primary,Informal,3,1,0,0,0,1,High,10.4,1,0,1
55,Female,Rural,Mashonaland Central,Secondary,Informal,2,1,0,0,1,2,Medium,18.6,0,0,1
61,Male,Urban,Mashonaland Central,Secondary,Informal,4,1,1,0,0,2,Medium,1.9,1,1,0
27,Female,Rural,Mashonaland Central,Secondary,Unemployed,1,1,0,1,0,2,Medium,13.7,1,0,0
53,Male,Urban,Bulawayo,Secondary,Informal,3,1,1,1,1,4,Low,0.1,0,0,0
45,Female,Urban,Midlands,Secondary,Unemployed,2,1,1,0,0,2,Medium,0.4,1,1,0
51,Male,Urban,Mashonaland Central,Secondary,Formal,5,1,0,1,1,3,Low,2.0,1,1,1
36,Male,Urban,Bulawayo,Secondary,Informal,4,1,1,0,1,3,Low,1.0,1,1,0
35,Female,Rural,Masvingo,Secondary,Unemployed,2,1,1,0,0,2,Medium,28.5,0,1,1
51,Female,Urban,Harare,Secondary,Formal,5,0,0,1,1,2,Medium,7.1,1,1,1
51,Male,Rural,Mashonaland West,Tertiary,Unemployed,3,1,1,0,0,2,Medium,14.7,1,0,1
59,Female,Urban,Harare,Secondary,Unemployed,2,1,1,0,0,2,Medium,2.3,0,1,0
40,Male,Rural,Manicaland,Secondary,Informal,2,1,1,1,1,4,Low,7.1,1,0,0
36,Male,Rural,Manicaland,Secondary,Informal,1,1,1,0,1,3,Low,3.6,1,0,0
18,Male,Rural,Masvingo,Secondary,Informal,3,1,1,0,0,2,Medium,12.6,1,1,0
18,Female,Rural,Mashonaland Central,None,Informal,1,1,0,0,0,1,High,49.6,0,0,1
32,Female,Rural,Manicaland,Secondary,Unemployed,2,1,1,1,0,3,Low,30.7,1,0,0
22,Female,Urban,Masvingo,Primary,Formal,5,1,1,1,1,4,Low,0.1,0,1,0
49,Female,Rural,Manicaland,Primary,Informal,1,0,0,0,0,0,High,18.2,0,1,1
19,Female,Rural,Matabeleland North,Secondary,Informal,1,1,0,0,0,1,High,14.6,0,1,1
30,Female,Urban,Harare,Secondary,Informal,3,1,0,0,0,1,High,0.9,1,1,1
31,Female,Urban,Bulawayo,Secondary,Informal,4,1,0,0,1,2,Medium,2.3,1,1,1
54,Male,Urban,Harare,Secondary,Informal,4,0,0,1,0,1,High,0.2,1,1,1
29,Male,Urban,Harare,Tertiary,Informal,4,1,1,0,1,3,Low,1.5,1,1,0
44,Male,Urban,Mashonaland East,Tertiary,Informal,3,1,1,0,1,3,Low,1.0,1,1,0
40,Female,Urban,Bulawayo,Secondary,Informal,4,1,1,0,1,3,Low,0.9,1,1,0
50,Female,Rural,Manicaland,Secondary,Informal,2,1,0,0,1,2,Medium,20.4,0,0,0
49,Male,Urban,Harare,Secondary,Formal,4,1,1,1,0,3,Low,0.4,1,1,0
37,Female,Rural,Mashonaland West,Secondary,Formal,4,1,1,1,1,4,Low,3.9,1,0,1
18,Female,Urban,Harare,Tertiary,Informal,4,1,1,0,1,3,Low,0.2,1,1,1
34,Male,Rural,Masvingo,Secondary,Informal,4,1,1,0,0,2,Medium,24.8,0,0,0
37,Male,Urban,Bulawayo,Secondary,Formal,4,1,1,1,1,4,Low,2.1,1,0,0
42,Male,Urban,Bulawayo,Tertiary,Informal,4,1,1,0,0,2,Medium,0.8,1,0,1
27,Male,Urban,Mashonaland East,Secondary,Informal,2,1,1,0,0,2,Medium,1.2,1,1,0
53,Female,Rural,Mashonaland West,Tertiary,Formal,3,0,1,1,1,3,Low,24.2,1,0,0
38,Female,Urban,Masvingo,Primary,Informal,2,1,1,0,1,3,Low,3.1,1,1,0
25,Male,Rural,Mashonaland West,Primary,Informal,2,0,1,0,0,1,High,10.2,1,0,0
31,Male,Urban,Bulawayo,Tertiary,Unemployed,4,1,1,0,0,2,Medium,1.7,1,1,0
64,Male,Rural,Matabeleland North,Primary,Informal,1,0,0,0,0,0,High,12.1,1,0,1
47,Male,Urban,Bulawayo,Secondary,Informal,4,1,1,0,1,3,Low,0.8,1,0,1
52,Male,Rural,Harare,Secondary,Informal,2,0,0,0,0,0,High,1.0,0,1,1
23,Female,Urban,Midlands,Secondary,Informal,4,1,1,0,0,2,Medium,1.2,1,1,0
28,Female,Urban,Matabeleland South,Secondary,Formal,5,1,1,1,1,4,Low,1.9,1,1,0
28,Female,Urban,Harare,Secondary,Formal,4,1,1,1,1,4,Low,4.2,1,1,0
40,Male,Urban,Bulawayo,Secondary,Unemployed,4,1,1,0,0,2,Medium,1.7,1,1,0
35,Female,Urban,Mashonaland Central,Secondary,Unemployed,4,1,1,0,0,2,Medium,0.5,1,1,0
31,Male,Rural,Midlands,Primary,Unemployed,3,1,0,0,0,1,High,37.3,1,1,1
32,Male,Urban,Bulawayo,Tertiary,Unemployed,3,1,1,0,0,2,Medium,7.8,1,1,0
26,Female,Urban,Harare,Secondary,Informal,3,1,1,1,1,4,Low,5.5,1,1,0
35,Female,Rural,Matabeleland North,Secondary,Informal,2,0,0,0,0,0,High,59.4,1,0,1
53,Male,Urban,Harare,Tertiary,Informal,5,1,1,0,1,3,Low,1.9,1,1,0
18,Female,Urban,Bulawayo,Secondary,Formal,5,1,1,1,1,4,Low,0.6,1,1,1
42,Female,Rural,Masvingo,Tertiary,Unemployed,1,0,1,0,0,1,High,13.8,0,0,1
57,Female,Rural,Matabeleland North,Primary,Unemployed,1,0,1,0,0,1,High,16.7,1,0,1
35,Female,Rural,Mashonaland Central,Secondary,Informal,1,1,1,0,1,3,Low,18.9,0,1,0
30,Male,Urban,Bulawayo,Tertiary,Formal,4,1,1,1,1,4,Low,0.6,1,1,0
50,Female,Rural,Masvingo,Secondary,Informal,2,1,1,0,1,3,Low,5.2,1,0,1
24,Male,Urban,Harare,Secondary,Unemployed,2,1,1,1,0,3,Low,2.2,1,1,0
37,Male,Rural,Mashonaland Central,Primary,Informal,1,1,1,1,0,3,Low,12.0,0,0,1
23,Female,Rural,Mashonaland Central,Primary,Informal,1,1,1,0,1,3,Low,24.2,1,0,1
18,Female,Rural,Midlands,Tertiary,Informal,2,1,1,0,0,2,Medium,27.8,1,0,1
35,Male,Urban,Bulawayo,Secondary,Informal,3,0,1,0,1,2,Medium,1.3,0,1,0
20,Female,Urban,Bulawayo,Secondary,Informal,2,1,1,0,1,3,Low,5.9,1,0,0
37,Female,Rural,Masvingo,Primary,Informal,1,1,0,0,1,2,Medium,3.2,1,1,1
53,Female,Urban,Mashonaland West,Secondary,Formal,5,1,1,1,1,4,Low,2.2,1,1,0
63,Male,Urban,Bulawayo,Secondary,Informal,4,1,1,0,1,3,Low,0.1,1,1,0
39,Male,Rural,Manicaland,Primary,Unemployed,1,1,0,1,0,2,Medium,1.3,1,1,0
52,Male,Rural,Mashonaland Central,Secondary,Informal,2,1,1,0,1,3,Low,4.0,1,0,0
43,Male,Urban,Harare,Secondary,Formal,5,1,1,1,1,4,Low,1.9,1,1,0
32,Male,Urban,Mashonaland West,Secondary,Formal,4,1,1,1,1,4,Low,3.4,1,1,0
18,Male,Urban,Bulawayo,Secondary,Formal,5,1,1,1,1,4,Low,2.6,1,0,0
60,Male,Urban,Mashonaland Central,Secondary,Formal,5,1,1,1,1,4,Low,0.1,1,1,0
23,Male,Urban,Manicaland,Tertiary,Informal,4,1,0,0,1,2,Medium,1.2,1,1,0
57,Female,Rural,Matabeleland South,Secondary,Informal,2,1,0,0,1,2,Medium,14.8,1,0,1
45,Female,Rural,Midlands,Secondary,Informal,1,1,1,0,1,3,Low,2.5,0,0,1
24,Male,Urban,Bulawayo,Secondary,Informal,4,1,1,0,1,3,Low,6.4,1,1,0
42,Female,Urban,Harare,Primary,Unemployed,3,1,1,1,0,3,Low,2.3,1,0,1
67,Male,Rural,Manicaland,Secondary,Informal,2,1,1,0,1,3,Low,1.6,1,1,0
59,Male,Rural,Masvingo,Secondary,Informal,2,1,1,0,0,2,Medium,18.8,1,0,0
30,Female,Rural,Matabeleland South,Primary,Informal,1,1,1,0,1,3,Low,16.1,0,1,0
28,Male,Urban,Bulawayo,Secondary,Unemployed,4,1,1,0,0,2,Medium,0.6,1,1,0
39,Male,Rural,Mashonaland East,Primary,Informal,1,1,1,0,0,2,Medium,28.3,1,0,0
35,Male,Urban,Manicaland,Secondary,Informal,3,1,1,1,0,3,Low,0.3,1,1,0
54,Female,Urban,Harare,Secondary,Formal,5,0,1,1,1,3,Low,0.1,1,1,0
48,Female,Rural,Mashonaland East,Tertiary,Informal,2,0,1,1,0,2,Medium,55.1,1,1,1
18,Male,Urban,Mashonaland West,Primary,Unemployed,3,1,1,0,0,2,Medium,1.3,1,0,0
44,Male,Urban,Bulawayo,Tertiary,Informal,5,1,1,0,0,2,Medium,4.4,1,1,0
35,Male,Urban,Harare,Primary,Informal,3,1,1,0,1,3,Low,1.3,0,0,1
38,Female,Urban,Harare,Secondary,Informal,4,1,1,0,0,2,Medium,3.4,1,1,0
41,Male,Urban,Bulawayo,Secondary,Informal,3,1,0,0,1,2,Medium,0.4,1,1,0
54,Female,Rural,Mashonaland West,Primary,Informal,2,0,1,0,1,2,Medium,6.0,1,0,1
51,Female,Urban,Harare,Tertiary,Formal,5,1,1,0,1,3,Low,3.2,1,1,0
27,Male,Urban,Bulawayo,Secondary,Formal,5,1,1,1,1,4,Low,5.9,1,1,0
37,Female,Rural,Matabeleland North,None,Unemployed,1,1,1,1,0,3,Low,1.0,1,0,0
31,Male,Urban,Harare,Tertiary,Informal,5,1,0,1,0,2,Medium,2.9,1,0,0
18,Male,Rural,Masvingo,Primary,Informal,2,1,0,1,1,3,Low,7.9,1,0,0
36,Male,Urban,Bulawayo,Primary,Unemployed,1,1,0,0,0,1,High,17.4,1,0,0
63,Male,Rural,Mashonaland East,None,Informal,3,1,0,1,0,2,Medium,13.0,1,1,1
18,Female,Urban,Harare,Secondary,Formal,4,1,1,0,1,3,Low,0.3,1,1,0
37,Female,Rural,Mashonaland East,Tertiary,Formal,4,1,1,1,1,4,Low,6.4,1,1,0
37,Male,Urban,Harare,None,Unemployed,1,1,1,1,0,3,Low,13.0,1,0,0
42,Male,Rural,Matabeleland South,Secondary,Informal,2,0,0,0,1,1,High,4.4,0,1,1
24,Female,Urban,Bulawayo,Secondary,Formal,5,1,1,1,1,4,Low,0.6,1,0,0
18,Male,Rural,Midlands,Primary,Informal,2,1,1,1,0,3,Low,60.1,0,0,1
18,Male,Urban,Harare,Tertiary,Formal,5,1,1,0,1,3,Low,1.2,1,1,0
56,Female,Urban,Bulawayo,Tertiary,Informal,3,1,1,1,0,3,Low,0.3,1,1,0
24,Female,Urban,Bulawayo,Secondary,Formal,3,0,1,0,1,2,Medium,2.3,1,1,0
31,Female,Urban,Mashonaland Central,Secondary,Informal,4,1,1,1,0,3,Low,1.0,1,1,0
67,Male,Urban,Masvingo,None,Unemployed,1,1,1,0,0,2,Medium,3.8,1,0,0
27,Male,Rural,Masvingo,Secondary,Informal,4,1,1,0,0,2,Medium,11.5,1,1,0
42,Male,Urban,Bulawayo,Secondary,Unemployed,3,1,1,0,0,2,Medium,5.9,1,1,0
52,Female,Urban,Matabeleland South,Secondary,Informal,3,1,1,0,0,2,Medium,1.2,1,1,0
52,Male,Urban,Matabeleland South,Secondary,Unemployed,2,1,1,1,0,3,Low,0.7,0,1,0
19,Male,Urban,Midlands,Tertiary,Formal,5,1,1,1,1,4,Low,4.1,1,1,0
28,Male,Urban,Harare,Primary,Unemployed,2,1,1,0,0,2,Medium,2.6,0,0,1
42,Female,Rural,Harare,Secondary,Informal,3,1,0,0,0,1,High,2.9,1,1,1
65,Female,Urban,Harare,Secondary,Formal,5,1,0,1,1,3,Low,0.6,1,1,1
27,Female,Rural,Matabeleland North,Primary,Unemployed,2,1,1,0,0,2,Medium,21.5,1,0,1
31,Male,Urban,Harare,Secondary,Formal,4,1,1,1,1,4,Low,6.8,1,0,0
43,Female,Urban,Harare,Secondary,Informal,2,1,1,0,1,3,Low,1.8,1,0,0
46,Male,Rural,Masvingo,Secondary,Informal,3,1,1,0,0,2,Medium,10.1,1,1,0
47,Male,Urban,Harare,Tertiary,Informal,3,0,1,1,0,2,Medium,1.2,1,1,1
26,Male,Urban,Manicaland,Secondary,Formal,5,1,1,1,1,4,Low,10.0,1,1,0
30,Female,Rural,Mashonaland Central,None,Unemployed,1,1,0,0,0,1,High,6.9,0,1,1
41,Male,Rural,Midlands,Primary,Informal,1,0,1,0,0,1,High,10.0,0,0,1
55,Female,Rural,Mashonaland East,Secondary,Unemployed,2,1,0,0,0,1,High,11.5,0,0,1
34,Male,Urban,Bulawayo,Secondary,Informal,3,1,1,0,1,3,Low,3.1,1,0,1
37,Male,Rural,Masvingo,Secondary,Formal,3,1,1,0,1,3,Low,4.8,1,1,0
23,Female,Rural,Mashonaland East,Primary,Informal,2,0,1,0,0,1,High,26.7,1,0,1
64,Female,Rural,Mashonaland West,Primary,Unemployed,2,1,1,0,0,2,Medium,1.6,0,1,1
40,Male,Urban,Mashonaland West,Secondary,Unemployed,3,0,0,0,0,0,High,1.1,1,0,0
53,Female,Urban,Bulawayo,Tertiary,Formal,5,1,1,1,1,4,Low,0.6,1,1,0
38,Male,Urban,Harare,Secondary,Formal,4,1,1,1,1,4,Low,2.6,1,1,0
39,Male,Urban,Manicaland,Secondary,Formal,5,1,1,0,1,3,Low,0.5,1,1,0
18,Female,Rural,Mashonaland Central,Primary,Unemployed,1,0,0,1,0,1,High,13.9,1,0,1
18,Female,Urban,Bulawayo,Tertiary,Formal,5,0,1,1,1,3,Low,2.0,1,1,0
55,Male,Urban,Bulawayo,Tertiary,Formal,5,1,1,1,0,3,Low,0.9,1,1,0
39,Male,Urban,Bulawayo,Secondary,Formal,5,1,1,1,1,4,Low,15.3,0,1,0
40,Female,Urban,Harare,Tertiary,Unemployed,3,1,1,0,0,2,Medium,3.5,1,1,0
20,Male,Urban,Harare,Tertiary,Formal,5,1,1,0,1,3,Low,1.0,1,0,0
25,Female,Urban,Harare,Secondary,Informal,3,1,1,0,1,3,Low,2.5,0,1,0
52,Female,Urban,Harare,Secondary,Formal,4,1,1,1,1,4,Low,1.3,1,1,0
62,Female,Rural,Masvingo,Secondary,Informal,1,1,1,0,0,2,Medium,21.4,0,0,1
29,Male,Urban,Bulawayo,Secondary,Informal,3,1,1,0,1,3,Low,2.9,1,0,1
47,Female,Urban,Harare,Tertiary,Unemployed,3,1,1,0,0,2,Medium,5.7,1,1,0
40,Male,Urban,Harare,Secondary,Informal,4,1,1,0,1,3,Low,3.2,1,1,0
36,Male,Urban,Bulawayo,Secondary,Formal,4,0,0,1,1,2,Medium,3.3,0,1,0
63,Male,Urban,Bulawayo,Secondary,Formal,4,1,1,1,1,4,Low,6.8,1,1,0
31,Male,Urban,Mashonaland West,Secondary,Formal,4,0,1,1,1,3,Low,4.7,1,1,1
55,Female,Urban,Harare,Primary,Informal,2,1,1,1,0,3,Low,4.3,1,0,1
43,Female,Urban,Harare,Secondary,Unemployed,4,1,1,1,0,3,Low,1.0,1,1,0
37,Female,Rural,Mashonaland East,None,Informal,1,0,1,1,1,3,Low,33.9,0,0,1
57,Female,Urban,Bulawayo,Tertiary,Unemployed,4,1,1,0,0,2,Medium,1.5,1,1,0
42,Female,Urban,Bulawayo,Primary,Formal,5,1,1,0,1,3,Low,0.6,1,0,0
36,Female,Rural,Manicaland,None,Unemployed,1,0,0,0,0,0,High,34.3,1,1,1
57,Female,Urban,Harare,Tertiary,Unemployed,5,1,1,1,0,3,Low,0.1,1,1,1
55,Female,Urban,Bulawayo,Primary,Informal,2,1,1,1,0,3,Low,0.2,1,0,0
54,Female,Urban,Harare,Secondary,Formal,4,1,1,0,1,3,Low,0.3,1,1,0
18,Male,Urban,Bulawayo,Secondary,Unemployed,3,1,1,0,0,2,Medium,5.4,1,1,0
44,Female,Urban,Harare,Tertiary,Unemployed,4,1,1,0,0,2,Medium,1.1,1,1,0
40,Male,Rural,Mashonaland East,Primary,Informal,2,1,1,0,0,2,Medium,25.9,0,0,0
37,Male,Rural,Mashonaland Central,None,Unemployed,1,1,0,1,0,2,Medium,15.5,0,0,1
46,Female,Rural,Midlands,Primary,Unemployed,1,1,0,0,0,1,High,1.8,0,0,1
41,Male,Urban,Harare,Tertiary,Formal,5,1,1,1,1,4,Low,3.2,1,1,0
47,Male,Urban,Harare,Tertiary,Formal,5,1,1,1,1,4,Low,1.8,1,1,0
34,Male,Urban,Mashonaland West,Secondary,Formal,5,1,1,1,1,4,Low,0.8,0,1,0
58,Male,Urban,Harare,Secondary,Informal,4,1,1,0,1,3,Low,3.3,1,1,0
48,Female,Urban,Harare,Secondary,Unemployed,1,0,1,0,0,1,High,1.0,1,1,1
45,Female,Urban,Harare,Secondary,Unemployed,5,1,1,0,0,2,Medium,3.8,1,1,0
44,Male,Urban,Bulawayo,Secondary,Formal,4,1,1,0,0,2,Medium,1.7,1,1,0
54,Female,Urban,Harare,Tertiary,Informal,3,1,1,0,1,3,Low,3.0,1,0,0
52,Female,Urban,Mashonaland West,None,Informal,2,0,1,0,1,2,Medium,3.0,1,0,1
36,Female,Rural,Matabeleland South,Secondary,Informal,4,1,1,0,1,3,Low,21.3,1,0,0
51,Male,Urban,Bulawayo,Primary,Informal,2,1,1,1,0,3,Low,2.9,1,1,0
40,Male,Rural,Mashonaland Central,Secondary,Informal,2,1,1,0,0,2,Medium,63.4,1,0,1
64,Male,Urban,Mashonaland East,Secondary,Formal,5,1,1,1,1,4,Low,4.5,1,1,0
53,Male,Urban,Masvingo,Primary,Informal,2,0,1,0,0,1,High,0.8,1,0,1
29,Female,Urban,Mashonaland West,Tertiary,Unemployed,4,1,1,0,0,2,Medium,0.9,1,0,0
70,Male,Urban,Harare,Secondary,Formal,4,1,1,1,1,4,Low,13.8,1,1,0
18,Female,Urban,Bulawayo,Tertiary,Informal,4,1,1,0,1,3,Low,1.2,1,1,0
46,Female,Urban,Manicaland,Tertiary,Unemployed,4,1,0,0,0,1,High,0.7,1,1,1
28,Male,Rural,Midlands,Tertiary,Unemployed,4,1,1,0,0,2,Medium,1.0,1,0,1
64,Male,Urban,Harare,Tertiary,Informal,3,1,1,0,1,3,Low,5.9,1,1,0
41,Female,Urban,Mashonaland East,Secondary,Formal,5,0,1,1,1,3,Low,1.2,1,1,1
26,Female,Rural,Matabeleland North,Secondary,Informal,2,0,1,0,0,1,High,57.1,0,1,1
34,Male,Urban,Masvingo,Secondary,Informal,3,1,1,0,1,3,Low,2.5,1,1,0
28,Female,Rural,Matabeleland North,Primary,Informal,4,1,1,0,1,3,Low,9.3,0,0,1
33,Female,Urban,Mashonaland West,Secondary,Formal,5,0,1,1,1,3,Low,2.3,0,1,1
33,Female,Urban,Harare,Secondary,Formal,3,1,1,1,1,4,Low,7.1,1,0,1
27,Male,Urban,Harare,Secondary,Informal,3,1,0,0,1,2,Medium,4.8,1,1,0
41,Female,Urban,Harare,Secondary,Unemployed,3,1,1,0,0,2,Medium,0.4,0,1,0
43,Female,Rural,Matabeleland South,None,Informal,1,1,1,0,0,2,Medium,14.3,1,0,0
24,Male,Urban,Harare,Tertiary,Formal,5,1,1,1,1,4,Low,0.5,1,1,0
18,Female,Urban,Bulawayo,Tertiary,Formal,4,1,1,0,1,3,Low,1.1,1,1,1
42,Female,Urban,Midlands,Secondary,Informal,5,1,1,0,1,3,Low,20.0,1,1,0
45,Male,Rural,Midlands,Primary,Informal,2,1,0,0,1,2,Medium,6.3,1,0,1
48,Female,Rural,Matabeleland North,Secondary,Formal,4,1,1,1,1,4,Low,45.2,1,1,1
45,Female,Rural,Matabeleland South,Primary,Unemployed,3,0,1,0,0,1,High,67.8,1,0,1
60,Female,Rural,Manicaland,Secondary,Unemployed,1,1,0,0,0,1,High,28.8,1,0,1
51,Female,Rural,Mashonaland West,Secondary,Unemployed,2,1,0,0,0,1,High,7.3,0,0,0
75,Male,Urban,Bulawayo,Secondary,Informal,2,0,0,1,0,1,High,1.2,0,1,1
80,Male,Rural,Matabeleland South,Primary,Unemployed,2,1,0,0,0,1,High,1.0,1,1,1
18,Male,Urban,Harare,Primary,Informal,2,1,1,0,0,2,Medium,4.0,1,1,0
18,Female,Urban,Harare,Secondary,Informal,4,1,0,0,0,1,High,1.0,1,1,0
37,Male,Rural,Matabeleland North,Secondary,Formal,5,1,0,1,0,2,Medium,55.8,1,1,1
45,Female,Urban,Bulawayo,Secondary,Formal,5,1,1,0,1,3,Low,5.1,1,1,0
36,Male,Urban,Mashonaland West,Tertiary,Formal,4,1,1,1,1,4,Low,3.8,1,1,0
47,Male,Urban,Bulawayo,Tertiary,Unemployed,3,0,1,0,0,1,High,2.0,1,1,1
34,Female,Urban,Mashonaland West,Secondary,Informal,4,1,1,1,1,4,Low,2.8,1,1,0
28,Female,Rural,Mashonaland West,Secondary,Unemployed,2,1,0,0,0,1,High,13.0,0,0,1
30,Male,Urban,Mashonaland East,Secondary,Informal,5,1,1,0,1,3,Low,0.1,0,1,0
35,Male,Rural,Matabeleland North,Primary,Formal,5,0,0,1,1,2,Medium,37.9,1,1,1
49,Male,Urban,Harare,Secondary,Informal,3,1,1,1,1,4,Low,0.3,1,0,0
31,Male,Rural,Mashonaland East,None,Informal,1,1,1,0,1,3,Low,60.5,1,0,1
33,Male,Urban,Masvingo,Secondary,Unemployed,2,1,0,1,0,2,Medium,17.1,1,1,0
45,Female,Rural,Mashonaland Central,Primary,Informal,1,0,1,0,1,2,Medium,4.5,0,1,1
35,Male,Urban,Bulawayo,Secondary,Formal,5,1,1,1,1,4,Low,1.8,1,1,0
53,Male,Urban,Harare,Secondary,Informal,2,1,1,0,1,3,Low,1.5,1,1,0
25,Male,Urban,Mashonaland Central,Tertiary,Informal,3,1,1,0,1,3,Low,14.1,1,1,0
22,Male,Urban,Harare,Secondary,Informal,4,1,0,0,1,2,Medium,6.9,1,1,1
42,Female,Urban,Bulawayo,Tertiary,Formal,5,1,1,1,1,4,Low,0.5,1,1,0
43,Male,Rural,Masvingo,Secondary,Informal,2,1,1,0,0,2,Medium,4.9,1,0,0
25,Male,Rural,Mashonaland Central,Primary,Formal,3,1,1,1,1,4,Low,7.5,0,1,1
56,Female,Rural,Mashonaland West,Secondary,Informal,2,1,1,0,0,2,Medium,36.6,0,0,1
64,Female,Urban,Masvingo,Primary,Informal,2,1,1,1,1,4,Low,2.8,0,1,0
29,Female,Urban,Bulawayo,Primary,Formal,3,1,1,1,1,4,Low,2.0,1,1,0
58,Female,Rural,Midlands,Tertiary,Informal,3,1,1,0,1,3,Low,26.5,1,0,0
18,Female,Rural,Matabeleland South,Secondary,Formal,3,1,0,1,0,2,Medium,1.0,1,1,1
53,Female,Urban,Bulawayo,Tertiary,Formal,5,1,1,1,1,4,Low,0.3,1,1,0
25,Female,Rural,Masvingo,Primary,Informal,1,1,0,0,0,1,High,19.9,1,0,0
51,Male,Urban,Matabeleland South,Tertiary,Formal,5,1,1,1,1,4,Low,0.2,1,1,0
24,Female,Rural,Masvingo,Primary,Formal,4,0,0,1,1,2,Medium,23.6,0,1,1
37,Female,Rural,Mashonaland West,Primary,Informal,2,1,0,0,0,1,High,11.9,0,1,1
26,Female,Rural,Matabeleland South,Secondary,Informal,1,0,0,0,1,1,High,42.3,1,0,1
35,Male,Urban,Matabeleland South,Secondary,Unemployed,3,1,1,1,0,3,Low,5.2,1,1,0
63,Female,Rural,Mashonaland West,Secondary,Unemployed,2,0,0,0,0,0,High,23.9,1,0,1
36,Male,Urban,Harare,Tertiary,Informal,5,1,1,0,0,2,Medium,11.8,1,1,0
67,Female,Rural,Masvingo,Secondary,Informal,2,1,0,0,1,2,Medium,1.0,1,1,1
32,Male,Urban,Mashonaland Central,None,Informal,1,1,0,0,1,2,Medium,4.3,1,1,0
58,Female,Rural,Mashonaland East,Primary,Unemployed,1,1,0,1,0,2,Medium,3.5,1,0,1
18,Female,Rural,Matabeleland South,Tertiary,Informal,2,1,1,0,0,2,Medium,7.0,1,0,0
33,Male,Urban,Bulawayo,Secondary,Unemployed,1,1,0,0,0,1,High,5.1,1,1,1
30,Male,Urban,Harare,Secondary,Informal,2,0,1,1,1,3,Low,1.3,1,1,0
59,Male,Rural,Masvingo,None,Informal,1,1,0,0,1,2,Medium,32.9,1,0,1
40,Female,Urban,Harare,None,Informal,2,1,0,0,0,1,High,0.8,1,1,1
18,Female,Urban,Mashonaland East,Tertiary,Formal,5,1,1,1,1,4,Low,4.2,1,1,0
19,Female,Urban,Harare,Secondary,Unemployed,4,1,1,0,0,2,Medium,5.0,1,1,0
23,Male,Urban,Mashonaland East,Tertiary,Formal,5,1,1,1,1,4,Low,0.9,1,1,0
51,Female,Rural,Mashonaland East,Primary,Informal,1,1,0,0,1,2,Medium,47.5,1,0,1
49,Female,Rural,Midlands,Primary,Informal,1,1,1,1,0,3,Low,19.5,0,1,0
33,Male,Urban,Mashonaland Central,Secondary,Formal,5,0,1,1,1,3,Low,1.5,1,1,0
30,Male,Urban,Harare,Tertiary,Informal,4,1,1,0,1,3,Low,6.5,1,1,0
48,Male,Urban,Midlands,Secondary,Formal,4,1,1,1,1,4,Low,5.9,1,1,0
22,Male,Urban,Bulawayo,Secondary,Formal,3,1,1,1,0,3,Low,2.2,1,1,0
44,Male,Rural,Masvingo,Secondary,Formal,1,0,1,0,1,2,Medium,34.6,1,0,1
43,Male,Urban,Matabeleland North,Primary,Unemployed,3,1,1,0,0,2,Medium,6.8,1,1,1
34,Male,Urban,Matabeleland North,Secondary,Unemployed,2,1,1,0,0,2,Medium,2.5,1,1,0
43,Male,Rural,Matabeleland North,Secondary,Informal,1,0,1,1,1,3,Low,101.4,1,1,1
39,Male,Urban,Midlands,None,Unemployed,3,1,1,0,0,2,Medium,2.6,0,1,1
44,Female,Rural,Mashonaland East,Secondary,Unemployed,3,1,1,0,0,2,Medium,41.0,1,0,0
19,Female,Urban,Harare,Primary,Formal,5,1,1,1,1,4,Low,2.0,1,1,0
46,Male,Urban,Harare,Tertiary,Unemployed,4,1,1,0,0,2,Medium,0.1,0,1,0
52,Female,Urban,Harare,Tertiary,Formal,5,1,1,0,1,3,Low,0.4,1,1,0
42,Female,Rural,Masvingo,Secondary,Unemployed,1,1,0,1,0,2,Medium,93.1,1,0,1
46,Male,Rural,Mashonaland East,Secondary,Informal,3,0,0,0,1,1,High,57.0,1,1,1
36,Male,Urban,Bulawayo,Secondary,Unemployed,4,1,1,0,0,2,Medium,0.2,1,1,0
50,Male,Urban,Harare,Secondary,Formal,5,1,1,1,1,4,Low,1.3,0,1,0
38,Female,Urban,Harare,Secondary,Formal,5,1,1,1,1,4,Low,9.7,1,1,0
21,Male,Rural,Matabeleland South,None,Unemployed,1,1,0,1,0,2,Medium,14.9,0,0,1
49,Male,Rural,Manicaland,Secondary,Informal,3,0,1,0,0,1,High,21.1,1,1,1
18,Female,Rural,Matabeleland North,None,Informal,1,1,0,0,1,2,Medium,50.3,1,0,1
41,Female,Rural,Matabeleland South,Secondary,Informal,3,1,1,0,1,3,Low,32.2,1,1,1
32,Male,Urban,Bulawayo,Secondary,Informal,3,1,1,1,1,4,Low,4.8,1,1,1
31,Female,Rural,Midlands,Secondary,Formal,4,1,1,0,1,3,Low,39.4,0,0,0
40,Male,Rural,Midlands,Primary,Informal,1,1,0,0,1,2,Medium,40.4,0,1,1
28,Female,Urban,Harare,Secondary,Formal,5,1,1,1,1,4,Low,7.1,1,1,1
45,Female,Rural,Matabeleland North,Secondary,Informal,2,1,0,0,0,1,High,30.8,1,0,1
38,Female,Urban,Harare,Tertiary,Unemployed,5,1,1,0,0,2,Medium,2.3,0,1,0
29,Male,Rural,Mashonaland West,Secondary,Informal,2,1,1,0,0,2,Medium,23.3,1,1,0
56,Male,Rural,Masvingo,Primary,Informal,1,1,0,0,1,2,Medium,4.7,1,0,1
40,Female,Rural,Matabeleland North,Secondary,Formal,4,0,1,0,1,2,Medium,38.7,1,1,1
46,Male,Urban,Mashonaland West,Primary,Unemployed,3,1,1,1,0,3,Low,2.1,1,1,1
57,Female,Urban,Manicaland,Secondary,Formal,5,1,1,1,1,4,Low,7.9,0,1,0
57,Male,Rural,Matabeleland South,None,Formal,2,1,1,1,1,4,Low,51.4,0,0,0
46,Female,Rural,Masvingo,Secondary,Unemployed,2,1,0,0,0,1,High,27.8,1,1,1
33,Male,Urban,Harare,Secondary,Formal,4,1,1,1,1,4,Low,0.5,1,1,0
18,Male,Rural,Bulawayo,Secondary,Unemployed,2,1,1,0,0,2,Medium,19.1,1,0,0
40,Female,Urban,Bulawayo,Tertiary,Formal,5,1,1,1,1,4,Low,2.7,1,1,0
53,Male,Rural,Matabeleland North,Secondary,Unemployed,1,1,1,0,0,2,Medium,13.5,0,1,0
42,Female,Rural,Manicaland,Primary,Formal,4,1,1,1,1,4,Low,25.5,1,1,0
18,Female,Urban,Harare,Secondary,Formal,5,1,1,1,0,3,Low,3.4,1,1,0
50,Female,Urban,Harare,Tertiary,Informal,4,1,0,0,1,2,Medium,0.3,1,1,1
51,Female,Rural,Masvingo,Secondary,Informal,2,1,1,0,0,2,Medium,16.2,0,0,1
33,Female,Rural,Mashonaland West,Secondary,Unemployed,2,1,1,1,0,3,Low,40.7,1,1,1
51,Female,Rural,Mashonaland Central,Secondary,Informal,1,0,0,0,0,0,High,4.3,0,0,1
46,Male,Urban,Harare,Secondary,Informal,2,1,1,0,0,2,Medium,0.4,1,0,0
28,Female,Rural,Mashonaland East,Primary,Informal,2,1,0,0,1,2,Medium,42.2,1,1,1
55,Female,Urban,Bulawayo,Tertiary,Informal,5,1,1,0,1,3,Low,4.8,1,1,0
20,Male,Urban,Matabeleland North,Secondary,Unemployed,4,1,0,0,0,1,High,3.6,1,1,1
37,Female,Urban,Harare,Primary,Formal,5,0,1,1,1,3,Low,3.6,1,1,0
35,Male,Rural,Masvingo,Secondary,Formal,3,1,0,0,1,2,Medium,4.0,1,0,1
26,Female,Rural,Masvingo,Secondary,Unemployed,2,1,0,1,0,2,Medium,3.3,1,1,1
42,Male,Rural,Matabeleland North,Secondary,Unemployed,2,1,0,0,0,1,High,18.6,1,0,0
56,Female,Rural,Mashonaland East,Secondary,Informal,3,1,1,0,1,3,Low,60.2,1,0,0
55,Male,Urban,Harare,Tertiary,Informal,5,1,1,0,1,3,Low,4.8,1,1,0
48,Female,Urban,Matabeleland North,Secondary,Informal,5,1,1,0,0,2,Medium,1.2,1,1,0
18,Male,Urban,Matabeleland South,Secondary,Formal,4,1,1,0,1,3,Low,1.6,1,1,0
19,Female,Urban,Harare,Secondary,Unemployed,2,1,1,1,0,3,Low,0.7,1,1,1
40,Female,Urban,Bulawayo,Secondary,Unemployed,3,1,1,0,0,2,Medium,0.7,0,1,0
37,Female,Rural,Bulawayo,Secondary,Unemployed,1,1,1,0,0,2,Medium,1.0,0,0,1
31,Male,Rural,Manicaland,Tertiary,Unemployed,1,0,0,0,0,0,High,16.5,1,0,1
64,Male,Rural,Manicaland,Primary,Unemployed,2,1,0,0,0,1,High,19.8,1,1,0
39,Male,Urban,Manicaland,Primary,Formal,4,1,1,1,1,4,Low,1.7,1,1,0
45,Female,Urban,Harare,Secondary,Unemployed,3,0,1,0,0,1,High,7.3,1,1,1
51,Male,Urban,Harare,Secondary,Formal,4,1,1,1,1,4,Low,0.4,0,1,0
38,Female,Urban,Harare,Tertiary,Formal,5,1,1,1,1,4,Low,0.1,1,1,1
74,Male,Urban,Harare,Tertiary,Formal,5,0,1,0,1,2,Medium,2.1,1,1,0
24,Female,Urban,Harare,Secondary,Formal,5,1,1,1,1,4,Low,0.9,1,1,0
29,Male,Urban,Bulawayo,Tertiary,Informal,5,1,1,0,0,2,Medium,0.7,1,1,0
24,Male,Rural,Masvingo,Primary,Informal,1,1,0,0,1,2,Medium,3.6,0,1,1
59,Male,Urban,Bulawayo,Secondary,Formal,5,1,1,1,1,4,Low,0.1,1,1,0
49,Male,Urban,Bulawayo,Secondary,Formal,5,1,0,1,1,3,Low,0.4,1,1,0
30,Male,Urban,Mashonaland Central,Tertiary,Formal,5,1,1,1,1,4,Low,2.1,0,1,0
25,Male,Urban,Harare,Secondary,Informal,4,0,1,0,1,2,Medium,2.3,0,1,1
57,Female,Urban,Harare,Secondary,Informal,4,1,1,0,1,3,Low,5.4,1,1,0
43,Female,Urban,Mashonaland West,Secondary,Informal,2,1,1,0,0,2,Medium,5.8,1,0,0
57,Male,Rural,Matabeleland North,Primary,Unemployed,1,1,0,0,0,1,High,4.4,0,0,0
37,Female,Urban,Bulawayo,Secondary,Informal,3,1,0,0,1,2,Medium,2.2,1,1,1
45,Male,Rural,Mashonaland East,Secondary,Informal,1,1,1,0,1,3,Low,5.1,1,0,0
42,Male,Urban,Harare,Primary,Informal,2,1,1,0,0,2,Medium,6.8,1,1,0
29,Male,Urban,Harare,Secondary,Informal,3,1,1,0,1,3,Low,0.8,0,0,0
35,Male,Urban,Mashonaland West,Primary,Formal,5,1,1,1,1,4,Low,1.3,1,1,0
21,Male,Urban,Bulawayo,Secondary,Unemployed,4,1,1,1,0,3,Low,4.7,1,1,0
44,Female,Urban,Harare,Secondary,Formal,5,0,1,1,1,3,Low,1.2,1,1,1
48,Female,Rural,Mashonaland Central,Secondary,Unemployed,2,1,0,0,0,1,High,27.8,0,1,1
51,Female,Urban,Harare,Secondary,Formal,5,1,1,1,1,4,Low,3.9,0,1,0
47,Female,Rural,Mashonaland Central,Secondary,Informal,1,1,0,0,1,2,Medium,13.9,1,1,1
36,Male,Urban,Bulawayo,Tertiary,Formal,5,1,1,1,1,4,Low,0.5,1,1,0
59,Female,Urban,Harare,Secondary,Unemployed,2,1,1,0,0,2,Medium,0.7,0,1,1
50,Male,Urban,Masvingo,Tertiary,Informal,3,1,1,1,1,4,Low,5.4,1,1,0
57,Male,Urban,Manicaland,Secondary,Formal,5,1,1,1,1,4,Low,6.4,1,1,0
58,Male,Urban,Matabeleland North,Primary,Formal,4,1,1,1,1,4,Low,10.7,1,1,0
36,Male,Rural,Midlands,Primary,Informal,2,0,1,0,1,2,Medium,22.9,1,1,1
43,Female,Rural,Midlands,None,Informal,1,1,1,0,1,3,Low,4.1,1,0,0
48,Male,Rural,Midlands,None,Formal,4,1,1,1,1,4,Low,1.6,1,1,0
21,Male,Urban,Harare,Secondary,Unemployed,2,1,1,0,0,2,Medium,2.1,1,1,0
22,Female,Rural,Mashonaland Central,Primary,Informal,3,0,1,0,0,1,High,4.9,1,0,0
19,Female,Rural,Mashonaland Central,Tertiary,Formal,5,0,1,1,0,2,Medium,41.2,1,1,1
36,Male,Rural,Masvingo,Secondary,Informal,1,1,0,0,1,2,Medium,3.8,0,0,1
33,Female,Rural,Matabeleland North,Secondary,Informal,1,1,0,0,0,1,High,1.0,1,0,0
18,Female,Rural,Manicaland,Secondary,Unemployed,2,0,1,1,0,2,Medium,29.8,1,0,0
40,Male,Rural,Matabeleland South,Tertiary,Formal,5,1,1,1,0,3,Low,27.6,1,1,0
36,Male,Rural,Matabeleland South,Secondary,Informal,3,0,1,1,0,2,Medium,6.4,0,0,0
54,Male,Urban,Bulawayo,Secondary,Formal,5,1,1,0,1,3,Low,4.2,1,1,1
66,Male,Rural,Mashonaland West,Secondary,Unemployed,1,1,0,0,0,1,High,34.6,0,0,0
44,Female,Urban,Harare,Tertiary,Formal,5,1,1,1,1,4,Low,4.1,1,1,0
28,Female,Rural,Mashonaland West,Secondary,Informal,1,1,1,0,0,2,Medium,2.6,0,0,1
47,Female,Rural,Mashonaland Central,None,Informal,1,1,0,0,0,1,High,54.8,0,0,1
38,Female,Urban,Bulawayo,Tertiary,Informal,4,1,1,0,1,3,Low,0.5,1,1,0
34,Female,Urban,Harare,Secondary,Formal,5,1,1,1,1,4,Low,0.2,1,1,0
25,Female,Urban,Harare,Secondary,Unemployed,4,1,1,0,0,2,Medium,4.5,1,1,0
31,Female,Urban,Harare,Secondary,Unemployed,4,1,1,1,0,3,Low,2.9,1,1,0
35,Male,Urban,Bulawayo,Secondary,Formal,5,1,1,1,0,3,Low,2.3,1,1,0
49,Male,Rural,Mashonaland East,Primary,Informal,1,1,1,0,1,3,Low,9.8,0,1,0
45,Female,Rural,Midlands,Primary,Unemployed,2,1,0,0,0,1,High,7.0,1,0,1
63,Male,Rural,Harare,Secondary,Informal,4,1,1,0,1,3,Low,12.1,1,1,0
47,Male,Urban,Matabeleland North,Secondary,Informal,4,1,0,0,1,2,Medium,1.0,1,1,0
43,Male,Urban,Harare,Tertiary,Unemployed,4,1,1,0,0,2,Medium,8.6,0,1,0
33,Female,Urban,Harare,Secondary,Formal,5,1,1,0,1,3,Low,1.1,1,1,0
23,Male,Rural,Midlands,Secondary,Informal,2,1,1,0,0,2,Medium,143.0,0,0,1
30,Male,Urban,Manicaland,Primary,Informal,4,1,1,0,1,3,Low,0.9,1,1,0
28,Female,Urban,Bulawayo,Tertiary,Informal,4,1,1,0,1,3,Low,0.7,1,1,0
18,Male,Urban,Manicaland,Tertiary,Informal,4,1,1,0,0,2,Medium,1.2,0,1,0
23,Female,Rural,Mashonaland West,Primary,Informal,1,1,1,1,0,3,Low,21.7,1,0,0
60,Male,Urban,Mashonaland East,Secondary,Informal,5,1,1,0,1,3,Low,3.0,1,1,0
43,Male,Rural,Mashonaland Central,Secondary,Unemployed,1,1,1,0,0,2,Medium,1.0,1,0,0
32,Male,Rural,Matabeleland South,Primary,Informal,1,1,1,0,0,2,Medium,9.0,1,1,0
43,Female,Rural,Midlands,Secondary,Informal,2,0,0,1,1,2,Medium,37.0,1,0,1
18,Female,Urban,Mashonaland West,Tertiary,Formal,5,1,0,1,1,3,Low,4.0,1,1,0
41,Male,Urban,Manicaland,Secondary,Formal,5,1,1,1,1,4,Low,1.6,1,1,0
55,Male,Urban,Bulawayo,Tertiary,Formal,5,1,1,1,1,4,Low,1.3,1,1,0
36,Female,Urban,Bulawayo,Primary,Unemployed,1,1,0,0,0,1,High,1.7,1,1,1
18,Female,Rural,Mashonaland West,Tertiary,Informal,2,1,1,0,1,3,Low,3.9,0,0,0
32,Male,Urban,Masvingo,Tertiary,Formal,5,1,1,1,1,4,Low,4.9,1,1,0
55,Male,Urban,Bulawayo,Secondary,Informal,4,0,1,0,1,2,Medium,9.9,1,1,0
41,Male,Urban,Harare,Secondary,Informal,4,1,0,0,0,1,High,3.6,1,1,0
18,Male,Rural,Matabeleland South,Secondary,Informal,2,0,1,0,0,1,High,23.9,1,0,1
71,Female,Urban,Harare,Tertiary,Formal,5,1,1,1,1,4,Low,2.2,1,1,0
20,Female,Rural,Matabeleland South,Primary,Informal,1,0,1,0,0,1,High,2.5,0,0,0
34,Female,Urban,Mashonaland East,Secondary,Formal,4,1,1,0,1,3,Low,8.0,1,1,0
23,Female,Rural,Mashonaland Central,Secondary,Informal,1,1,0,0,1,2,Medium,6.5,1,1,0
23,Male,Rural,Manicaland,Secondary,Informal,2,0,1,1,0,2,Medium,15.2,0,0,0
31,Female,Urban,Manicaland,Secondary,Informal,4,1,1,0,1,3,Low,1.0,1,1,0
46,Male,Urban,Harare,Secondary,Unemployed,2,1,0,0,0,1,High,0.7,0,1,1
56,Male,Urban,Midlands,Tertiary,Formal,5,1,1,1,1,4,Low,2.9,1,1,0
32,Female,Urban,Harare,Primary,Informal,4,1,0,1,0,2,Medium,6.3,1,1,0
23,Male,Urban,Harare,Tertiary,Unemployed,2,1,1,1,0,3,Low,2.5,0,1,0
44,Female,Rural,Manicaland,Secondary,Informal,2,1,0,0,0,1,High,30.2,1,0,0
45,Female,Rural,Matabeleland South,Tertiary,Informal,3,1,1,1,0,3,Low,9.2,1,0,0
41,Female,Urban,Bulawayo,Primary,Unemployed,2,0,1,0,0,1,High,6.6,0,1,0
41,Female,Rural,Midlands,Secondary,Informal,1,1,1,1,0,3,Low,21.7,0,1,1
36,Male,Urban,Midlands,Tertiary,Informal,3,0,0,0,0,0,High,7.8,1,1,0
39,Male,Rural,Masvingo,Secondary,Informal,1,1,1,0,0,2,Medium,46.3,1,0,1
35,Female,Urban,Harare,None,Unemployed,2,1,0,0,0,1,High,1.4,0,0,1
52,Female,Rural,Manicaland,Secondary,Informal,2,1,0,0,1,2,Medium,6.3,1,0,0
69,Female,Rural,Midlands,None,Formal,4,0,0,0,1,1,High,8.0,1,1,0
40,Male,Urban,Harare,Secondary,Informal,3,1,1,0,1,3,Low,2.2,1,0,0
37,Male,Urban,Masvingo,Tertiary,Formal,4,1,1,1,1,4,Low,3.6,1,1,0
41,Male,Urban,Masvingo,Tertiary,Informal,4,1,1,0,0,2,Medium,1.9,1,1,0
28,Female,Rural,Masvingo,Secondary,Formal,5,1,1,1,1,4,Low,50.0,1,1,0
48,Female,Urban,Bulawayo,Primary,Informal,3,1,1,1,1,4,Low,0.1,1,0,0
44,Female,Rural,Midlands,Primary,Informal,1,1,0,0,0,1,High,63.1,1,0,1
32,Male,Rural,Matabeleland South,Primary,Informal,1,1,0,1,1,3,Low,5.6,1,0,0
50,Female,Rural,Matabeleland North,Primary,Informal,2,1,0,0,0,1,High,11.2,1,1,1
38,Male,Urban,Harare,Tertiary,Formal,5,1,1,1,1,4,Low,6.5,1,1,0
24,Male,Urban,Bulawayo,Secondary,Formal,4,1,1,1,1,4,Low,0.4,1,1,0
42,Male,Rural,Mashonaland East,Primary,Informal,1,1,1,1,0,3,Low,3.5,1,1,0
41,Female,Urban,Matabeleland South,Tertiary,Informal,4,1,0,0,1,2,Medium,0.8,1,0,0
51,Male,Rural,Masvingo,Primary,Unemployed,1,1,1,0,0,2,Medium,8.5,0,0,0
49,Male,Urban,Mashonaland East,Secondary,Formal,5,1,1,0,1,3,Low,5.4,1,1,0
36,Female,Urban,Harare,Secondary,Informal,3,1,1,1,0,3,Low,0.7,1,1,0
31,Female,Rural,Midlands,None,Unemployed,1,1,0,0,0,1,High,2.0,1,0,0
38,Male,Urban,Harare,Secondary,Informal,3,0,1,0,1,2,Medium,0.5,1,1,1
43,Male,Urban,Manicaland,Secondary,Formal,5,1,0,1,1,3,Low,6.0,1,0,0
44,Female,Urban,Harare,Secondary,Formal,5,1,0,0,1,2,Medium,0.2,0,1,0
42,Female,Urban,Masvingo,Secondary,Unemployed,2,1,0,0,0,1,High,4.2,1,1,0
36,Female,Rural,Matabeleland North,Primary,Informal,2,0,1,0,0,1,High,1.0,0,1,1
51,Male,Urban,Bulawayo,Secondary,Formal,4,1,1,1,1,4,Low,2.4,1,1,0
28,Female,Urban,Harare,Primary,Informal,2,1,1,1,1,4,Low,2.3,1,0,0
72,Female,Urban,Harare,Primary,Formal,4,1,1,0,1,3,Low,3.5,1,1,0
48,Male,Rural,Mashonaland East,Primary,Informal,3,0,1,0,1,2,Medium,34.7,1,0,1
22,Male,Urban,Harare,Primary,Unemployed,1,1,1,0,0,2,Medium,0.5,0,0,1
40,Female,Rural,Mashonaland West,None,Unemployed,1,1,1,0,0,2,Medium,37.9,0,0,1
48,Male,Rural,Mashonaland West,Tertiary,Informal,2,1,0,0,1,2,Medium,23.2,1,0,0
33,Female,Urban,Harare,Secondary,Unemployed,4,1,0,0,0,1,High,0.9,1,1,1
18,Female,Rural,Matabeleland North,Secondary,Unemployed,3,1,1,0,0,2,Medium,33.5,1,1,0
23,Male,Rural,Mashonaland West,Primary,Unemployed,1,1,1,1,0,3,Low,12.7,1,0,0
45,Female,Urban,Harare,None,Unemployed,2,1,0,0,0,1,High,2.2,1,1,1
18,Male,Urban,Mashonaland West,Tertiary,Unemployed,3,1,1,0,0,2,Medium,11.0,0,1,0
18,Female,Rural,Mashonaland West,Secondary,Informal,2,1,1,0,1,3,Low,38.6,0,0,1
45,Female,Rural,Matabeleland North,Tertiary,Formal,4,1,1,1,1,4,Low,5.8,1,1,0
34,Female,Rural,Midlands,None,Formal,1,1,1,0,1,3,Low,10.5,1,0,0
28,Male,Rural,Matabeleland South,Primary,Informal,1,1,1,0,0,2,Medium,1.9,0,0,0
31,Female,Urban,Bulawayo,Tertiary,Unemployed,4,1,1,0,0,2,Medium,3.7,1,1,1
18,Female,Rural,Masvingo,Primary,Unemployed,1,1,1,0,0,2,Medium,4.8,1,1,1
44,Female,Rural,Midlands,None,Unemployed,1,1,0,0,0,1,High,9.6,0,1,1
26,Female,Urban,Mashonaland West,Secondary,Informal,2,1,1,0,0,2,Medium,7.8,0,0,0
30,Male,Urban,Harare,Primary,Informal,3,1,1,0,1,3,Low,0.9,1,1,0
42,Female,Urban,Bulawayo,Tertiary,Informal,5,1,1,1,1,4,Low,0.8,1,0,0
34,Male,Rural,Midlands,Secondary,Informal,2,0,1,0,1,2,Medium,10.5,1,0,0
28,Male,Urban,Mashonaland East,Secondary,Formal,4,1,1,1,0,3,Low,1.6,1,1,0
18,Female,Rural,Manicaland,Primary,Unemployed,1,0,0,0,0,0,High,32.5,1,0,1
43,Female,Urban,Harare,Tertiary,Informal,4,1,0,0,0,1,High,3.9,0,1,1
39,Female,Urban,Bulawayo,Secondary,Formal,5,1,1,1,1,4,Low,5.3,1,1,0
30,Male,Rural,Mashonaland Central,Secondary,Informal,2,1,1,0,1,3,Low,14.2,0,0,1
23,Male,Urban,Bulawayo,Secondary,Informal,3,1,1,0,1,3,Low,5.4,0,1,0
38,Male,Rural,Mashonaland West,Tertiary,Unemployed,1,1,1,0,0,2,Medium,5.9,1,0,0
44,Male,Urban,Harare,Secondary,Informal,4,1,1,0,1,3,Low,7.0,1,1,0
39,Female,Rural,Mashonaland East,Secondary,Informal,1,1,0,0,1,2,Medium,8.1,0,1,1
60,Female,Urban,Mashonaland West,Tertiary,Informal,3,1,1,0,0,2,Medium,5.0,1,1,0
47,Male,Rural,Midlands,Secondary,Informal,4,1,1,0,0,2,Medium,64.4,1,0,1
36,Male,Rural,Matabeleland South,Tertiary,Informal,1,1,1,0,1,3,Low,4.1,0,0,1
48,Male,Urban,Matabeleland North,Secondary,Informal,2,1,1,0,1,3,Low,1.2,1,0,0
38,Female,Urban,Matabeleland South,Secondary,Informal,4,1,1,0,0,2,Medium,2.2,0,0,0
38,Female,Urban,Bulawayo,Secondary,Unemployed,3,1,1,0,0,2,Medium,6.0,1,1,1
56,Male,Rural,Manicaland,Secondary,Formal,3,1,1,0,1,3,Low,4.8,1,0,1
25,Male,Rural,Matabeleland South,Primary,Informal,2,1,1,0,0,2,Medium,144.6,1,0,0
38,Male,Urban,Bulawayo,Secondary,Unemployed,3,1,1,0,0,2,Medium,3.0,1,1,0
54,Male,Urban,Harare,Tertiary,Unemployed,2,1,1,0,0,2,Medium,1.0,1,1,0
42,Female,Rural,Midlands,Secondary,Informal,1,1,1,0,0,2,Medium,14.0,1,0,0
32,Female,Urban,Harare,Secondary,Formal,5,1,1,1,1,4,Low,1.6,1,1,0
18,Male,Rural,Midlands,Primary,Informal,2,1,0,0,1,2,Medium,42.2,0,1,1
18,Female,Urban,Bulawayo,Secondary,Unemployed,3,1,1,0,0,2,Medium,0.3,1,0,0
67,Male,Rural,Manicaland,Primary,Informal,1,1,0,0,1,2,Medium,9.4,1,0,1
42,Male,Rural,Midlands,None,Informal,1,1,0,1,1,3,Low,29.7,0,0,1
29,Female,Urban,Mashonaland Central,Tertiary,Unemployed,4,1,1,0,0,2,Medium,0.4,0,0,0
42,Male,Urban,Bulawayo,Secondary,Informal,3,0,1,0,0,1,High,0.2,1,0,1
24,Male,Urban,Bulawayo,Primary,Informal,3,1,1,1,1,4,Low,12.8,0,1,0
33,Female,Rural,Mashonaland Central,Secondary,Unemployed,1,0,0,0,0,0,High,12.0,1,1,1
24,Female,Urban,Harare,Primary,Informal,2,1,0,0,1,2,Medium,1.6,1,1,1
18,Male,Rural,Bulawayo,Primary,Informal,1,1,0,0,0,1,High,42.0,1,0,1
18,Female,Rural,Mashonaland Central,Primary,Informal,1,1,0,0,0,1,High,3.4,0,0,1
18,Male,Urban,Harare,Secondary,Informal,4,1,1,0,1,3,Low,4.5,1,1,1
52,Female,Rural,Masvingo,Secondary,Informal,1,1,0,0,1,2,Medium,17.8,0,1,1
24,Male,Urban,Harare,Tertiary,Formal,5,1,1,1,1,4,Low,2.4,1,1,0
45,Female,Rural,Masvingo,Secondary,Informal,2,1,1,0,0,2,Medium,1.0,1,1,1
51,Male,Urban,Harare,Tertiary,Informal,5,1,1,0,1,3,Low,3.1,1,1,0
38,Female,Rural,Mashonaland Central,Tertiary,Unemployed,3,0,1,0,0,1,High,23.6,1,1,1
33,Female,Rural,Midlands,Secondary,Informal,3,1,0,0,0,1,High,48.6,1,0,1
39,Male,Rural,Midlands,Tertiary,Unemployed,3,1,1,1,0,3,Low,14.6,0,0,1
32,Female,Rural,Matabeleland South,Tertiary,Unemployed,1,1,1,0,0,2,Medium,2.4,1,1,0
54,Male,Urban,Harare,Tertiary,Informal,5,1,1,0,1,3,Low,2.1,1,1,0
64,Female,Rural,Matabeleland North,Primary,Informal,2,1,1,0,0,2,Medium,8.9,1,0,1
58,Male,Rural,Mashonaland Central,Primary,Formal,3,0,1,0,1,2,Medium,5.2,1,1,0
18,Male,Rural,Masvingo,Secondary,Informal,1,1,1,0,1,3,Low,41.4,1,1,0
31,Female,Urban,Masvingo,Tertiary,Formal,5,1,1,1,1,4,Low,4.3,1,1,0
38,Male,Urban,Harare,Tertiary,Informal,2,1,1,0,0,2,Medium,4.0,1,0,0
44,Female,Rural,Midlands,Secondary,Unemployed,1,1,1,0,0,2,Medium,43.8,1,0,1
18,Female,Urban,Manicaland,Tertiary,Formal,5,1,1,1,0,3,Low,6.9,1,1,0
18,Male,Rural,Mashonaland East,Secondary,Informal,2,1,0,0,0,1,High,1.0,1,0,0
56,Male,Rural,Manicaland,Secondary,Unemployed,1,1,1,1,0,3,Low,35.5,0,0,1
30,Female,Rural,Matabeleland South,None,Unemployed,1,1,0,1,0,2,Medium,80.4,0,0,1
18,Female,Urban,Bulawayo,Secondary,Informal,4,1,1,0,1,3,Low,2.7,1,0,0
22,Male,Rural,Manicaland,None,Informal,3,1,1,0,1,3,Low,19.5,1,0,0
43,Male,Urban,Harare,Primary,Informal,4,1,1,1,1,4,Low,2.5,1,0,0
26,Female,Urban,Midlands,Secondary,Formal,5,1,1,1,1,4,Low,1.1,1,1,0
41,Female,Rural,Mashonaland Central,None,Informal,2,1,1,0,0,2,Medium,33.8,1,0,0
24,Female,Urban,Midlands,Tertiary,Informal,4,1,1,0,1,3,Low,2.4,1,1,0
18,Male,Urban,Bulawayo,Secondary,Informal,3,1,1,0,0,2,Medium,2.1,1,1,0
57,Female,Urban,Harare,Secondary,Formal,5,1,1,1,1,4,Low,2.0,1,1,0
43,Female,Urban,Harare,Primary,Unemployed,3,1,0,0,0,1,High,13.1,0,0,0
33,Male,Rural,Matabeleland South,Secondary,Informal,5,1,1,0,0,2,Medium,36.2,1,0,1
30,Male,Urban,Harare,Secondary,Formal,5,1,1,1,1,4,Low,0.1,1,1,0
58,Male,Urban,Harare,Secondary,Informal,4,1,0,0,1,2,Medium,1.0,1,1,1
46,Female,Rural,Mashonaland Central,Secondary,Informal,2,1,0,0,1,2,Medium,23.5,1,0,1
54,Male,Urban,Masvingo,Secondary,Informal,4,0,1,0,1,2,Medium,1.9,1,1,0
29,Female,Rural,Matabeleland North,Secondary,Informal,2,1,1,0,0,2,Medium,7.5,0,0,1
38,Female,Rural,Mashonaland West,Secondary,Formal,4,1,1,1,1,4,Low,30.4,0,0,0
43,Male,Rural,Mashonaland Central,Secondary,Informal,2,1,0,0,0,1,High,37.4,0,1,1
30,Female,Rural,Mashonaland West,Primary,Unemployed,1,1,1,1,0,3,Low,22.5,1,0,1
36,Female,Urban,Mashonaland East,Tertiary,Formal,5,1,1,0,1,3,Low,2.8,1,0,0
29,Male,Rural,Manicaland,Primary,Unemployed,2,1,1,0,0,2,Medium,2.9,1,0,0
43,Female,Urban,Midlands,Secondary,Informal,3,1,1,1,0,3,Low,3.6,1,1,0
19,Female,Urban,Mashonaland West,Secondary,Unemployed,3,0,1,0,0,1,High,3.3,1,1,0
46,Male,Rural,Mashonaland East,Primary,Unemployed,2,0,1,0,0,1,High,4.5,1,0,1
42,Female,Urban,Masvingo,Secondary,Informal,3,1,1,0,0,2,Medium,1.4,1,1,1
35,Female,Rural,Matabeleland North,Secondary,Informal,1,0,0,0,0,0,High,23.5,0,1,1
44,Male,Rural,Matabeleland North,Secondary,Unemployed,1,1,1,0,0,2,Medium,2.5,1,1,1
32,Female,Rural,Manicaland,Tertiary,Informal,2,1,1,0,0,2,Medium,6.1,0,0,0
28,Female,Urban,Matabeleland North,Primary,Formal,5,1,1,1,1,4,Low,0.3,1,1,0
45,Female,Urban,Bulawayo,Secondary,Informal,3,0,1,1,1,3,Low,0.7,1,1,0
46,Male,Rural,Matabeleland South,None,Informal,1,1,1,0,1,3,Low,11.9,0,1,1
30,Male,Urban,Harare,Secondary,Informal,3,1,1,1,1,4,Low,0.8,1,1,0
29,Male,Urban,Harare,Secondary,Unemployed,3,1,1,0,0,2,Medium,3.8,1,1,1
35,Female,Rural,Midlands,Secondary,Informal,1,1,1,0,1,3,Low,59.3,1,1,0
30,Female,Rural,Mashonaland West,Secondary,Informal,2,1,0,1,1,3,Low,36.9,0,0,1
59,Female,Rural,Manicaland,Primary,Informal,1,1,0,0,1,2,Medium,21.7,0,1,1
42,Male,Urban,Mashonaland West,Secondary,Formal,5,0,1,1,1,3,Low,0.4,0,1,1
38,Female,Urban,Harare,Secondary,Formal,5,1,1,1,1,4,Low,1.8,1,1,0
24,Female,Rural,Midlands,Primary,Informal,1,1,1,0,0,2,Medium,51.6,1,1,0
48,Female,Urban,Matabeleland North,Secondary,Informal,3,1,1,0,1,3,Low,7.3,1,1,0
29,Female,Urban,Harare,Secondary,Informal,4,1,1,1,0,3,Low,11.7,1,1,0
28,Female,Urban,Bulawayo,Tertiary,Informal,5,1,1,0,1,3,Low,7.1,1,1,1
48,Male,Urban,Midlands,Tertiary,Informal,3,1,1,1,1,4,Low,3.9,1,0,0
43,Female,Urban,Matabeleland South,Secondary,Formal,5,1,1,1,1,4,Low,1.2,1,1,0
18,Female,Urban,Bulawayo,Tertiary,Informal,2,1,1,0,1,3,Low,10.1,1,1,0
35,Female,Rural,Matabeleland North,Secondary,Informal,3,0,1,0,1,2,Medium,2.8,1,0,1
39,Male,Urban,Bulawayo,Primary,Informal,3,1,1,0,0,2,Medium,1.7,1,0,0
33,Female,Rural,Mashonaland Central,Secondary,Informal,1,1,1,0,1,3,Low,31.5,1,0,0
40,Male,Urban,Bulawayo,Secondary,Formal,4,1,1,1,1,4,Low,13.1,1,1,0
18,Male,Rural,Mashonaland East,Secondary,Informal,3,1,0,0,0,1,High,3.5,0,0,1
18,Male,Urban,Harare,Tertiary,Informal,2,0,1,0,0,1,High,1.1,1,0,1
24,Male,Urban,Harare,Tertiary,Formal,5,1,1,1,1,4,Low,0.9,1,1,0
41,Male,Urban,Mashonaland West,Tertiary,Informal,3,1,1,1,1,4,Low,6.4,1,1,0
18,Female,Urban,Harare,Tertiary,Formal,5,0,1,1,1,3,Low,5.6,1,1,0
26,Female,Urban,Harare,Secondary,Unemployed,2,1,1,0,0,2,Medium,0.8,1,1,0
18,Male,Rural,Harare,Tertiary,Informal,1,0,1,1,1,3,Low,5.4,1,0,1
34,Female,Rural,Mashonaland Central,Secondary,Formal,3,1,1,1,1,4,Low,12.6,1,1,1
65,Female,Urban,Midlands,Tertiary,Formal,5,1,1,1,1,4,Low,6.8,1,1,0
34,Female,Urban,Harare,Tertiary,Unemployed,3,0,1,0,0,1,High,1.2,1,0,1
36,Male,Rural,Mashonaland Central,Primary,Informal,2,1,1,0,1,3,Low,3.8,0,0,1
49,Male,Rural,Midlands,Primary,Unemployed,1,1,1,0,0,2,Medium,1.3,0,0,1
38,Female,Urban,Harare,Tertiary,Unemployed,4,1,1,1,0,3,Low,5.9,1,1,0
34,Female,Rural,Mashonaland West,Tertiary,Informal,3,1,1,0,1,3,Low,11.5,0,0,1
50,Female,Urban,Mashonaland East,Tertiary,Informal,3,1,1,0,1,3,Low,0.2,1,1,0
44,Male,Rural,Matabeleland South,Secondary,Informal,1,1,0,0,0,1,High,4.2,1,0,1
42,Female,Urban,Harare,Secondary,Unemployed,4,1,1,0,0,2,Medium,2.7,1,1,0
36,Female,Urban,Manicaland,Secondary,Informal,3,1,1,1,1,4,Low,0.8,1,1,0
33,Female,Urban,Bulawayo,Secondary,Unemployed,3,1,1,0,0,2,Medium,6.8,1,1,1
50,Female,Rural,Matabeleland North,Secondary,Informal,2,1,0,0,1,2,Medium,1.0,1,0,1
33,Female,Urban,Harare,Secondary,Unemployed,2,1,1,0,0,2,Medium,4.6,1,1,0
55,Female,Rural,Matabeleland South,Primary,Formal,4,1,0,1,1,3,Low,1.0,0,1,1
23,Female,Rural,Masvingo,Secondary,Informal,3,1,1,1,1,4,Low,33.9,1,1,1
58,Female,Rural,Matabeleland North,Tertiary,Formal,5,1,1,1,1,4,Low,12.5,1,0,0
44,Female,Urban,Matabeleland South,Secondary,Unemployed,3,0,1,0,0,1,High,1.9,0,0,0
24,Male,Urban,Mashonaland West,Secondary,Formal,5,1,1,0,1,3,Low,5.1,0,1,0
45,Female,Urban,Mashonaland East,Secondary,Informal,2,1,1,1,1,4,Low,1.6,1,1,0
28,Female,Rural,Mashonaland East,Secondary,Formal,3,1,0,0,1,2,Medium,20.9,0,0,1
38,Male,Rural,Manicaland,Primary,Informal,1,1,1,0,0,2,Medium,5.1,0,0,1
31,Male,Urban,Bulawayo,Tertiary,Formal,5,1,1,0,1,3,Low,12.6,1,1,0
36,Female,Rural,Manicaland,Primary,Unemployed,2,1,1,1,0,3,Low,4.9,0,0,1
51,Female,Urban,Manicaland,Secondary,Formal,4,1,1,1,1,4,Low,2.6,1,1,0
45,Male,Urban,Manicaland,Secondary,Informal,3,1,1,0,1,3,Low,1.1,0,0,1
22,Male,Urban,Bulawayo,Secondary,Informal,2,1,1,0,1,3,Low,3.3,1,1,0
23,Male,Rural,Mashonaland Central,Secondary,Unemployed,1,1,0,0,0,1,High,1.5,0,0,0
41,Female,Urban,Masvingo,Secondary,Informal,4,1,1,0,0,2,Medium,2.0,1,1,0
42,Female,Urban,Bulawayo,Primary,Informal,4,1,1,0,1,3,Low,0.7,1,1,0
28,Female,Rural,Masvingo,Primary,Informal,2,1,0,0,0,1,High,56.0,1,0,0
60,Male,Urban,Bulawayo,Tertiary,Formal,5,1,1,1,1,4,Low,1.1,1,1,0
49,Female,Urban,Harare,Tertiary,Informal,4,1,1,0,1,3,Low,1.0,1,1,0
29,Female,Urban,Mashonaland Central,Primary,Unemployed,3,1,1,0,0,2,Medium,0.7,1,0,0
27,Female,Urban,Harare,Primary,Formal,5,1,0,0,1,2,Medium,1.2,1,1,0
34,Male,Urban,Bulawayo,Tertiary,Formal,4,1,1,1,1,4,Low,5.7,1,1,0
33,Male,Urban,Harare,Primary,Informal,4,1,1,0,1,3,Low,11.9,1,1,1
55,Female,Rural,Mashonaland Central,Tertiary,Unemployed,2,1,0,0,0,1,High,10.7,0,0,1
51,Male,Urban,Harare,Tertiary,Formal,5,1,1,1,1,4,Low,7.5,0,1,0
38,Female,Rural,Harare,Primary,Unemployed,1,0,1,0,0,1,High,26.1,0,0,1
47,Female,Urban,Masvingo,Primary,Informal,4,1,1,1,0,3,Low,0.2,1,1,0
49,Male,Urban,Mashonaland East,Tertiary,Informal,4,1,1,0,1,3,Low,2.0,0,1,0
38,Male,Urban,Harare,Secondary,Unemployed,2,1,1,1,0,3,Low,3.7,1,0,0
43,Female,Urban,Harare,Secondary,Formal,5,1,1,1,1,4,Low,1.5,1,1,0
46,Female,Urban,Mashonaland East,Secondary,Informal,4,1,1,0,0,2,Medium,1.7,1,1,0
44,Female,Urban,Harare,Secondary,Unemployed,3,1,1,1,0,3,Low,1.1,1,1,0
27,Male,Rural,Mashonaland West,Secondary,Informal,1,0,1,0,1,2,Medium,5.0,1,1,0
28,Female,Rural,Manicaland,Secondary,Formal,4,0,1,1,1,3,Low,64.6,1,1,1
33,Male,Urban,Bulawayo,Primary,Unemployed,3,1,1,1,0,3,Low,12.4,1,1,0
28,Female,Rural,Midlands,Secondary,Informal,2,1,0,1,1,3,Low,21.4,1,1,1
18,Female,Rural,Mashonaland Central,Secondary,Unemployed,1,1,0,0,0,1,High,22.0,1,0,1
47,Male,Rural,Midlands,Primary,Unemployed,2,1,0,0,0,1,High,5.5,1,0,1
42,Female,Urban,Masvingo,Tertiary,Informal,2,1,1,0,1,3,Low,0.3,1,1,0
19,Female,Urban,Midlands,Secondary,Informal,4,1,1,1,0,3,Low,3.6,1,1,0
34,Male,Urban,Mashonaland Central,None,Informal,3,1,1,0,1,3,Low,2.6,1,0,1
35,Female,Urban,Mashonaland West,Tertiary,Formal,5,1,1,1,1,4,Low,2.8,1,1,0
40,Female,Urban,Bulawayo,Secondary,Informal,3,1,1,1,0,3,Low,1.4,1,0,0
22,Female,Rural,Midlands,Primary,Unemployed,1,1,0,0,0,1,High,39.2,1,0,1
19,Male,Rural,Manicaland,None,Unemployed,1,1,0,0,0,1,High,56.0,0,0,1
45,Female,Urban,Mashonaland Central,Secondary,Unemployed,3,1,1,0,0,2,Medium,1.1,0,0,0
18,Male,Urban,Bulawayo,Secondary,Unemployed,4,1,1,1,0,3,Low,15.5,1,1,0
34,Female,Urban,Harare,Secondary,Formal,4,1,1,1,1,4,Low,1.9,1,0,0
33,Female,Urban,Harare,Tertiary,Informal,3,1,1,1,1,4,Low,0.8,1,1,0
36,Male,Rural,Mashonaland Central,Secondary,Informal,3,1,1,0,1,3,Low,43.4,1,1,0
41,Male,Urban,Harare,Primary,Informal,3,1,0,0,0,1,High,1.6,1,1,0
60,Female,Rural,Mashonaland Central,Secondary,Unemployed,1,1,0,0,0,1,High,21.9,1,1,1
18,Male,Rural,Mashonaland East,Secondary,Unemployed,1,0,0,0,0,0,High,1.5,0,0,1
50,Female,Rural,Mashonaland East,Secondary,Unemployed,2,0,0,0,0,0,High,26.5,0,0,1
18,Female,Rural,Masvingo,Tertiary,Informal,3,1,1,0,1,3,Low,3.1,1,1,0
57,Female,Urban,Harare,Secondary,Informal,3,0,1,1,0,2,Medium,0.8,1,1,1
18,Male,Urban,Harare,Primary,Informal,3,1,0,0,0,1,High,0.2,1,0,0
72,Male,Urban,Harare,None,Informal,2,1,1,0,1,3,Low,5.1,0,1,0
32,Male,Rural,Mashonaland West,Primary,Informal,2,0,1,0,0,1,High,57.1,1,0,1
56,Female,Urban,Harare,Secondary,Informal,3,1,1,1,1,4,Low,1.1,1,1,0
53,Female,Rural,Midlands,None,Informal,1,1,0,0,1,2,Medium,56.1,1,0,1
31,Female,Urban,Harare,Secondary,Informal,4,1,1,0,1,3,Low,3.2,1,1,0
32,Male,Urban,Harare,Tertiary,Unemployed,4,1,1,0,0,2,Medium,4.0,1,1,0
26,Male,Urban,Bulawayo,Tertiary,Formal,5,1,0,1,1,3,Low,0.9,1,1,0
49,Male,Rural,Midlands,Secondary,Informal,1,1,1,0,0,2,Medium,3.7,0,1,0
32,Female,Urban,Bulawayo,Secondary,Unemployed,3,1,1,1,0,3,Low,12.0,1,1,0
26,Male,Urban,Harare,Tertiary,Unemployed,3,1,1,0,0,2,Medium,0.9,1,1,0
45,Male,Urban,Bulawayo,Secondary,Formal,5,1,1,1,1,4,Low,6.7,1,1,0
25,Female,Rural,Mashonaland West,Secondary,Informal,1,1,0,1,0,2,Medium,29.7,1,0,0
33,Female,Rural,Mashonaland West,Primary,Informal,1,1,0,0,1,2,Medium,1.2,0,0,1
39,Male,Urban,Midlands,Primary,Informal,3,1,1,0,0,2,Medium,2.1,1,0,0
29,Female,Rural,Midlands,Secondary,Informal,1,1,1,0,1,3,Low,12.1,0,1,0
31,Male,Urban,Bulawayo,Secondary,Informal,3,1,1,0,0,2,Medium,6.1,1,1,0
59,Male,Rural,Manicaland,None,Informal,2,1,0,0,0,1,High,39.0,1,0,1
35,Male,Urban,Bulawayo,Secondary,Informal,5,1,1,1,0,3,Low,4.6,1,1,0
32,Male,Urban,Matabeleland South,Tertiary,Formal,5,1,1,0,1,3,Low,2.2,1,1,0
35,Female,Rural,Midlands,Primary,Formal,2,1,1,1,0,3,Low,118.9,0,1,0
44,Female,Urban,Harare,Secondary,Informal,4,1,1,0,0,2,Medium,16.6,1,0,0
23,Female,Urban,Harare,Secondary,Formal,3,1,1,1,1,4,Low,3.2,1,0,0
43,Male,Rural,Mashonaland Central,Primary,Informal,1,1,1,0,0,2,Medium,3.8,1,1,0
41,Female,Rural,Matabeleland South,Secondary,Informal,2,1,1,1,1,4,Low,8.4,0,1,0
18,Female,Urban,Bulawayo,Primary,Informal,2,1,0,1,0,2,Medium,0.8,1,0,1
63,Male,Rural,Mashonaland East,Primary,Informal,1,1,1,0,0,2,Medium,3.8,0,0,0
58,Female,Rural,Mashonaland East,Tertiary,Unemployed,1,1,0,1,0,2,Medium,25.6,1,0,1
26,Female,Urban,Harare,Secondary,Informal,3,1,1,0,1,3,Low,3.1,1,1,0
22,Female,Rural,Midlands,Secondary,Informal,3,0,0,0,1,1,High,7.2,1,1,1
41,Male,Urban,Harare,Secondary,Formal,5,0,1,1,1,3,Low,7.7,1,1,0
18,Female,Rural,Mashonaland Central,Primary,Unemployed,1,1,1,0,0,2,Medium,42.5,0,0,0
57,Female,Urban,Manicaland,Secondary,Formal,4,1,1,1,1,4,Low,3.9,1,1,0
31,Female,Urban,Bulawayo,Secondary,Formal,4,1,1,1,1,4,Low,0.9,0,1,0
60,Female,Urban,Manicaland,Secondary,Formal,4,1,1,1,1,4,Low,1.3,1,1,1
26,Male,Urban,Mashonaland West,Secondary,Informal,4,1,1,0,1,3,Low,2.4,1,1,0
36,Female,Rural,Manicaland,Secondary,Informal,1,1,1,1,1,4,Low,42.7,1,0,1
55,Female,Rural,Harare,None,Informal,1,0,0,0,1,1,High,10.7,1,1,1
33,Female,Urban,Harare,Primary,Formal,5,1,1,1,1,4,Low,1.0,1,1,1
41,Male,Urban,Manicaland,Secondary,Informal,4,1,1,1,1,4,Low,1.9,1,1,0
53,Male,Urban,Matabeleland South,Secondary,Formal,5,1,1,1,1,4,Low,6.3,1,1,0
30,Male,Urban,Harare,Secondary,Informal,3,1,0,1,0,2,Medium,2.0,1,1,0
20,Male,Urban,Mashonaland East,None,Unemployed,1,0,1,0,0,1,High,12.2,0,0,1
18,Female,Rural,Matabeleland North,Secondary,Informal,3,0,1,0,0,1,High,43.5,1,0,1
46,Male,Rural,Midlands,Secondary,Informal,1,1,0,0,1,2,Medium,26.2,1,0,1
43,Female,Urban,Bulawayo,Secondary,Informal,3,1,1,0,0,2,Medium,0.2,1,1,0
52,Female,Urban,Harare,Tertiary,Informal,5,1,1,0,1,3,Low,2.5,0,1,0
34,Female,Rural,Matabeleland South,Primary,Informal,2,1,0,0,0,1,High,5.5,1,1,1
18,Male,Urban,Mashonaland East,Primary,Informal,3,1,1,0,0,2,Medium,0.4,1,1,0
18,Female,Urban,Manicaland,Secondary,Formal,5,1,1,1,1,4,Low,2.8,1,1,0
78,Female,Urban,Masvingo,Secondary,Informal,3,1,1,0,1,3,Low,1.2,1,1,0
45,Female,Urban,Harare,Tertiary,Formal,4,1,1,1,1,4,Low,3.5,1,1,0
39,Male,Urban,Bulawayo,Secondary,Formal,5,1,1,1,1,4,Low,0.9,1,1,0
41,Female,Rural,Mashonaland Central,Primary,Informal,1,0,1,0,0,1,High,6.0,0,0,1
18,Male,Urban,Harare,Tertiary,Informal,3,1,1,0,0,2,Medium,1.7,1,1,0
26,Female,Rural,Mashonaland Central,Primary,Informal,1,1,1,1,1,4,Low,46.5,1,0,1
62,Male,Urban,Harare,Secondary,Informal,3,1,1,1,1,4,Low,8.8,1,1,0
47,Male,Rural,Manicaland,Primary,Informal,1,1,0,0,1,2,Medium,14.7,0,1,0
27,Female,Urban,Bulawayo,Tertiary,Unemployed,3,1,1,1,0,3,Low,3.0,1,1,0
20,Male,Urban,Masvingo,Secondary,Informal,3,1,1,0,1,3,Low,1.1,1,1,1
30,Female,Urban,Harare,Tertiary,Informal,4,1,1,0,1,3,Low,2.5,1,1,0
33,Female,Urban,Harare,Secondary,Formal,5,1,1,1,1,4,Low,6.9,1,1,0
66,Male,Urban,Harare,Tertiary,Informal,4,0,1,0,1,2,Medium,3.7,1,1,0
35,Male,Rural,Mashonaland West,Tertiary,Informal,2,0,1,0,1,2,Medium,12.6,0,1,1
21,Male,Urban,Harare,Tertiary,Unemployed,4,1,1,1,0,3,Low,1.6,0,1,0
37,Female,Urban,Bulawayo,Primary,Unemployed,2,1,1,0,0,2,Medium,0.1,0,0,0
41,Female,Urban,Matabeleland North,Secondary,Formal,5,1,1,1,1,4,Low,0.3,0,1,0
20,Male,Rural,Mashonaland West,Secondary,Unemployed,1,1,1,1,0,3,Low,98.6,0,1,1
43,Female,Rural,Matabeleland North,Secondary,Informal,1,1,0,0,1,2,Medium,19.5,1,0,1
54,Male,Rural,Matabeleland North,Secondary,Informal,3,1,0,0,0,1,High,21.1,1,1,1
39,Female,Rural,Mashonaland Central,Secondary,Informal,2,1,0,0,0,1,High,12.2,0,0,1
26,Female,Rural,Mashonaland East,Primary,Informal,3,0,1,0,1,2,Medium,7.1,0,0,1
30,Male,Rural,Manicaland,Primary,Unemployed,1,1,1,0,0,2,Medium,9.9,1,0,0
18,Female,Urban,Harare,Secondary,Formal,5,1,1,0,1,3,Low,1.3,1,0,0
36,Male,Rural,Midlands,Secondary,Informal,2,1,0,0,0,1,High,29.4,0,0,1
42,Female,Rural,Mashonaland West,Secondary,Formal,5,1,1,1,1,4,Low,118.9,1,0,1
25,Female,Urban,Bulawayo,Primary,Informal,2,1,1,1,1,4,Low,6.4,1,1,0
65,Female,Rural,Mashonaland Central,Secondary,Informal,2,0,1,0,1,2,Medium,20.6,1,0,1
49,Female,Urban,Harare,Primary,Informal,4,1,1,0,0,2,Medium,5.0,1,1,0
18,Female,Urban,Matabeleland South,Secondary,Unemployed,4,1,0,0,0,1,High,1.5,1,1,0
18,Male,Urban,Harare,Secondary,Informal,4,1,1,0,0,2,Medium,0.5,1,1,0
24,Female,Rural,Matabeleland North,Secondary,Informal,1,1,1,0,0,2,Medium,60.9,1,0,0
60,Male,Rural,Manicaland,Primary,Unemployed,1,0,0,0,0,0,High,1.0,1,0,1
50,Female,Urban,Harare,Tertiary,Informal,3,0,1,0,1,2,Medium,1.2,1,1,0
60,Male,Urban,Harare,Tertiary,Informal,4,1,1,0,1,3,Low,4.8,1,1,0
38,Female,Urban,Matabeleland North,Secondary,Unemployed,3,1,1,0,0,2,Medium,1.7,1,1,0
35,Female,Urban,Harare,Tertiary,Informal,5,1,1,0,1,3,Low,4.0,1,1,0
20,Male,Rural,Matabeleland North,Primary,Unemployed,1,0,1,0,0,1,High,18.2,1,0,0
42,Female,Urban,Harare,Secondary,Informal,3,0,1,1,0,2,Medium,0.2,1,0,0
35,Female,Urban,Bulawayo,Primary,Informal,1,1,1,0,1,3,Low,4.4,1,1,0
34,Male,Urban,Bulawayo,Tertiary,Informal,5,0,1,0,0,1,High,0.9,1,1,0
60,Female,Rural,Masvingo,Primary,Informal,1,0,1,0,0,1,High,27.3,1,0,1
36,Female,Urban,Harare,Tertiary,Informal,4,1,1,0,0,2,Medium,5.2,1,1,0
56,Female,Rural,Mashonaland Central,Secondary,Informal,4,1,1,0,1,3,Low,6.8,1,1,1
18,Male,Urban,Masvingo,Tertiary,Formal,5,0,1,1,1,3,Low,0.2,1,1,0
75,Female,Urban,Bulawayo,Secondary,Informal,3,1,1,0,1,3,Low,4.2,1,1,0
32,Male,Rural,Mashonaland Central,Secondary,Informal,2,1,0,0,1,2,Medium,1.0,1,0,0
47,Female,Urban,Harare,Secondary,Informal,2,0,1,1,0,2,Medium,1.7,1,0,0
50,Male,Rural,Manicaland,Secondary,Informal,1,0,0,0,1,1,High,2.6,1,0,1
31,Male,Urban,Bulawayo,Tertiary,Formal,5,1,1,1,1,4,Low,0.9,1,1,0
49,Male,Rural,Mashonaland West,Primary,Unemployed,1,1,1,0,0,2,Medium,9.3,0,1,0
50,Male,Rural,Manicaland,Secondary,Informal,2,0,0,0,0,0,High,1.6,1,1,1
28,Female,Rural,Mashonaland West,Secondary,Unemployed,1,1,1,0,0,2,Medium,45.3,0,0,1
28,Female,Urban,Bulawayo,Tertiary,Formal,5,1,1,1,1,4,Low,4.5,1,1,0
38,Female,Rural,Midlands,Primary,Informal,1,0,0,0,0,0,High,14.8,1,0,1
36,Female,Rural,Matabeleland North,None,Formal,3,1,1,0,1,3,Low,3.9,1,0,0
57,Male,Urban,Bulawayo,Primary,Formal,5,1,1,0,1,3,Low,1.3,1,1,0
47,Male,Urban,Mashonaland Central,Secondary,Formal,5,1,1,0,1,3,Low,1.9,0,1,0
37,Female,Rural,Mashonaland East,Primary,Informal,1,0,0,0,0,0,High,17.5,0,0,1
46,Female,Urban,Bulawayo,Tertiary,Formal,5,1,1,1,1,4,Low,0.1,1,1,0
18,Female,Rural,Harare,Tertiary,Unemployed,2,1,1,0,0,2,Medium,10.7,0,1,1
29,Male,Rural,Manicaland,None,Informal,2,0,0,0,1,1,High,2.3,1,0,1
42,Female,Urban,Bulawayo,Tertiary,Formal,5,1,1,0,1,3,Low,0.2,1,1,0
53,Male,Rural,Mashonaland Central,Primary,Unemployed,2,1,1,0,0,2,Medium,6.8,1,1,0
40,Female,Rural,Matabeleland North,Primary,Informal,3,1,1,0,1,3,Low,150.0,0,0,0
58,Male,Urban,Bulawayo,Secondary,Formal,4,1,1,1,0,3,Low,3.7,0,1,0
50,Female,Rural,Manicaland,Secondary,Informal,2,1,0,0,0,1,High,3.4,1,0,1
31,Male,Urban,Harare,Tertiary,Informal,3,0,1,0,1,2,Medium,10.7,1,0,0
36,Female,Urban,Bulawayo,Primary,Informal,1,1,1,1,0,3,Low,3.4,1,0,0
43,Male,Rural,Matabeleland North,Primary,Unemployed,2,1,1,0,0,2,Medium,74.6,0,0,1
31,Female,Urban,Mashonaland East,Secondary,Formal,5,1,1,1,1,4,Low,0.3,1,1,0
59,Male,Rural,Mashonaland East,Secondary,Informal,2,1,0,0,0,1,High,29.8,1,0,1
22,Female,Urban,Mashonaland West,Primary,Unemployed,1,1,1,0,0,2,Medium,0.8,1,1,1
42,Male,Urban,Harare,Tertiary,Informal,4,1,1,0,1,3,Low,3.8,1,1,0
48,Male,Urban,Harare,Tertiary,Unemployed,2,1,0,0,0,1,High,6.2,1,1,1
33,Female,Rural,Masvingo,Secondary,Unemployed,1,0,0,0,0,0,High,7.1,1,0,0
30,Male,Rural,Mashonaland Central,Secondary,Informal,1,1,1,0,0,2,Medium,66.7,0,1,1
36,Male,Rural,Manicaland,Secondary,Informal,3,1,0,0,0,1,High,5.4,0,0,1
49,Female,Rural,Mashonaland Central,Secondary,Informal,2,1,1,0,1,3,Low,7.7,1,0,1
31,Female,Rural,Matabeleland South,Secondary,Informal,2,1,0,0,1,2,Medium,53.2,1,1,1
23,Female,Rural,Midlands,Secondary,Informal,2,1,1,0,0,2,Medium,21.4,1,0,0
54,Male,Urban,Midlands,Secondary,Formal,5,1,1,1,1,4,Low,7.0,1,1,0
43,Female,Rural,Mashonaland East,Primary,Informal,2,0,1,0,0,1,High,14.1,0,1,1
52,Female,Rural,Mashonaland West,Secondary,Informal,2,1,0,0,1,2,Medium,35.7,0,0,1
48,Male,Rural,Matabeleland South,Primary,Unemployed,1,1,1,0,0,2,Medium,8.1,1,1,0
68,Female,Urban,Harare,Secondary,Formal,5,1,1,1,1,4,Low,1.4,0,1,0
53,Male,Urban,Harare,Secondary,Informal,4,1,1,0,1,3,Low,0.9,1,1,0
27,Female,Rural,Mashonaland Central,Primary,Informal,2,1,1,0,1,3,Low,15.1,0,0,1
44,Female,Urban,Bulawayo,Secondary,Informal,3,1,1,0,0,2,Medium,3.0,1,0,0
30,Female,Urban,Bulawayo,Secondary,Formal,5,1,1,0,1,3,Low,5.1,1,1,0
31,Male,Rural,Mashonaland East,Secondary,Informal,2,1,1,0,0,2,Medium,8.1,0,0,1
18,Male,Urban,Harare,Secondary,Informal,3,1,1,0,0,2,Medium,3.2,0,1,0
33,Male,Urban,Manicaland,Secondary,Formal,4,1,1,1,0,3,Low,2.9,0,0,0
45,Female,Urban,Bulawayo,Tertiary,Informal,5,1,1,0,0,2,Medium,3.2,1,0,0
37,Female,Urban,Harare,Tertiary,Formal,5,1,1,1,0,3,Low,1.3,0,1,0
22,Female,Rural,Mashonaland East,None,Informal,1,1,0,0,1,2,Medium,55.8,1,0,1
18,Male,Rural,Midlands,Secondary,Unemployed,2,1,1,0,0,2,Medium,3.5,0,0,0
67,Female,Rural,Masvingo,Primary,Formal,5,1,1,0,1,3,Low,53.8,1,0,0
42,Male,Rural,Masvingo,Secondary,Informal,1,1,1,0,1,3,Low,6.4,1,0,0
26,Male,Rural,Masvingo,Secondary,Unemployed,1,0,0,0,0,0,High,27.4,0,0,0
44,Female,Urban,Matabeleland South,None,Formal,5,1,1,1,1,4,Low,0.3,1,1,0
68,Female,Rural,Mashonaland East,Secondary,Informal,2,1,0,0,1,2,Medium,17.6,1,0,1
46,Female,Urban,Harare,Secondary,Informal,3,1,1,0,1,3,Low,6.4,1,1,0
18,Female,Urban,Harare,Secondary,Informal,3,1,1,1,1,4,Low,3.1,1,1,0
75,Male,Rural,Matabeleland South,None,Informal,1,1,1,0,1,3,Low,9.3,1,0,0
18,Female,Rural,Manicaland,Secondary,Informal,5,0,0,0,1,1,High,27.2,1,1,1
35,Female,Urban,Harare,Secondary,Unemployed,2,1,1,0,0,2,Medium,2.2,1,1,0
22,Female,Rural,Mashonaland Central,Primary,Informal,2,0,1,0,1,2,Medium,3.5,0,0,1
27,Male,Urban,Bulawayo,Tertiary,Informal,5,1,1,1,1,4,Low,3.3,0,1,1
41,Male,Urban,Bulawayo,Primary,Unemployed,4,1,1,0,0,2,Medium,0.7,1,1,0
18,Male,Urban,Harare,Secondary,Formal,5,1,1,1,1,4,Low,2.7,1,0,0
36,Male,Urban,Harare,Secondary,Unemployed,3,1,1,0,0,2,Medium,1.2,1,0,0
54,Male,Urban,Mashonaland Central,Primary,Unemployed,2,1,1,1,0,3,Low,1.2,1,0,0
26,Female,Urban,Harare,Secondary,Unemployed,1,1,1,0,0,2,Medium,1.3,1,1,0
18,Female,Urban,Manicaland,Primary,Formal,5,1,1,1,1,4,Low,2.6,1,1,0
36,Male,Urban,Harare,Tertiary,Informal,4,1,1,0,0,2,Medium,4.9,1,0,1
33,Female,Rural,Midlands,Secondary,Unemployed,2,1,1,0,0,2,Medium,113.2,1,1,0
29,Female,Rural,Mashonaland West,None,Informal,3,1,0,0,1,2,Medium,7.0,1,1,1
21,Female,Rural,Matabeleland North,None,Informal,2,1,1,1,1,4,Low,6.9,0,0,1
45,Female,Urban,Harare,Tertiary,Formal,5,1,1,1,1,4,Low,1.2,1,1,0
46,Female,Rural,Mashonaland Central,Primary,Informal,1,0,1,0,0,1,High,8.6,1,0,1
23,Male,Rural,Matabeleland North,Primary,Unemployed,2,1,1,0,0,2,Medium,11.7,1,0,0
25,Male,Urban,Bulawayo,Secondary,Unemployed,3,1,0,1,0,2,Medium,5.2,1,1,1
39,Female,Urban,Mashonaland Central,Primary,Formal,5,1,1,1,1,4,Low,0.3,1,1,0
24,Female,Urban,Bulawayo,Tertiary,Formal,5,1,1,0,1,3,Low,5.9,1,1,0
40,Female,Urban,Bulawayo,None,Informal,3,1,1,1,0,3,Low,1.3,0,1,0
58,Female,Urban,Mashonaland West,Tertiary,Formal,4,1,1,1,1,4,Low,0.2,1,1,0
37,Male,Urban,Harare,Secondary,Informal,4,1,0,0,1,2,Medium,1.4,1,0,0
21,Male,Urban,Masvingo,Secondary,Informal,4,1,1,0,1,3,Low,0.1,1,1,0
43,Female,Rural,Mashonaland East,Primary,Informal,2,1,1,0,1,3,Low,13.4,1,0,0
35,Male,Urban,Harare,Tertiary,Informal,4,1,1,0,1,3,Low,11.7,0,0,1
35,Female,Urban,Mashonaland Central,Secondary,Formal,5,0,1,1,1,3,Low,3.8,1,1,0
44,Female,Rural,Harare,None,Informal,2,0,1,1,1,3,Low,8.2,0,1,1
47,Female,Urban,Harare,Tertiary,Informal,3,1,1,0,1,3,Low,5.0,1,1,0
38,Male,Urban,Harare,Primary,Formal,5,1,1,1,1,4,Low,0.4,1,1,0
37,Female,Urban,Bulawayo,Primary,Informal,2,1,1,0,1,3,Low,4.3,1,0,0
66,Male,Urban,Bulawayo,Primary,Informal,4,1,1,0,1,3,Low,1.9,1,1,0
54,Female,Urban,Harare,Tertiary,Formal,5,1,1,1,1,4,Low,0.2,1,1,0
49,Male,Urban,Harare,Secondary,Informal,3,1,1,0,1,3,Low,1.1,1,0,0
39,Female,Urban,Harare,Secondary,Informal,4,1,1,0,1,3,Low,0.7,1,1,0
23,Female,Rural,Mashonaland East,Tertiary,Formal,4,1,1,0,1,3,Low,3.1,1,0,0
53,Male,Rural,Manicaland,Secondary,Informal,2,1,0,0,1,2,Medium,1.0,0,1,1
40,Female,Urban,Harare,Secondary,Formal,5,1,1,1,1,4,Low,5.8,0,1,0
29,Male,Urban,Mashonaland West,Secondary,Informal,4,1,1,0,0,2,Medium,2.3,0,1,1
34,Male,Urban,Manicaland,Secondary,Formal,4,1,1,1,1,4,Low,0.1,1,1,0
24,Female,Rural,Mashonaland East,Secondary,Unemployed,2,1,0,0,0,1,High,4.4,1,1,1
52,Female,Rural,Mashonaland Central,Primary,Formal,3,1,0,1,1,3,Low,9.6,1,0,0
47,Male,Urban,Harare,Secondary,Informal,3,1,0,0,1,2,Medium,3.1,1,1,0
40,Female,Urban,Harare,Tertiary,Informal,3,1,1,0,0,2,Medium,5.2,1,1,0
37,Female,Urban,Harare,Secondary,Informal,3,1,1,0,1,3,Low,0.1,1,0,0
28,Female,Rural,Midlands,Primary,Informal,1,1,1,1,1,4,Low,10.1,1,1,0
18,Male,Rural,Matabeleland South,Primary,Informal,3,1,1,0,0,2,Medium,1.4,0,1,0
18,Male,Urban,Bulawayo,Tertiary,Formal,4,1,1,1,1,4,Low,1.0,1,1,0
27,Female,Rural,Manicaland,Secondary,Informal,1,0,1,1,0,2,Medium,2.6,0,1,1
25,Male,Urban,Bulawayo,Tertiary,Formal,5,1,1,1,1,4,Low,0.7,1,1,0
42,Male,Rural,Midlands,Tertiary,Informal,3,0,0,0,1,1,High,1.0,1,0,1
49,Female,Rural,Manicaland,Secondary,Informal,3,0,0,0,0,0,High,37.8,1,0,1
36,Male,Urban,Mashonaland West,Tertiary,Informal,4,1,1,0,1,3,Low,2.9,1,1,0
57,Female,Urban,Harare,Secondary,Unemployed,2,1,1,0,0,2,Medium,4.3,1,1,0
27,Male,Rural,Matabeleland North,Primary,Informal,1,0,1,0,0,1,High,44.5,0,1,1
36,Female,Urban,Harare,Secondary,Informal,3,1,1,0,1,3,Low,1.9,0,1,0
37,Female,Rural,Masvingo,Primary,Informal,2,1,1,0,0,2,Medium,1.5,1,1,0
53,Female,Urban,Harare,Primary,Informal,3,0,0,0,1,1,High,0.4,1,1,1
39,Female,Rural,Masvingo,Primary,Informal,1,0,1,0,0,1,High,28.4,1,1,1
39,Female,Urban,Bulawayo,Secondary,Formal,5,1,1,1,1,4,Low,4.1,1,1,0
18,Male,Urban,Bulawayo,Tertiary,Informal,5,1,1,0,1,3,Low,4.7,1,1,0
25,Female,Urban,Bulawayo,Secondary,Informal,3,0,1,0,0,1,High,1.3,0,1,0
53,Female,Urban,Harare,None,Informal,3,1,1,0,1,3,Low,0.9,0,1,1
18,Female,Urban,Manicaland,Tertiary,Formal,4,1,1,1,1,4,Low,5.1,1,0,0
56,Male,Rural,Mashonaland Central,Secondary,Informal,1,1,0,0,0,1,High,8.3,1,0,0
44,Male,Urban,Bulawayo,Secondary,Formal,4,1,1,1,1,4,Low,3.7,1,1,0
27,Female,Urban,Harare,Secondary,Formal,5,1,1,1,1,4,Low,0.8,1,1,0
26,Female,Urban,Bulawayo,Primary,Informal,3,1,0,0,0,1,High,11.5,1,1,0
64,Male,Urban,Harare,Tertiary,Informal,4,1,1,0,0,2,Medium,9.2,1,1,0
57,Male,Rural,Midlands,Primary,Informal,1,1,1,1,1,4,Low,59.2,1,0,1
36,Female,Rural,Masvingo,Tertiary,Unemployed,3,1,1,0,0,2,Medium,41.5,1,0,1
39,Male,Urban,Harare,Secondary,Informal,4,1,0,0,0,1,High,3.5,1,1,0
28,Female,Rural,Matabeleland North,Secondary,Informal,2,1,0,0,0,1,High,13.8,1,0,0
39,Male,Rural,Mashonaland Central,None,Unemployed,1,1,1,1,0,3,Low,13.4,1,1,1
28,Male,Rural,Mashonaland East,Secondary,Unemployed,1,1,1,0,0,2,Medium,4.8,0,0,1
36,Male,Urban,Harare,Secondary,Informal,5,1,1,0,0,2,Medium,3.1,0,1,0
63,Female,Urban,Mashonaland Central,Secondary,Formal,4,1,1,1,1,4,Low,0.5,1,1,0
36,Female,Urban,Matabeleland South,Tertiary,Informal,2,1,1,0,1,3,Low,1.4,1,1,0
23,Male,Rural,Midlands,Secondary,Informal,2,1,1,0,1,3,Low,3.8,1,0,0
18,Male,Rural,Mashonaland Central,Primary,Informal,1,1,1,0,0,2,Medium,11.0,0,1,1
39,Male,Urban,Harare,Tertiary,Informal,4,1,1,0,1,3,Low,2.5,1,0,1
27,Male,Urban,Mashonaland West,Primary,Unemployed,2,1,1,0,0,2,Medium,6.5,1,0,0
41,Female,Rural,Mashonaland East,Tertiary,Informal,3,1,0,0,1,2,Medium,14.8,1,1,1
18,Male,Rural,Masvingo,Secondary,Formal,4,0,1,1,0,2,Medium,51.6,0,0,1
47,Female,Urban,Midlands,Secondary,Formal,5,1,1,1,1,4,Low,0.7,1,1,0
23,Male,Rural,Mashonaland Central,Primary,Unemployed,1,1,0,0,0,1,High,11.8,1,0,1
38,Male,Urban,Harare,Secondary,Informal,3,1,1,0,1,3,Low,1.7,1,1,0
33,Male,Urban,Masvingo,Tertiary,Informal,3,1,1,0,1,3,Low,6.0,1,1,1
62,Male,Urban,Bulawayo,Secondary,Formal,5,1,1,1,1,4,Low,3.5,1,1,0
40,Male,Rural,Midlands,Primary,Unemployed,3,1,1,1,0,3,Low,1.0,1,0,1
65,Male,Rural,Masvingo,Secondary,Informal,2,0,1,1,1,3,Low,16.2,1,1,1
45,Male,Urban,Harare,Secondary,Formal,5,1,1,1,1,4,Low,1.2,1,1,0
57,Female,Urban,Mashonaland East,Primary,Unemployed,4,1,1,0,0,2,Medium,5.8,0,1,1
35,Male,Urban,Mashonaland Central,Secondary,Formal,5,1,1,1,1,4,Low,4.1,1,1,0
42,Male,Urban,Matabeleland South,None,Informal,2,1,0,0,1,2,Medium,0.4,1,0,1
55,Male,Urban,Bulawayo,Tertiary,Informal,4,1,1,1,0,3,Low,0.5,0,1,0
50,Female,Urban,Bulawayo,Secondary,Unemployed,3,1,1,1,0,3,Low,0.4,0,1,1
45,Female,Urban,Harare,Secondary,Formal,5,1,1,1,1,4,Low,0.4,1,0,0
33,Female,Urban,Harare,Secondary,Formal,5,1,0,1,1,3,Low,2.2,1,1,1
35,Female,Urban,Midlands,Secondary,Informal,3,1,1,1,1,4,Low,0.6,1,1,0
53,Female,Rural,Midlands,Secondary,Unemployed,2,1,0,0,0,1,High,5.7,0,0,1
56,Male,Urban,Bulawayo,Secondary,Unemployed,4,1,1,0,0,2,Medium,1.8,1,1,0
29,Female,Rural,Midlands,Secondary,Informal,1,0,0,0,1,1,High,31.4,1,1,1
27,Female,Rural,Mashonaland East,Secondary,Informal,3,1,0,0,1,2,Medium,1.3,1,0,1
25,Male,Rural,Midlands,Secondary,Informal,1,1,1,0,1,3,Low,7.5,1,0,0
49,Male,Urban,Bulawayo,Primary,Informal,4,1,1,0,1,3,Low,5.3,1,1,0
24,Male,Urban,Manicaland,Tertiary,Formal,5,1,1,1,1,4,Low,0.7,1,1,0
49,Male,Rural,Matabeleland North,Primary,Informal,1,1,1,1,0,3,Low,19.8,1,0,1
45,Female,Urban,Bulawayo,Tertiary,Formal,5,1,1,1,1,4,Low,1.7,1,0,0
30,Male,Urban,Mashonaland West,Secondary,Formal,5,1,1,1,1,4,Low,2.2,1,1,0
59,Female,Urban,Harare,Primary,Informal,4,0,1,0,1,2,Medium,1.2,1,0,1
18,Female,Urban,Mashonaland West,Secondary,Unemployed,2,1,1,0,0,2,Medium,0.1,1,0,0
61,Male,Urban,Harare,Tertiary,Formal,5,1,1,0,1,3,Low,1.2,1,0,0
42,Male,Rural,Mashonaland Central,Secondary,Unemployed,1,1,1,0,0,2,Medium,1.4,0,1,0
18,Female,Urban,Manicaland,Tertiary,Unemployed,3,1,1,0,0,2,Medium,0.1,1,1,1
60,Female,Urban,Mashonaland Central,Secondary,Informal,4,1,1,0,1,3,Low,0.7,1,1,0
51,Male,Rural,Midlands,Secondary,Informal,1,1,1,0,1,3,Low,27.7,1,0,0
32,Male,Urban,Harare,Secondary,Formal,4,1,1,1,0,3,Low,2.4,0,1,0
24,Female,Rural,Manicaland,Secondary,Formal,2,1,1,0,1,3,Low,7.3,1,1,0
18,Female,Urban,Bulawayo,Secondary,Informal,5,1,1,0,1,3,Low,6.5,1,1,0
71,Male,Urban,Masvingo,Tertiary,Informal,3,1,1,1,1,4,Low,0.8,1,1,0
25,Male,Rural,Midlands,Secondary,Informal,1,0,1,0,1,2,Medium,36.4,0,0,1
20,Female,Urban,Mashonaland West,Secondary,Unemployed,2,1,0,0,0,1,High,2.6,1,1,1
41,Male,Urban,Bulawayo,Secondary,Informal,4,0,1,1,0,2,Medium,0.6,1,1,1
18,Male,Rural,Midlands,Primary,Informal,1,0,0,1,1,2,Medium,22.0,1,0,1
24,Female,Rural,Mashonaland Central,Primary,Formal,2,1,1,0,0,2,Medium,41.9,1,0,0
51,Male,Rural,Midlands,Primary,Unemployed,1,1,1,0,0,2,Medium,19.3,1,0,0
44,Male,Urban,Bulawayo,Secondary,Unemployed,3,1,1,0,0,2,Medium,1.7,1,1,0
32,Female,Urban,Harare,Secondary,Informal,4,0,1,0,1,2,Medium,1.2,1,1,0
38,Female,Rural,Masvingo,Secondary,Unemployed,1,0,0,1,0,1,High,6.5,1,0,1
31,Female,Urban,Mashonaland East,Tertiary,Informal,5,1,1,0,0,2,Medium,2.0,1,1,0
37,Male,Urban,Harare,Secondary,Formal,4,1,1,1,1,4,Low,8.1,1,1,0
27,Female,Rural,Manicaland,Tertiary,Unemployed,1,1,0,0,0,1,High,9.6,0,0,1
29,Female,Urban,Manicaland,Tertiary,Informal,3,1,1,0,1,3,Low,2.8,1,1,0
29,Female,Urban,Matabeleland South,Primary,Informal,2,1,1,1,1,4,Low,1.4,1,1,0
27,Female,Urban,Bulawayo,Secondary,Informal,2,1,1,0,0,2,Medium,0.2,1,0,0
52,Female,Urban,Harare,Tertiary,Informal,4,1,1,0,0,2,Medium,4.6,1,1,0
48,Female,Rural,Matabeleland North,Primary,Formal,2,1,1,1,1,4,Low,25.5,1,1,0
24,Female,Rural,Manicaland,Primary,Informal,1,1,0,0,0,1,High,24.8,1,0,1
21,Male,Urban,Harare,Tertiary,Formal,5,1,1,1,1,4,Low,0.7,1,1,0
35,Female,Urban,Harare,Tertiary,Formal,4,1,1,0,1,3,Low,0.5,0,1,0
68,Female,Urban,Bulawayo,Tertiary,Formal,5,1,1,1,1,4,Low,0.1,1,1,0
23,Male,Urban,Harare,Tertiary,Formal,5,1,1,1,1,4,Low,0.1,1,1,0
35,Male,Urban,Harare,Secondary,Unemployed,4,1,1,0,0,2,Medium,2.7,1,1,1
39,Female,Rural,Mashonaland East,Secondary,Formal,2,1,1,1,1,4,Low,8.9,1,1,0
36,Male,Urban,Bulawayo,Tertiary,Formal,4,1,1,1,1,4,Low,2.3,1,1,0
31,Female,Urban,Harare,Secondary,Informal,5,1,1,0,1,3,Low,6.4,1,0,0
54,Female,Rural,Manicaland,None,Unemployed,1,0,1,1,0,2,Medium,6.8,0,0,1
44,Male,Urban,Bulawayo,Secondary,Informal,2,1,1,0,1,3,Low,1.6,0,1,0
49,Male,Rural,Matabeleland South,Secondary,Unemployed,3,1,1,0,0,2,Medium,26.8,0,0,0
46,Female,Urban,Mashonaland West,Secondary,Informal,3,1,1,0,1,3,Low,7.9,0,0,1
50,Male,Urban,Bulawayo,Tertiary,Informal,4,1,1,0,1,3,Low,1.8,1,1,0
60,Female,Rural,Matabeleland North,Primary,Informal,1,1,0,0,0,1,High,39.3,1,0,0
56,Male,Urban,Mashonaland West,Secondary,Formal,5,1,0,1,1,3,Low,4.7,1,1,0
70,Male,Urban,Bulawayo,None,Informal,3,1,1,1,1,4,Low,0.9,0,1,0
55,Female,Urban,Bulawayo,Tertiary,Informal,3,0,1,0,1,2,Medium,4.8,0,1,1
28,Male,Rural,Manicaland,Secondary,Informal,3,1,1,0,1,3,Low,22.8,1,1,1
49,Female,Rural,Mashonaland East,Secondary,Unemployed,1,1,1,0,0,2,Medium,5.9,0,0,1
47,Female,Urban,Harare,Secondary,Informal,3,0,1,1,1,3,Low,7.3,1,1,0
64,Male,Rural,Mashonaland West,None,Informal,3,0,1,0,1,2,Medium,1.1,1,0,1
24,Male,Rural,Midlands,None,Informal,1,1,1,0,1,3,Low,2.7,1,1,0
45,Female,Urban,Harare,Tertiary,Formal,5,1,1,1,1,4,Low,7.4,0,1,0
28,Female,Urban,Bulawayo,Secondary,Informal,4,1,1,0,0,2,Medium,3.9,0,0,0
45,Female,Urban,Midlands,Tertiary,Formal,5,1,1,1,1,4,Low,0.9,1,1,0
34,Female,Urban,Bulawayo,Secondary,Unemployed,3,1,1,0,0,2,Medium,0.3,1,0,0
44,Male,Urban,Harare,Secondary,Formal,4,1,1,1,1,4,Low,1.7,1,1,0
18,Male,Urban,Midlands,Secondary,Formal,5,1,1,1,1,4,Low,9.3,1,1,0
49,Female,Urban,Harare,Primary,Informal,3,1,1,1,1,4,Low,5.6,1,1,0
40,Female,Urban,Harare,Secondary,Formal,4,1,1,1,1,4,Low,0.9,1,0,0
40,Female,Rural,Mashonaland West,Primary,Informal,3,1,0,0,0,1,High,1.5,1,0,1
65,Male,Urban,Harare,Secondary,Formal,4,1,1,1,1,4,Low,2.8,1,1,0
32,Female,Rural,Matabeleland South,Secondary,Informal,1,1,0,0,1,2,Medium,10.4,1,0,1
42,Female,Rural,Mashonaland Central,Primary,Informal,1,1,1,0,1,3,Low,33.0,0,0,1
39,Male,Rural,Matabeleland South,Secondary,Informal,1,1,1,0,0,2,Medium,47.9,1,0,0
40,Female,Rural,Manicaland,Secondary,Informal,2,1,0,0,1,2,Medium,7.3,0,0,1
69,Female,Rural,Midlands,None,Informal,1,1,1,0,0,2,Medium,3.0,0,0,1
38,Male,Urban,Harare,Secondary,Informal,4,1,1,1,0,3,Low,2.0,1,1,0
30,Male,Rural,Midlands,None,Informal,2,1,0,0,0,1,High,38.0,1,1,0
64,Male,Urban,Harare,None,Formal,4,1,0,1,1,3,Low,2.4,1,0,0
33,Female,Rural,Midlands,None,Informal,1,0,0,0,1,1,High,18.5,0,0,1
18,Male,Urban,Mashonaland West,Secondary,Informal,3,1,1,1,1,4,Low,1.1,1,1,0
27,Male,Urban,Bulawayo,Primary,Unemployed,3,1,1,0,0,2,Medium,0.8,1,0,0
20,Male,Urban,Harare,Tertiary,Informal,2,1,1,0,1,3,Low,1.3,1,1,0
18,Male,Rural,Masvingo,Secondary,Informal,1,1,1,0,0,2,Medium,18.0,0,0,0
32,Male,Urban,Bulawayo,None,Formal,3,1,1,1,0,3,Low,0.4,1,1,0
37,Female,Urban,Bulawayo,Secondary,Informal,4,1,1,0,1,3,Low,0.6,1,1,0
54,Male,Urban,Bulawayo,None,Informal,4,1,1,0,0,2,Medium,2.1,1,1,0
46,Male,Urban,Midlands,Primary,Unemployed,1,1,1,0,0,2,Medium,5.3,1,1,0
46,Male,Rural,Midlands,Tertiary,Informal,3,1,0,0,1,2,Medium,28.0,0,0,1
25,Male,Rural,Masvingo,Secondary,Formal,3,1,1,1,1,4,Low,1.0,1,1,0
50,Male,Urban,Harare,None,Unemployed,1,1,1,0,0,2,Medium,3.6,1,1,0
57,Female,Urban,Harare,Tertiary,Informal,5,1,1,1,1,4,Low,5.3,1,1,0
43,Female,Urban,Manicaland,Tertiary,Formal,5,1,1,1,1,4,Low,8.7,1,1,0
43,Female,Urban,Midlands,Secondary,Informal,4,1,1,0,0,2,Medium,1.9,0,0,0
20,Male,Rural,Mashonaland West,Secondary,Informal,2,1,1,0,0,2,Medium,31.5,1,0,1
52,Female,Rural,Manicaland,Secondary,Informal,2,1,1,0,1,3,Low,15.6,0,0,1
62,Female,Urban,Harare,Tertiary,Unemployed,3,1,1,1,0,3,Low,6.8,1,1,0
42,Male,Rural,Mashonaland East,Secondary,Informal,2,1,1,1,0,3,Low,80.0,0,1,0
29,Male,Urban,Midlands,Tertiary,Formal,5,1,1,1,1,4,Low,3.5,1,1,0
35,Female,Rural,Matabeleland North,Secondary,Informal,4,1,1,0,1,3,Low,24.9,1,0,0
32,Male,Urban,Harare,Secondary,Unemployed,2,1,1,0,0,2,Medium,0.1,1,1,0
32,Male,Rural,Mashonaland East,None,Informal,1,1,0,0,0,1,High,1.3,0,0,1
47,Female,Urban,Harare,Secondary,Informal,3,1,1,0,0,2,Medium,0.5,1,0,0
41,Male,Rural,Matabeleland North,None,Unemployed,1,1,1,1,0,3,Low,7.6,1,1,0
52,Female,Urban,Bulawayo,Primary,Unemployed,5,1,1,0,0,2,Medium,0.2,1,1,0
43,Male,Urban,Harare,Secondary,Formal,5,1,1,1,1,4,Low,5.4,1,1,0
25,Male,Urban,Harare,Tertiary,Formal,5,1,1,1,1,4,Low,0.9,1,1,0
30,Male,Urban,Matabeleland North,Primary,Unemployed,3,1,1,0,0,2,Medium,0.3,1,0,0
30,Male,Urban,Mashonaland West,Secondary,Informal,4,1,1,0,1,3,Low,2.0,1,0,0
35,Female,Rural,Masvingo,Secondary,Formal,5,1,1,1,1,4,Low,9.2,1,1,0
63,Female,Rural,Mashonaland West,Secondary,Formal,2,1,1,0,1,3,Low,12.0,1,1,0
65,Female,Urban,Midlands,Tertiary,Informal,4,1,0,0,1,2,Medium,2.0,0,1,1
49,Female,Rural,Matabeleland North,Secondary,Unemployed,1,1,0,0,0,1,High,95.3,0,1,0
39,Male,Rural,Midlands,Secondary,Informal,3,0,1,1,1,3,Low,9.0,0,0,1
18,Male,Urban,Harare,Secondary,Formal,5,1,1,1,1,4,Low,0.9,1,1,0
41,Male,Urban,Harare,Secondary,Informal,3,1,1,0,1,3,Low,3.5,1,1,0
26,Female,Urban,Harare,Secondary,Formal,3,1,1,1,1,4,Low,5.2,1,1,0
60,Female,Urban,Masvingo,None,Unemployed,2,1,1,0,0,2,Medium,0.7,1,0,1
18,Male,Rural,Matabeleland North,Primary,Informal,2,0,0,0,0,0,High,1.0,1,1,1
43,Female,Rural,Mashonaland Central,Primary,Informal,1,1,0,0,1,2,Medium,121.1,0,0,1
25,Female,Rural,Midlands,Secondary,Informal,1,1,1,0,1,3,Low,82.6,1,1,0
37,Male,Urban,Matabeleland South,Secondary,Formal,4,1,1,1,1,4,Low,0.2,0,1,0
47,Female,Rural,Mashonaland Central,Secondary,Informal,2,1,0,0,0,1,High,13.5,1,0,0
52,Female,Rural,Matabeleland North,Secondary,Informal,1,0,0,0,0,0,High,21.0,1,1,1
37,Female,Urban,Bulawayo,Primary,Informal,4,1,1,0,1,3,Low,0.4,1,1,0
48,Male,Rural,Harare,Tertiary,Informal,2,1,1,0,0,2,Medium,61.2,0,0,0
28,Male,Urban,Bulawayo,Tertiary,Formal,4,1,1,1,1,4,Low,0.4,1,1,0
41,Male,Urban,Harare,Secondary,Formal,5,1,1,1,1,4,Low,9.6,1,1,0
52,Female,Urban,Matabeleland North,Secondary,Informal,4,1,1,1,1,4,Low,1.8,1,1,0
42,Female,Urban,Mashonaland West,Secondary,Informal,5,1,1,0,0,2,Medium,1.5,1,1,0
30,Female,Rural,Midlands,Tertiary,Formal,5,1,1,0,1,3,Low,6.0,1,1,0
34,Male,Urban,Mashonaland Central,Secondary,Informal,3,1,0,0,0,1,High,2.6,1,1,1
52,Male,Urban,Harare,Secondary,Formal,5,1,1,1,1,4,Low,3.1,1,1,0
22,Female,Urban,Harare,Tertiary,Formal,4,1,1,0,1,3,Low,0.5,1,1,0
24,Male,Urban,Manicaland,Secondary,Formal,5,1,1,1,1,4,Low,3.5,1,1,0
46,Female,Urban,Harare,Primary,Informal,4,1,1,0,1,3,Low,0.7,1,0,0
31,Female,Urban,Manicaland,Secondary,Formal,5,1,1,1,1,4,Low,2.6,1,1,0
18,Male,Rural,Mashonaland East,Secondary,Formal,5,1,1,1,1,4,Low,29.5,1,0,0
56,Male,Urban,Harare,Secondary,Informal,4,1,1,1,1,4,Low,0.2,1,1,0
22,Male,Rural,Masvingo,Secondary,Informal,2,0,1,0,1,2,Medium,5.6,1,0,0
35,Male,Urban,Bulawayo,Secondary,Formal,5,1,1,1,1,4,Low,2.3,1,1,0
29,Female,Rural,Masvingo,Secondary,Informal,2,1,0,1,1,3,Low,4.4,0,0,1
33,Male,Rural,Matabeleland North,Tertiary,Informal,2,0,0,0,0,0,High,31.6,1,1,1
25,Male,Urban,Harare,Secondary,Formal,5,1,1,1,1,4,Low,2.9,1,1,0
47,Male,Urban,Mashonaland Central,Secondary,Formal,5,1,1,1,1,4,Low,5.1,1,1,0
39,Male,Rural,Matabeleland North,Secondary,Informal,3,1,0,0,0,1,High,9.6,1,0,0
51,Female,Urban,Bulawayo,Primary,Unemployed,4,1,1,1,0,3,Low,5.0,1,1,0
29,Female,Rural,Mashonaland West,None,Unemployed,1,0,0,0,0,0,High,9.1,1,0,1
67,Female,Urban,Bulawayo,Tertiary,Formal,5,1,1,1,1,4,Low,4.4,1,1,0
18,Female,Urban,Harare,Tertiary,Unemployed,4,1,1,0,0,2,Medium,0.2,1,1,0
18,Male,Urban,Bulawayo,Secondary,Informal,4,1,1,0,1,3,Low,8.2,1,1,0
62,Female,Rural,Mashonaland Central,None,Informal,1,0,1,0,0,1,High,4.9,1,0,1
44,Male,Urban,Masvingo,Secondary,Unemployed,4,1,1,0,0,2,Medium,1.5,1,0,0
42,Female,Rural,Matabeleland South,None,Informal,2,1,0,0,1,2,Medium,13.7,0,0,1
44,Male,Rural,Masvingo,Primary,Informal,1,1,0,1,0,2,Medium,39.4,1,1,1
45,Male,Urban,Mashonaland West,Secondary,Informal,4,1,0,1,1,3,Low,2.8,1,0,1
42,Male,Urban,Bulawayo,Secondary,Unemployed,4,1,1,1,0,3,Low,0.7,1,1,0
24,Female,Urban,Harare,Secondary,Formal,5,1,1,1,1,4,Low,3.4,1,1,0
49,Male,Urban,Mashonaland Central,Tertiary,Formal,4,1,0,0,1,2,Medium,0.1,0,1,0
47,Female,Rural,Midlands,Tertiary,Informal,2,0,1,1,0,2,Medium,19.4,1,0,1
57,Male,Urban,Harare,Tertiary,Unemployed,4,1,1,0,0,2,Medium,0.1,1,0,0
62,Female,Urban,Harare,Secondary,Formal,4,1,1,1,1,4,Low,0.5,1,1,0
42,Female,Rural,Masvingo,Secondary,Informal,3,0,1,0,1,2,Medium,9.9,1,0,0
20,Male,Rural,Mashonaland West,Secondary,Informal,3,1,0,0,1,2,Medium,9.9,1,0,1
62,Male,Urban,Bulawayo,Secondary,Formal,5,1,1,0,1,3,Low,0.5,1,1,0
23,Male,Rural,Masvingo,Secondary,Informal,2,1,1,1,0,3,Low,13.0,1,0,0
42,Female,Urban,Mashonaland East,Secondary,Formal,5,1,1,1,1,4,Low,3.3,1,1,0
34,Female,Rural,Manicaland,Secondary,Unemployed,1,1,1,0,0,2,Medium,2.7,0,0,1
31,Male,Urban,Harare,Secondary,Informal,2,0,1,0,0,1,High,0.8,1,1,1
48,Male,Urban,Masvingo,Secondary,Informal,3,1,1,1,0,3,Low,0.4,1,1,0
41,Male,Urban,Harare,Tertiary,Unemployed,4,1,1,1,0,3,Low,13.1,1,1,0
45,Male,Rural,Mashonaland West,Primary,Informal,3,0,1,0,1,2,Medium,50.6,0,0,1
26,Female,Rural,Bulawayo,None,Informal,2,0,0,0,1,1,High,48.1,1,1,0
35,Male,Urban,Harare,Secondary,Informal,5,1,1,0,1,3,Low,5.5,1,1,1
27,Male,Rural,Mashonaland West,Secondary,Informal,1,1,1,0,1,3,Low,3.3,1,0,0
35,Female,Rural,Mashonaland West,None,Formal,3,1,1,1,0,3,Low,12.2,1,0,0
36,Female,Urban,Manicaland,Secondary,Informal,5,1,1,0,0,2,Medium,1.6,1,1,0
63,Female,Rural,Masvingo,Secondary,Informal,1,1,1,0,0,2,Medium,1.0,1,0,0
34,Male,Urban,Masvingo,Tertiary,Informal,3,1,1,0,0,2,Medium,2.5,1,1,1
18,Female,Rural,Midlands,Secondary,Informal,2,1,0,0,1,2,Medium,1.6,1,0,0
57,Female,Urban,Harare,Tertiary,Formal,5,1,1,1,1,4,Low,2.6,1,1,1
44,Female,Urban,Harare,Secondary,Unemployed,2,1,1,0,0,2,Medium,2.8,1,0,0
36,Male,Urban,Mashonaland West,Tertiary,Formal,5,1,1,1,1,4,Low,1.4,1,1,0
31,Female,Urban,Harare,Secondary,Unemployed,3,1,1,1,0,3,Low,1.2,1,0,0
24,Female,Rural,Mashonaland East,Secondary,Informal,1,1,0,1,1,3,Low,7.4,1,0,1
65,Female,Urban,Harare,Tertiary,Informal,4,1,0,0,0,1,High,0.8,1,1,0
38,Female,Urban,Bulawayo,Secondary,Formal,5,1,1,0,1,3,Low,3.8,0,1,0
18,Female,Urban,Harare,Primary,Unemployed,3,1,1,0,0,2,Medium,3.6,1,1,0
42,Female,Rural,Mashonaland Central,Secondary,Unemployed,3,1,1,0,0,2,Medium,16.4,1,0,0
54,Female,Rural,Mashonaland West,None,Informal,1,1,1,1,0,3,Low,5.5,1,1,0
40,Male,Urban,Mashonaland Central,Secondary,Informal,3,1,1,1,1,4,Low,3.6,0,1,0
25,Male,Urban,Harare,Secondary,Informal,5,0,1,0,0,1,High,0.8,1,1,0
24,Female,Urban,Manicaland,Primary,Formal,4,1,1,1,1,4,Low,6.7,1,1,0
25,Female,Rural,Mashonaland West,Secondary,Unemployed,1,1,0,0,0,1,High,3.8,0,0,1
59,Female,Rural,Mashonaland West,Secondary,Formal,5,1,1,0,1,3,Low,22.9,1,1,1
36,Female,Rural,Mashonaland East,Secondary,Informal,2,1,1,0,0,2,Medium,8.6,1,1,0
18,Female,Rural,Manicaland,Primary,Informal,2,1,0,0,0,1,High,29.9,1,0,1
43,Female,Urban,Harare,None,Informal,4,1,1,0,1,3,Low,0.2,0,1,0
39,Male,Rural,Midlands,Primary,Informal,1,1,1,0,0,2,Medium,56.0,1,0,0
31,Female,Urban,Harare,Secondary,Informal,3,1,1,0,1,3,Low,0.8,1,1,0
23,Male,Urban,Matabeleland South,Secondary,Formal,4,1,1,1,1,4,Low,20.0,1,1,0
23,Female,Urban,Harare,Secondary,Formal,5,0,1,1,1,3,Low,2.6,1,0,0
53,Female,Urban,Harare,Primary,Formal,4,1,1,1,1,4,Low,7.6,1,1,0
41,Male,Rural,Masvingo,Tertiary,Unemployed,1,1,0,0,0,1,High,35.6,1,1,0
44,Male,Urban,Mashonaland West,Primary,Formal,5,1,1,0,0,2,Medium,0.6,1,1,0
41,Male,Rural,Manicaland,Primary,Unemployed,1,1,1,0,0,2,Medium,17.8,0,0,1
42,Female,Rural,Manicaland,Secondary,Informal,1,0,0,0,0,0,High,42.0,1,1,1
31,Male,Rural,Masvingo,Secondary,Unemployed,1,1,1,0,0,2,Medium,30.4,1,1,1
35,Male,Rural,Mashonaland East,Primary,Informal,2,0,1,0,0,1,High,9.2,1,0,0
54,Female,Urban,Bulawayo,Tertiary,Informal,2,0,1,1,0,2,Medium,2.4,1,1,1
57,Male,Urban,Mashonaland West,Secondary,Informal,4,1,1,0,1,3,Low,9.6,1,1,0
20,Female,Urban,Harare,None,Informal,4,1,0,0,0,1,High,2.7,1,1,0
35,Female,Urban,Mashonaland West,None,Informal,3,1,1,0,1,3,Low,1.5,1,1,0
49,Male,Rural,Manicaland,Tertiary,Formal,4,1,1,1,1,4,Low,25.7,1,1,0
64,Male,Urban,Masvingo,Secondary,Unemployed,3,1,1,1,0,3,Low,4.6,1,1,0
62,Female,Urban,Midlands,Tertiary,Informal,3,1,1,0,1,3,Low,2.0,1,1,0
26,Female,Urban,Bulawayo,Primary,Formal,5,1,1,1,1,4,Low,5.2,1,1,0
55,Male,Urban,Midlands,Primary,Informal,3,1,1,0,1,3,Low,7.8,1,0,0
38,Female,Rural,Matabeleland South,Secondary,Informal,1,1,0,1,1,3,Low,25.9,0,0,1
52,Female,Urban,Harare,Tertiary,Unemployed,4,1,1,0,0,2,Medium,0.1,0,0,0
49,Male,Rural,Harare,None,Unemployed,1,1,0,0,0,1,High,8.6,1,0,1
20,Female,Rural,Bulawayo,Primary,Informal,1,0,0,0,0,0,High,38.5,0,1,1
45,Female,Rural,Mashonaland West,Secondary,Informal,1,1,0,0,1,2,Medium,17.4,0,1,1
52,Male,Urban,Bulawayo,Secondary,Formal,5,1,1,1,1,4,Low,6.4,1,1,0
37,Female,Rural,Mashonaland West,Secondary,Informal,3,1,1,0,1,3,Low,19.8,1,1,1
34,Male,Urban,Bulawayo,Secondary,Informal,4,1,1,0,1,3,Low,0.7,1,1,0
18,Male,Urban,Harare,Tertiary,Formal,5,1,1,1,1,4,Low,3.1,1,1,0
47,Male,Rural,Manicaland,Primary,Informal,1,1,0,0,1,2,Medium,18.7,1,0,1
40,Female,Rural,Mashonaland Central,Primary,Formal,3,1,1,0,0,2,Medium,3.2,1,0,0
25,Female,Urban,Midlands,Secondary,Formal,5,1,1,1,1,4,Low,2.4,1,1,0
33,Female,Rural,Mashonaland East,Primary,Informal,1,1,1,0,0,2,Medium,42.4,1,1,0
40,Male,Urban,Harare,Secondary,Formal,5,1,0,0,1,2,Medium,3.1,1,1,1
30,Female,Rural,Mashonaland Central,Primary,Informal,1,1,0,0,1,2,Medium,35.2,0,1,1
38,Female,Rural,Midlands,Secondary,Unemployed,2,1,1,0,0,2,Medium,3.9,1,1,0
18,Male,Urban,Harare,Secondary,Formal,5,1,1,1,1,4,Low,3.0,1,1,0
56,Male,Rural,Matabeleland North,None,Unemployed,1,1,1,0,0,2,Medium,24.0,0,0,1
38,Female,Rural,Manicaland,Secondary,Informal,4,1,0,0,0,1,High,3.7,1,0,0
22,Male,Rural,Manicaland,Secondary,Informal,1,1,0,0,1,2,Medium,1.6,1,1,0
18,Female,Rural,Matabeleland North,Primary,Informal,2,1,0,1,0,2,Medium,9.1,0,1,1
52,Female,Rural,Masvingo,None,Informal,1,1,1,0,1,3,Low,3.3,0,0,0
45,Male,Urban,Bulawayo,Secondary,Informal,3,1,0,0,1,2,Medium,2.0,1,1,0
40,Female,Rural,Mashonaland Central,Secondary,Informal,4,0,1,0,1,2,Medium,20.4,1,0,0
50,Female,Urban,Midlands,Secondary,Formal,5,1,1,1,1,4,Low,0.1,1,1,0
50,Male,Rural,Masvingo,Secondary,Formal,4,0,1,1,1,3,Low,57.8,0,1,0
40,Female,Urban,Midlands,Secondary,Formal,5,1,1,1,1,4,Low,3.7,1,1,0
34,Male,Urban,Harare,Tertiary,Informal,4,1,1,1,1,4,Low,1.6,1,0,0
32,Female,Rural,Mashonaland West,Primary,Formal,3,0,1,1,1,3,Low,14.9,1,0,1
43,Male,Urban,Harare,Secondary,Informal,3,1,1,1,0,3,Low,1.7,1,1,0
57,Male,Urban,Mashonaland Central,Secondary,Informal,4,1,1,1,1,4,Low,0.1,1,1,0
36,Male,Rural,Matabeleland South,None,Informal,1,1,0,0,0,1,High,59.1,1,1,0
58,Male,Urban,Bulawayo,Secondary,Formal,5,1,1,1,1,4,Low,1.1,1,1,0
43,Male,Urban,Harare,Secondary,Informal,4,0,1,0,0,1,High,3.0,1,0,0
43,Male,Urban,Harare,Tertiary,Informal,4,1,1,0,0,2,Medium,3.9,0,1,0
71,Female,Urban,Harare,Tertiary,Informal,5,1,1,1,0,3,Low,1.9,1,1,0
61,Male,Urban,Mashonaland West,Secondary,Informal,3,1,0,0,1,2,Medium,3.9,0,1,1
61,Male,Urban,Harare,Secondary,Formal,5,1,1,0,1,3,Low,10.4,1,1,0
26,Male,Urban,Harare,Secondary,Formal,5,1,1,0,1,3,Low,1.4,1,1,0
68,Female,Urban,Harare,Tertiary,Informal,5,1,1,1,0,3,Low,0.6,1,1,0
36,Male,Urban,Harare,Secondary,Informal,5,1,1,0,1,3,Low,0.1,1,1,0
34,Female,Rural,Midlands,Secondary,Informal,1,1,1,0,0,2,Medium,14.4,0,0,0
18,Female,Rural,Mashonaland East,None,Informal,1,1,0,0,1,2,Medium,35.1,0,1,1
42,Male,Urban,Matabeleland South,Secondary,Unemployed,3,1,1,0,0,2,Medium,3.0,1,1,1
22,Female,Urban,Bulawayo,Secondary,Unemployed,3,1,1,1,0,3,Low,0.4,0,1,1
43,Male,Rural,Masvingo,Secondary,Informal,2,1,1,0,1,3,Low,48.3,1,0,0
21,Female,Rural,Mashonaland West,Secondary,Informal,1,1,0,0,1,2,Medium,53.2,1,0,1
63,Male,Urban,Bulawayo,Tertiary,Unemployed,2,1,1,0,0,2,Medium,1.5,0,1,1
45,Female,Urban,Bulawayo,Secondary,Informal,4,0,1,0,1,2,Medium,0.7,1,1,0
69,Female,Urban,Harare,Secondary,Unemployed,4,1,1,0,0,2,Medium,1.0,1,1,0
23,Male,Rural,Midlands,Secondary,Informal,1,1,1,0,1,3,Low,10.5,1,0,0
59,Male,Rural,Mashonaland East,Primary,Unemployed,1,1,0,0,0,1,High,2.6,1,0,0
18,Male,Rural,Mashonaland East,Secondary,Informal,1,0,0,0,1,1,High,9.6,1,1,0
40,Male,Urban,Harare,Secondary,Informal,2,1,1,0,0,2,Medium,6.6,0,1,0
29,Female,Urban,Bulawayo,Secondary,Informal,3,1,1,0,0,2,Medium,2.0,1,1,0
31,Female,Urban,Harare,Secondary,Formal,5,1,1,1,1,4,Low,18.0,1,1,0
30,Female,Urban,Harare,Secondary,Formal,5,1,1,1,1,4,Low,9.8,1,1,0
25,Female,Urban,Harare,Secondary,Formal,4,1,1,1,1,4,Low,0.7,0,1,1
20,Female,Rural,Mashonaland West,Primary,Formal,3,1,1,1,1,4,Low,18.3,1,1,0
31,Female,Urban,Harare,Secondary,Unemployed,4,1,1,0,0,2,Medium,0.6,1,0,0
39,Male,Rural,Midlands,Primary,Unemployed,1,1,0,0,0,1,High,4.8,1,1,1
54,Male,Urban,Harare,Tertiary,Unemployed,4,1,0,0,0,1,High,7.1,1,1,0
42,Male,Urban,Midlands,Tertiary,Unemployed,3,1,1,0,0,2,Medium,2.2,1,1,0
54,Male,Rural,Matabeleland North,Tertiary,Unemployed,3,1,1,0,0,2,Medium,4.0,1,0,0
18,Male,Rural,Matabeleland South,Secondary,Unemployed,1,1,0,0,0,1,High,7.8,1,1,1
31,Male,Urban,Matabeleland South,Primary,Formal,5,1,0,0,1,2,Medium,1.1,0,1,0
47,Male,Rural,Mashonaland Central,None,Informal,3,1,0,0,1,2,Medium,9.9,0,0,1
42,Male,Urban,Bulawayo,Secondary,Unemployed,3,1,1,0,0,2,Medium,9.3,0,1,0
25,Male,Urban,Harare,Secondary,Informal,4,1,1,0,0,2,Medium,0.7,1,1,0
51,Male,Urban,Harare,Tertiary,Informal,4,1,0,0,1,2,Medium,2.8,0,1,0
30,Male,Urban,Harare,Secondary,Informal,3,1,1,0,1,3,Low,0.9,1,0,0
27,Male,Rural,Matabeleland North,Tertiary,Informal,2,1,0,0,1,2,Medium,18.6,0,1,0
